ticker,reason,last_session,ytd_high,ytd_high_date,off_ytd_high,below20,days20,below50,days50,below100,days100,below200,days200
A,distance +26.76% outside band,2026-10-01,177.0500030517578,2026-09-29,-0.04992937693034882,False,0,False,0,False,0.0,False,0.0
AA,distance -27.71% outside band,2026-10-01,84.37999725341797,2026-06-02,-0.5029627874868161,True,16,True,16,True,76.0,True,70.0
AAL,distance -5.44% outside band,2026-10-01,18.790000915527344,2026-07-02,-0.3025546086372538,True,1,True,38,True,32.0,True,26.0
AAON,distance -16.36% outside band,2026-10-01,150.4600067138672,2026-06-03,-0.45645023546868135,False,0,True,2,True,53.0,True,47.0
AAPL,distance +13.85% outside band,2026-10-01,345.3399963378906,2026-09-22,-0.047750015663522216,True,1,False,0,False,0.0,False,0.0
ABBV,distance +12.51% outside band,2026-10-01,269.3900146484375,2026-09-23,-0.033780042350090134,True,1,False,0,False,0.0,False,0.0
ABNB,distance +12.15% outside band,2026-10-01,193.4530029296875,2026-08-24,-0.16904882547402866,True,19,True,11,False,0.0,False,0.0
ABT,distance -6.76% outside band,2026-10-01,129.4600067138672,2026-01-06,-0.2497297063478846,True,23,True,16,True,1.0,True,18.0
ACGL,distance -2.55% outside band,2026-10-01,107.08999633789062,2026-07-28,-0.1229843621985538,True,19,True,25,True,9.0,True,9.0
ACI,distance -23.64% outside band,2026-10-01,18.829999923706055,2026-02-17,-0.3751991295278132,True,10,True,12,True,93.0,True,117.0
ACM,distance -24.87% outside band,2026-10-01,109.0,2026-02-10,-0.44788990545710294,True,17,True,23,True,217.0,True,117.0
ACN,distance +9.70% outside band,2026-10-01,291.0899963378906,2026-01-14,-0.26016007654084206,False,0,False,0,False,0.0,False,0.0
ADBE,distance -7.03% outside band,2026-10-01,351.1199951171875,2026-01-02,-0.31040667506844555,True,19,True,12,True,8.0,True,19.0
ADC,distance -12.96% outside band,2026-10-01,82.08000183105469,2026-03-03,-0.20352097293368243,True,45,True,42,True,42.0,True,38.0
ADI,distance +12.64% outside band,2026-10-01,445.9100036621094,2026-06-22,-0.09356148298551448,False,0,False,0,False,0.0,False,0.0
ADM,distance +6.77% outside band,2026-10-01,88.75,2026-09-10,-0.1060574383802817,True,9,True,8,True,4.0,False,0.0
ADP,distance +11.23% outside band,2026-10-01,288.0,2026-09-01,-0.08072916666666663,True,19,True,7,False,0.0,False,0.0
ADSK,distance -10.89% outside band,2026-10-01,296.79998779296875,2026-01-07,-0.28126679212325645,True,22,True,19,True,13.0,True,22.0
AEE,distance -7.86% outside band,2026-10-01,118.31999969482422,2026-06-26,-0.16015886576334348,True,48,True,46,True,46.0,True,29.0
AEIS,distance -3.71% outside band,2026-10-01,397.44000244140625,2026-04-21,-0.2615740509673652,False,0,False,0,True,32.0,True,31.0
AEP,distance -5.86% outside band,2026-10-01,140.5800018310547,2026-07-07,-0.14938113335093883,True,16,True,46,True,46.0,True,40.0
AES,growth -12.5% below threshold,2026-10-01,17.649999618530273,2026-02-27,-0.15410761315251453,False,0,False,0,False,0.0,False,0.0
AFL,distance -3.23% outside band,2026-10-01,130.22000122070312,2026-07-29,-0.14513900590314288,True,10,True,31,True,27.0,True,6.0
AGCO,distance -4.12% outside band,2026-10-01,143.77999877929688,2026-02-12,-0.22391848635528044,True,6,True,1,True,2.0,True,3.0
AGNC,distance -16.40% outside band,2026-10-01,12.1899995803833,2026-01-28,-0.26456107783508254,True,23,True,23,True,22.0,True,23.0
AHR,only 1 analysts,2026-10-01,58.70000076293945,2026-07-28,-0.13764909243674217,True,19,True,19,True,10.0,True,1.0
AIG,distance -2.47% outside band,2026-10-01,85.69000244140625,2026-01-05,-0.12177622698894897,False,0,True,37,True,25.0,True,37.0
AIT,distance +12.09% outside band,2026-10-01,374.79998779296875,2026-08-13,-0.09397012371344549,False,0,False,0,False,0.0,False,0.0
AIZ,distance +6.84% outside band,2026-10-01,303.94000244140625,2026-08-06,-0.1202539563709284,True,12,True,9,True,7.0,False,0.0
AJG,growth -60.6% below threshold,2026-10-01,272.7900085449219,2026-08-25,-0.1483925720089636,True,18,True,18,True,8.0,True,8.0
AKAM,distance -4.04% outside band,2026-10-01,165.4499969482422,2026-05-13,-0.35291629172960703,True,3,True,4,True,32.0,True,4.0
ALB,distance -32.24% outside band,2026-10-01,221.0,2026-05-07,-0.5232353037838482,True,20,True,17,True,88.0,True,69.0
ALGM,distance -10.15% outside band,2026-10-01,71.7699966430664,2026-06-30,-0.49665596085143493,False,0,True,56,True,47.0,True,31.0
ALGN,distance -14.62% outside band,2026-10-01,200.44000244140625,2026-04-21,-0.27412196495198404,True,33,True,33,True,33.0,True,32.0
ALK,distance -13.31% outside band,2026-10-01,60.630001068115234,2026-02-09,-0.3495794049386959,True,4,True,36,True,33.0,True,33.0
ALL,expected growth -48.2% below threshold,2026-10-01,277.2200012207031,2026-07-29,-0.18912779634839272,True,13,True,13,True,8.0,False,0.0
ALLE,distance +2.64% outside band,2026-10-01,183.11000061035156,2026-02-12,-0.15733710590662886,False,0,True,12,False,0.0,False,0.0
ALLY,distance -12.27% outside band,2026-10-01,47.290000915527344,2026-06-29,-0.2079720637358542,True,18,True,33,True,31.0,True,18.0
ALV,distance -5.07% outside band,2026-10-01,132.1699981689453,2026-06-02,-0.1449269807419694,True,18,True,18,True,15.0,True,14.0
AM,distance -4.67% outside band,2026-10-01,23.834999084472656,2026-03-26,-0.14998946897043341,True,16,True,16,True,14.0,True,5.0
AMAT,distance +24.12% outside band,2026-10-01,739.6699829101562,2026-06-30,-0.28473507133943565,False,0,False,0,False,0.0,False,0.0
AMD,distance +64.96% outside band,2026-10-01,639.0,2026-09-25,-0.03815337227357196,False,0,False,0,False,0.0,False,0.0
AME,distance +8.49% outside band,2026-10-01,261.1600036621094,2026-08-13,-0.044455507916796755,False,0,False,0,False,0.0,False,0.0
AMG,distance +15.24% outside band,2026-10-01,392.9200134277344,2026-08-04,-0.05272072215094392,False,0,False,0,False,0.0,False,0.0
AMGN,distance +12.53% outside band,2026-10-01,447.0299987792969,2026-08-25,-0.0832830259445495,False,0,False,0,False,0.0,False,0.0
AMH,distance -3.67% outside band,2026-10-01,35.06999969482422,2026-08-06,-0.130025648862933,True,26,True,25,True,20.0,True,16.0
AMKR,distance -7.43% outside band,2026-10-01,96.68000030517578,2026-06-16,-0.45221349899357177,False,0,False,0,True,49.0,True,32.0
AMP,expected growth -1.5% below threshold,2026-10-01,572.5599975585938,2026-08-14,-0.1331736565118007,True,12,True,12,True,7.0,False,0.0
AMT,distance -8.62% outside band,2026-10-01,196.0800018310547,2026-06-05,-0.17518362802297438,True,11,True,7,True,11.0,True,12.0
AMZN,distance +3.05% outside band,2026-10-01,287.20001220703125,2026-08-03,-0.13447078250169753,True,8,True,8,True,8.0,False,0.0
AN,distance -16.15% outside band,2026-10-01,235.80999755859375,2026-07-29,-0.2929052745029068,True,12,True,13,True,12.0,True,12.0
ANET,distance +29.63% outside band,2026-10-01,214.88999938964844,2026-08-05,-0.04374328225223678,False,0,False,0,False,0.0,False,0.0
ANF,distance +34.64% outside band,2026-10-01,155.22000122070312,2026-09-09,-0.12108618748315314,True,10,False,0,False,0.0,False,0.0
AON,distance -16.66% outside band,2026-10-01,382.3399963378906,2026-07-28,-0.27582777754142807,True,23,True,23,True,23.0,True,23.0
AOS,distance -11.80% outside band,2026-10-01,81.87000274658203,2026-02-12,-0.30597291085108236,True,3,True,24,True,18.0,True,117.0
APA,distance +22.97% outside band,2026-10-01,47.439998626708984,2026-09-15,-0.08642492817891378,True,9,False,0,False,0.0,False,0.0
APD,distance -4.60% outside band,2026-10-01,314.8699951171875,2026-07-06,-0.13491276122686735,True,20,True,18,True,17.0,True,6.0
APG,distance -4.24% outside band,2026-10-01,49.9900016784668,2026-04-30,-0.1979395904286586,False,0,False,0,True,31.0,True,29.0
APH,distance +16.37% outside band,2026-10-01,89.26000213623047,2026-06-30,-0.0348420405099813,False,0,False,0,False,0.0,False,0.0
APO,distance -9.52% outside band,2026-10-01,153.2899932861328,2026-01-06,-0.2515819459919074,True,22,True,13,True,14.0,True,8.0
APP,distance -38.36% outside band,2026-10-01,683.5,2026-01-02,-0.5867417620845145,True,7,True,59,True,58.0,True,62.0
APPF,distance +10.98% outside band,2026-10-01,239.86000061035156,2026-01-07,-0.14008173942306557,True,11,False,0,False,0.0,False,0.0
APTV,distance -30.40% outside band,2026-10-01,88.93000030517578,2026-01-13,-0.5030923369496818,True,6,True,68,True,80.0,True,83.0
AR,distance -6.39% outside band,2026-10-01,45.75,2026-03-30,-0.2568524470094775,True,12,True,12,True,12.0,True,12.0
ARE,distance -7.31% outside band,2026-10-01,59.7599983215332,2026-01-23,-0.21987951403462014,True,7,True,6,True,5.0,True,5.0
ARES,distance -10.36% outside band,2026-10-01,177.72500610351562,2026-01-09,-0.343648909721031,True,22,True,16,True,12.0,True,16.0
ARMK,distance +12.61% outside band,2026-10-01,62.650001525878906,2026-08-14,-0.1318436063057158,True,12,True,12,True,6.0,False,0.0
ARW,distance +29.21% outside band,2026-10-01,237.3300018310547,2026-06-22,-0.0224370998489809,False,0,False,0,False,0.0,False,0.0
ARWR,distance -10.56% outside band,2026-10-01,95.48999786376953,2026-07-22,-0.3208712962101108,True,24,True,17,True,13.0,True,13.0
ASB,growth 3.4% below threshold,2026-10-01,32.459999084472656,2026-08-14,-0.11737521791135563,True,31,True,18,True,10.0,False,0.0
ASH,distance +9.91% outside band,2026-10-01,78.25,2026-08-07,-0.12153357362594852,True,20,True,16,False,0.0,False,0.0
ATI,distance +14.53% outside band,2026-10-01,243.57000732421875,2026-08-12,-0.21646756381352317,True,26,True,16,True,9.0,False,0.0
ATO,distance -10.48% outside band,2026-10-01,192.50999450683594,2026-04-09,-0.18827591372613361,True,19,True,44,True,96.0,True,45.0
ATR,distance -4.31% outside band,2026-10-01,146.91000366210938,2026-02-24,-0.1740514592287784,True,25,True,22,True,7.0,True,18.0
AVAV,distance -30.18% outside band,2026-10-01,408.25,2026-01-16,-0.6550275401987331,True,4,True,8,True,31.0,True,117.0
AVGO,distance -5.77% outside band,2026-10-01,495.0,2026-06-03,-0.3005454323508523,True,7,True,32,True,33.0,True,21.0
AVNT,distance +7.51% outside band,2026-10-01,46.63999938964844,2026-08-11,-0.13325472199657196,True,23,True,7,False,0.0,False,0.0
AVT,distance +34.13% outside band,2026-10-01,104.58000183105469,2026-09-25,-0.022805527772731926,False,0,False,0,False,0.0,False,0.0
AVTR,distance +41.24% outside band,2026-10-01,16.049999237060547,2026-09-17,-0.0570092867086196,True,2,False,0,False,0.0,False,0.0
AVY,expected growth -12.7% below threshold,2026-10-01,199.5399932861328,2026-02-24,-0.135611899714714,False,0,True,6,False,0.0,True,18.0
AWK,distance -2.97% outside band,2026-10-01,142.3699951171875,2026-09-10,-0.10058293570666088,True,13,True,10,True,6.0,True,6.0
AXON,distance -14.86% outside band,2026-10-01,665.0700073242188,2026-07-07,-0.3629016619729607,True,24,True,22,True,17.0,True,17.0
AXP,distance -9.50% outside band,2026-10-01,386.260009765625,2026-01-06,-0.22065450430150413,True,30,True,33,True,23.0,True,30.0
AXTA,growth -1.1% below threshold,2026-10-01,38.61000061035156,2026-08-07,-0.17495469985318213,True,23,True,17,True,11.0,True,1.0
AYI,distance -3.90% outside band,2026-10-01,380.1700134277344,2026-01-05,-0.20522402287281039,True,4,True,24,True,16.0,True,4.0
AZO,distance -14.98% outside band,2026-10-01,3887.030029296875,2026-02-13,-0.27814807545249987,True,3,True,30,True,101.0,True,117.0
BA,distance -13.35% outside band,2026-10-01,254.35000610351562,2026-01-27,-0.24780812764614157,True,32,True,30,True,30.0,True,30.0
BAC,distance -2.89% outside band,2026-10-01,65.2300033569336,2026-08-17,-0.17660591261086334,True,14,True,14,True,10.0,True,3.0
BAH,distance -8.47% outside band,2026-10-01,109.0999984741211,2026-01-23,-0.34628780300357587,True,7,True,6,True,4.0,True,10.0
BALL,distance -6.06% outside band,2026-10-01,68.29000091552734,2026-02-11,-0.1741836330105988,True,19,True,19,True,10.0,True,7.0
BAX,distance +14.00% outside band,2026-10-01,30.0,2026-07-30,-0.20916665395100908,True,1,True,17,False,0.0,False,0.0
BBWI,distance -17.44% outside band,2026-10-01,24.940000534057617,2026-02-17,-0.34061750831291193,True,18,True,38,True,29.0,True,40.0
BBY,distance +19.97% outside band,2026-10-01,96.52999877929688,2026-09-23,-0.0942711964073163,True,4,True,1,False,0.0,False,0.0
BC,distance -18.45% outside band,2026-10-01,90.25,2026-02-18,-0.288476494871018,True,27,True,27,True,26.0,True,25.0
BCO,distance -10.12% outside band,2026-10-01,136.3699951171875,2026-02-26,-0.26178777023174293,True,14,True,23,True,11.0,True,29.0
BDC,distance -9.02% outside band,2026-10-01,159.99000549316406,2026-02-12,-0.32186387260785654,True,14,True,14,True,14.0,True,14.0
BDX,distance +9.97% outside band,2026-10-01,193.07000732421875,2026-08-24,-0.07494691392642838,True,3,True,2,False,0.0,False,0.0
BE,distance +33.70% outside band,2026-10-01,351.2799987792969,2026-06-25,-0.2143447212747257,False,0,False,0,False,0.0,False,0.0
BEN,distance +10.09% outside band,2026-10-01,36.279998779296875,2026-08-05,-0.10529216712664546,True,17,True,16,True,4.0,False,0.0
BF-B,distance -3.52% outside band,2026-10-01,31.239999771118164,2026-04-09,-0.1672535345630929,True,27,True,19,True,19.0,True,19.0
BG,distance -8.07% outside band,2026-10-01,134.8699951171875,2026-06-03,-0.20879363129098394,True,10,True,10,True,10.0,True,9.0
BHF,distance -17.78% outside band,2026-10-01,66.80000305175781,2026-07-13,-0.25044914060813583,True,2,True,46,True,41.0,True,41.0
BIIB,distance +15.31% outside band,2026-10-01,230.49000549316406,2026-09-28,-0.024578109288517003,False,0,False,0,False,0.0,False,0.0
BILL,distance +2.16% outside band,2026-10-01,56.435001373291016,2026-01-07,-0.21555773224955876,True,11,True,9,False,0.0,False,0.0
BIO,distance +16.86% outside band,2026-10-01,396.2300109863281,2026-08-27,-0.09327920891366193,True,2,True,1,False,0.0,False,0.0
BJ,expected growth -9.1% below threshold,2026-10-01,105.77999877929688,2026-02-17,-0.10701455686762362,False,0,False,0,False,0.0,False,0.0
BKH,distance -3.43% outside band,2026-10-01,78.69000244140625,2026-04-15,-0.10865424814447389,True,17,True,17,True,17.0,True,16.0
BKNG,distance -12.08% outside band,2026-10-01,220.75360107421875,2026-01-09,-0.271404880576262,True,25,True,19,True,18.0,True,18.0
BKR,distance -5.87% outside band,2026-10-01,70.41000366210938,2026-04-27,-0.20707287420439102,True,16,True,16,True,16.0,True,14.0
BLK,growth -13.5% below threshold,2026-10-01,1187.1700439453125,2026-08-27,-0.10332980062202723,True,22,True,17,True,4.0,False,0.0
BMRN,growth -57.6% below threshold,2026-10-01,70.9800033569336,2026-08-12,-0.17349960353591998,True,13,True,8,True,4.0,False,0.0
BMY,distance +3.43% outside band,2026-10-01,68.63999938964844,2026-08-19,-0.10547782529353278,True,18,True,12,False,0.0,False,0.0
BNY,distance +5.02% outside band,2026-10-01,165.83999633789062,2026-09-04,-0.13482875726066823,True,14,True,14,True,8.0,False,0.0
BR,distance -5.59% outside band,2026-10-01,224.50999450683594,2026-01-12,-0.27887400179168953,True,19,True,11,False,0.0,True,19.0
BRK-B,only 2 analysts,2026-10-01,537.739990234375,2026-08-10,-0.06995945215231392,True,9,True,6,False,0.0,False,0.0
BRKR,distance +26.45% outside band,2026-10-01,66.9800033569336,2026-09-30,-0.07091674494826006,False,0,False,0,False,0.0,False,0.0
BRO,distance -8.84% outside band,2026-10-01,81.25,2026-01-08,-0.23655386117788457,True,19,True,18,True,9.0,True,18.0
BROS,distance -30.63% outside band,2026-10-01,74.02400207519531,2026-07-02,-0.4781422243440179,True,40,True,40,True,40.0,True,40.0
BRX,distance -5.99% outside band,2026-10-01,32.86000061035156,2026-07-22,-0.159464384473184,True,46,True,42,True,40.0,True,19.0
BSX,distance -30.34% outside band,2026-10-01,100.9000015258789,2026-01-08,-0.5721011042206279,True,26,True,18,True,30.0,True,117.0
BSY,distance -5.03% outside band,2026-10-01,40.65999984741211,2026-01-12,-0.19195770620920316,False,0,True,19,True,18.0,True,19.0
BTSG,distance +9.02% outside band,2026-10-01,73.75,2026-07-27,-0.2288813704151218,True,13,True,44,True,16.0,False,0.0
BURL,distance -11.37% outside band,2026-10-01,378.3299865722656,2026-07-29,-0.27172043306520377,False,0,True,33,True,29.0,True,25.0
BWA,expected growth -6.2% below threshold,2026-10-01,78.81999969482422,2026-06-03,-0.23217456620038823,True,14,True,14,True,14.0,False,0.0
BWXT,distance -28.20% outside band,2026-10-01,241.82000732421875,2026-04-16,-0.43613021421870235,True,17,True,70,True,70.0,True,67.0
BX,distance -12.78% outside band,2026-10-01,165.13999938964844,2026-01-16,-0.320848981507704,True,22,True,17,True,13.0,True,17.0
BXP,distance -3.86% outside band,2026-10-01,74.94000244140625,2026-07-29,-0.19282092730431322,True,23,True,23,True,17.0,True,4.0
BYD,distance -21.10% outside band,2026-10-01,91.41000366210938,2026-07-28,-0.27929116492611983,True,45,True,44,True,41.0,True,40.0
C,growth 0.4% below threshold,2026-10-01,147.9600067138672,2026-06-18,-0.14230202067567888,True,8,True,4,True,4.0,False,0.0
CACI,distance +11.82% outside band,2026-10-01,683.5,2026-01-23,-0.08035110886635877,False,0,False,0,False,0.0,False,0.0
CAH,distance +5.69% outside band,2026-10-01,258.29998779296875,2026-08-11,-0.10840103005987489,True,16,True,13,False,0.0,False,0.0
CAR,distance -30.05% outside band,2026-10-01,847.7000122070312,2026-04-22,-0.8711572494421191,True,22,True,110,True,70.0,True,46.0
CARR,distance -10.54% outside band,2026-10-01,76.76000213623047,2026-06-25,-0.2819176993499808,True,47,True,47,True,40.0,True,31.0
CART,distance +3.27% outside band,2026-10-01,52.68000030517578,2026-09-03,-0.16495821139650213,True,18,True,13,True,8.0,False,0.0
CASY,distance -15.54% outside band,2026-10-01,927.8499755859375,2026-06-11,-0.33368000066307524,True,27,True,27,True,26.0,True,17.0
CAT,distance +3.91% outside band,2026-10-01,1073.4599609375,2026-06-30,-0.23156425038413497,False,0,False,0,True,32.0,False,0.0
CAVA,distance -24.91% outside band,2026-10-01,98.79000091552734,2026-04-21,-0.45050106949761304,False,0,True,27,True,66.0,True,27.0
CB,expected growth -12.6% below threshold,2026-10-01,365.9100036621094,2026-07-29,-0.09475011090363505,True,10,True,19,True,9.0,False,0.0
CBOE,distance -3.06% outside band,2026-10-01,371.17999267578125,2026-05-19,-0.2504714775990382,False,0,True,15,True,18.0,True,15.0
CBRE,distance -10.06% outside band,2026-10-01,174.27000427246094,2026-02-10,-0.250129170413798,True,23,True,18,True,7.0,True,18.0
CBSH,expected growth -1.3% below threshold,2026-10-01,60.91999816894531,2026-07-29,-0.10193695454899532,True,12,True,25,True,8.0,False,0.0
CBT,distance -2.83% outside band,2026-10-01,94.52999877929688,2026-06-26,-0.1891462761484124,True,42,True,33,True,24.0,True,4.0
CCI,distance -19.95% outside band,2026-10-01,95.06999969482422,2026-06-05,-0.30019986333376536,True,14,True,19,True,74.0,True,76.0
CCK,expected growth 1.3% below threshold,2026-10-01,122.91000366210938,2026-08-06,-0.13619725811077055,True,26,True,20,True,6.0,True,3.0
CCL,distance -9.07% outside band,2026-10-01,34.029998779296875,2026-02-06,-0.26535407297136115,False,0,True,33,True,31.0,True,33.0
CDE,distance -9.05% outside band,2026-10-01,27.770000457763672,2026-01-26,-0.36892332266307903,True,16,True,4,True,4.0,True,6.0
CDNS,distance +7.62% outside band,2026-10-01,416.69000244140625,2026-06-02,-0.15924310782008444,False,0,False,0,False,0.0,False,0.0
CDP,stale filing (2026-03-31),2026-10-01,38.900001525878906,2026-07-29,-0.14781490422756693,True,24,True,24,True,13.0,False,0.0
CDW,distance +4.60% outside band,2026-10-01,158.0500030517578,2026-09-03,-0.12844038380125822,True,10,True,6,False,0.0,False,0.0
CEG,distance -10.56% outside band,2026-10-01,378.5,2026-01-05,-0.31878468602935106,True,14,True,14,True,14.0,True,17.0
CELH,distance -24.22% outside band,2026-10-01,59.310001373291016,2026-02-26,-0.5334682273544081,True,19,True,18,True,18.0,True,117.0
CF,expected growth -36.2% below threshold,2026-10-01,141.9600067138672,2026-03-30,-0.19484363450236042,True,10,True,9,True,6.0,False,0.0
CFG,distance -2.56% outside band,2026-10-01,75.33000183105469,2026-08-17,-0.15770610353573256,True,12,True,31,True,12.0,True,4.0
CFR,distance +4.55% outside band,2026-10-01,170.8000030517578,2026-08-17,-0.10401053320979792,True,13,True,13,True,3.0,False,0.0
CG,distance -18.57% outside band,2026-10-01,67.30000305175781,2026-01-15,-0.39903420712002724,True,23,True,18,True,18.0,True,34.0
CGNX,distance +10.98% outside band,2026-10-01,72.87999725341797,2026-06-30,-0.15319700221731902,False,0,True,14,True,14.0,False,0.0
CHD,distance -2.10% outside band,2026-10-01,106.04000091552734,2026-02-24,-0.1141078684425898,True,24,True,20,True,18.0,True,4.0
CHDN,distance -18.02% outside band,2026-10-01,116.04000091552734,2026-01-06,-0.354015869587586,True,19,True,19,True,19.0,True,106.0
CHE,distance +10.12% outside band,2026-10-01,557.0,2026-08-10,-0.10099641810199733,True,2,True,16,False,0.0,False,0.0
CHH,distance -3.57% outside band,2026-10-01,123.81999969482422,2026-04-21,-0.1735583743881065,False,0,True,25,True,26.0,True,23.0
CHRD,distance +8.69% outside band,2026-10-01,157.05999755859375,2026-09-15,-0.13262448844291952,True,12,True,9,False,0.0,False,0.0
CHRW,distance -11.02% outside band,2026-10-01,210.3300018310547,2026-07-22,-0.27109781665033994,False,0,False,0,True,48.0,True,45.0
CHTR,distance -36.33% outside band,2026-10-01,254.11000061035156,2026-04-23,-0.5605446542807325,True,18,True,14,True,18.0,True,117.0
CHWY,distance -27.16% outside band,2026-10-01,34.849998474121094,2026-01-16,-0.48651359422434015,True,18,True,17,True,17.0,True,117.0
CI,distance -4.44% outside band,2026-10-01,305.44000244140625,2026-07-14,-0.12403421117996039,True,12,True,12,True,12.0,True,11.0
CIEN,distance -3.85% outside band,2026-10-01,637.510009765625,2026-06-03,-0.41116216389065585,False,0,False,0,True,58.0,True,22.0
CINF,distance -3.50% outside band,2026-10-01,194.80999755859375,2026-07-07,-0.17039675828467427,True,11,True,38,True,13.0,True,9.0
CL,distance -4.43% outside band,2026-10-01,99.33000183105469,2026-02-27,-0.1489983165099542,True,25,True,25,True,19.0,True,15.0
CLF,non-positive profit,2026-10-01,15.350000381469727,2026-01-26,-0.2589576731391019,True,4,True,4,True,4.0,True,4.0
CLH,distance +7.81% outside band,2026-10-01,335.94000244140625,2026-07-29,-0.06766092403744817,True,11,True,5,False,0.0,False,0.0
CLX,distance -20.79% outside band,2026-10-01,128.89999389648438,2026-02-26,-0.3763769903605644,True,26,True,23,True,22.0,True,24.0
CMC,distance -10.38% outside band,2026-10-01,84.87000274658203,2026-02-11,-0.2618121892496108,True,16,True,16,True,17.0,True,17.0
CMCSA,distance -18.69% outside band,2026-10-01,32.86000061035156,2026-02-12,-0.33855751044920557,True,18,True,14,True,14.0,True,23.0
CME,distance -4.90% outside band,2026-10-01,329.1600036621094,2026-03-03,-0.19548244168436335,True,13,True,5,False,0.0,True,13.0
CMG,distance -7.95% outside band,2026-10-01,41.41999816894531,2026-01-21,-0.22464985277220384,True,13,True,13,True,12.0,True,13.0
CMI,distance -14.47% outside band,2026-10-01,737.760009765625,2026-06-18,-0.30063975392679687,True,65,True,62,True,39.0,True,30.0
CMS,distance -13.01% outside band,2026-10-01,80.36000061035156,2026-04-09,-0.2112369606755793,True,57,True,45,True,57.0,True,45.0
CNC,distance +16.07% outside band,2026-10-01,69.62999725341797,2026-09-14,-0.12185835315737847,True,10,True,10,True,8.0,False,0.0
CNH,distance +14.92% outside band,2026-10-01,14.460000038146973,2026-09-04,-0.1179114743574059,True,6,False,0,False,0.0,False,0.0
CNM,distance -15.57% outside band,2026-10-01,59.65999984741211,2026-02-12,-0.30271541098695476,True,4,True,67,True,79.0,True,79.0
CNO,distance +11.32% outside band,2026-10-01,57.59000015258789,2026-07-31,-0.08525785439143585,True,9,True,9,False,0.0,False,0.0
CNP,distance -10.48% outside band,2026-10-01,45.2599983215332,2026-07-28,-0.18150685941761213,True,17,True,46,True,46.0,True,41.0
CNX,distance -13.73% outside band,2026-10-01,43.619998931884766,2026-03-06,-0.27670793192068266,True,15,True,12,True,12.0,True,18.0
COF,distance -5.68% outside band,2026-10-01,259.6400146484375,2026-01-06,-0.25207983559719427,True,18,True,17,True,8.0,True,14.0
COHR,distance +10.22% outside band,2026-10-01,440.0,2026-06-03,-0.2780226967551491,False,0,False,0,True,32.0,False,0.0
COIN,distance +2.02% outside band,2026-10-01,263.07000732421875,2026-01-14,-0.2796974181111096,False,0,False,0,False,0.0,False,0.0
COKE,distance +3.31% outside band,2026-10-01,219.64999389648438,2026-03-16,-0.143546549762966,True,3,True,2,False,0.0,False,0.0
COLB,distance -3.81% outside band,2026-10-01,33.68000030517578,2026-07-16,-0.14845605566195985,True,31,True,31,True,18.0,True,8.0
COLM,distance -2.37% outside band,2026-10-01,69.05999755859375,2026-06-15,-0.16015056399632688,False,0,True,3,True,44.0,True,26.0
COO,distance -20.01% outside band,2026-10-01,85.04000091552734,2026-01-07,-0.3274341594652893,True,27,True,25,True,18.0,True,27.0
COP,distance +9.09% outside band,2026-10-01,141.6199951171875,2026-09-15,-0.10358705461616635,True,12,True,4,False,0.0,False,0.0
COR,growth -53.5% below threshold,2026-10-01,376.9200134277344,2026-03-02,-0.17177391310684265,True,13,True,11,False,0.0,True,12.0
CORT,distance +64.44% outside band,2026-10-01,126.37999725341797,2026-08-25,-0.0920240347061998,False,0,False,0,False,0.0,False,0.0
COST,distance -4.49% outside band,2026-10-01,1096.5,2026-05-19,-0.16279069767441856,False,0,True,25,True,87.0,True,26.0
CPAY,distance +13.22% outside band,2026-10-01,427.4599914550781,2026-09-03,-0.08269781221672667,True,13,True,5,False,0.0,False,0.0
CPRT,distance -18.62% outside band,2026-10-01,41.790000915527344,2026-01-21,-0.3466140295050716,True,17,True,11,True,13.0,True,117.0
CPT,distance -9.89% outside band,2026-10-01,119.80999755859375,2026-07-07,-0.19564306226238137,True,45,True,44,True,27.0,True,25.0
CR,distance +4.60% outside band,2026-10-01,230.5,2026-07-27,-0.10620388601969222,False,0,True,32,False,0.0,False,0.0
CRBG,distance +14.29% outside band,2026-10-01,35.63999938964844,2026-09-17,-0.05723908390750021,True,4,False,0,False,0.0,False,0.0
CRH,distance -24.31% outside band,2026-10-01,131.5500030517578,2026-01-09,-0.3752945769766163,True,36,True,67,True,67.0,True,105.0
CRL,distance +37.50% outside band,2026-10-01,303.30999755859375,2026-08-27,-0.05017968858004063,False,0,False,0,False,0.0,False,0.0
CRM,distance +17.97% outside band,2026-10-01,268.2699890136719,2026-09-03,-0.11786631532450709,True,10,False,0,False,0.0,False,0.0
CROX,distance +12.59% outside band,2026-10-01,141.27999877929688,2026-08-04,-0.15260474054982187,False,0,True,4,True,2.0,False,0.0
CRS,distance -12.84% outside band,2026-10-01,625.989990234375,2026-07-06,-0.3858128530784246,True,38,True,38,True,30.0,True,14.0
CRUS,distance -13.91% outside band,2026-10-01,180.4199981689453,2026-05-27,-0.33280677739902853,False,0,False,0,True,69.0,True,57.0
CRWD,distance +75.33% outside band,2026-10-01,269.29998779296875,2026-10-01,-0.0051428864122772255,False,0,False,0,False,0.0,False,0.0
CSCO,distance +11.36% outside band,2026-10-01,130.3699951171875,2026-06-04,-0.16675614541695571,False,0,True,35,True,22.0,False,0.0
CSGP,distance -31.02% outside band,2026-10-01,70.56999969482422,2026-01-27,-0.6065608685033792,True,21,True,12,True,26.0,True,117.0
CSL,distance -7.97% outside band,2026-10-01,432.9100036621094,2026-02-12,-0.25141483314587787,True,33,True,24,True,23.0,True,18.0
CSX,distance +4.81% outside band,2026-10-01,53.599998474121094,2026-07-27,-0.13479475148883513,True,23,True,22,True,12.0,False,0.0
CTAS,distance +4.06% outside band,2026-10-01,219.1699981689453,2026-07-29,-0.10713143187344332,True,3,True,13,False,0.0,False,0.0
CTRE,distance -7.78% outside band,2026-10-01,43.619998931884766,2026-07-28,-0.174346623761087,True,19,True,37,True,37.0,True,16.0
CTSH,growth -3.9% below threshold,2026-10-01,87.02999877929688,2026-01-14,-0.2893829473956615,False,0,False,0,False,0.0,False,0.0
CTVA,distance -84.35% outside band,2026-10-01,90.97000122070312,2026-07-29,-0.8650654121818709,True,14,True,12,True,12.0,True,4.0
CUBE,distance -4.44% outside band,2026-10-01,43.2599983215332,2026-07-28,-0.13153025537397478,True,10,True,29,True,25.0,True,8.0
CUZ,distance +3.10% outside band,2026-10-01,32.95000076293945,2026-07-29,-0.1634294417054648,True,4,True,39,True,18.0,False,0.0
CVLT,distance +28.33% outside band,2026-10-01,154.8300018310547,2026-07-08,-0.04378995478340808,False,0,False,0,False,0.0,False,0.0
CVNA,distance -12.85% outside band,2026-10-01,97.37799835205078,2026-01-23,-0.35493643646674833,True,16,True,13,True,13.0,True,16.0
CVS,distance -2.79% outside band,2026-10-01,110.68000030517578,2026-07-22,-0.2301228871564437,True,13,True,41,True,17.0,True,3.0
CVX,distance +11.10% outside band,2026-10-01,217.77999877929688,2026-09-15,-0.04936174148340544,True,9,False,0,False,0.0,False,0.0
CW,distance -19.80% outside band,2026-10-01,808.1599731445312,2026-07-07,-0.32839408943188353,True,35,True,40,True,40.0,True,31.0
CXT,distance +2.39% outside band,2026-10-01,57.77000045776367,2026-08-06,-0.16236802828092523,False,0,True,14,False,0.0,False,0.0
CYTK,distance -5.94% outside band,2026-10-01,88.30999755859375,2026-06-30,-0.25297244882232073,True,17,True,39,True,24.0,True,13.0
D,distance -5.81% outside band,2026-10-01,72.98999786376953,2026-07-17,-0.16968076015906852,True,45,True,41,True,25.0,True,10.0
DAL,distance +10.76% outside band,2026-10-01,95.68000030517578,2026-07-02,-0.12332779069942679,False,0,True,2,False,0.0,False,0.0
DAR,distance +10.10% outside band,2026-10-01,69.9800033569336,2026-08-20,-0.11781941056116163,True,9,True,9,False,0.0,False,0.0
DASH,distance -2.95% outside band,2026-10-01,238.8280029296875,2026-08-28,-0.24049945079911417,True,20,True,18,True,4.0,True,4.0
DBX,distance +21.71% outside band,2026-10-01,38.16999816894531,2026-09-15,-0.10178146470790228,True,8,False,0,False,0.0,False,0.0
DCI,distance -3.29% outside band,2026-10-01,112.83999633789062,2026-02-12,-0.21818500457466194,False,0,True,24,True,14.0,True,23.0
DD,distance -5.78% outside band,2026-10-01,157.97999572753906,2026-02-12,-0.17932583735722174,False,0,True,32,True,32.0,True,23.0
DDOG,distance +51.74% outside band,2026-10-01,292.7200012207031,2026-08-05,-0.04529929526622034,False,0,False,0,False,0.0,False,0.0
DE,distance +12.94% outside band,2026-10-01,721.219970703125,2026-09-23,-0.08100753964721097,True,3,False,0,False,0.0,False,0.0
DECK,distance -21.75% outside band,2026-10-01,122.29000091552734,2026-02-20,-0.35113257110094676,True,46,True,53,True,53.0,True,45.0
DELL,distance +84.89% outside band,2026-10-01,595.510009765625,2026-09-18,-0.09662312659554795,True,2,False,0,False,0.0,False,0.0
DG,distance -6.23% outside band,2026-10-01,158.22999572753906,2026-02-26,-0.2478669951988286,True,13,True,3,False,0.0,True,13.0
DGX,distance +12.40% outside band,2026-10-01,248.83999633789062,2026-09-21,-0.07028608942199943,True,8,True,3,False,0.0,False,0.0
DHI,distance -7.65% outside band,2026-10-01,170.7899932861328,2026-06-25,-0.19632297029909962,True,4,True,30,True,26.0,True,26.0
DHR,distance +5.46% outside band,2026-10-01,242.8000030517578,2026-01-22,-0.12401153308030644,True,1,False,0,False,0.0,False,0.0
DINO,distance +59.06% outside band,2026-10-01,118.38999938964844,2026-09-21,-0.04882168096203454,False,0,False,0,False,0.0,False,0.0
DIS,distance -2.16% outside band,2026-10-01,116.02999877929688,2026-01-05,-0.12389037448274898,True,4,True,1,True,1.0,True,1.0
DKS,distance -33.38% outside band,2026-10-01,244.3800048828125,2026-06-22,-0.45498813413448114,False,0,True,62,True,53.0,True,37.0
DLB,growth -69.9% below threshold,2026-10-01,69.94999694824219,2026-02-12,-0.15568257398222562,True,14,True,11,False,0.0,True,12.0
DLR,distance -2.76% outside band,2026-10-01,208.13999938964844,2026-04-24,-0.1547516422039017,True,8,True,14,True,24.0,True,5.0
DLTR,distance -2.46% outside band,2026-10-01,142.39999389648438,2026-01-15,-0.19599717155187246,True,18,True,18,True,13.0,True,13.0
DOC,distance +2.89% outside band,2026-10-01,22.950000762939453,2026-07-28,-0.15403048932009467,True,19,True,25,True,8.0,False,0.0
DOCN,distance +33.05% outside band,2026-10-01,187.5,2026-06-17,-0.2553333333333333,False,0,False,0,False,0.0,False,0.0
DOCS,distance +5.96% outside band,2026-10-01,46.75,2026-01-06,-0.3909090827493107,False,0,False,0,False,0.0,False,0.0
DOCU,distance +30.69% outside band,2026-10-01,74.06500244140625,2026-09-15,-0.053264018966922455,False,0,False,0,False,0.0,False,0.0
DOV,distance -10.21% outside band,2026-10-01,237.5399932861328,2026-02-12,-0.20577583146238543,True,2,True,54,True,54.0,True,36.0
DOW,distance -13.87% outside band,2026-10-01,42.7400016784668,2026-03-31,-0.3555217830004994,True,20,True,19,True,83.0,True,27.0
DPZ,distance -16.25% outside band,2026-10-01,425.4100036621094,2026-01-02,-0.30208506772138977,True,19,True,17,True,17.0,True,117.0
DRI,distance -3.99% outside band,2026-10-01,229.75999450683594,2026-08-13,-0.14767580730757612,True,6,True,6,True,5.0,True,5.0
DT,distance +39.55% outside band,2026-10-01,59.41999816894531,2026-10-01,-0.002187769394545458,False,0,False,0,False,0.0,False,0.0
DTE,distance -12.73% outside band,2026-10-01,155.75,2026-07-07,-0.2101444838326394,True,57,True,47,True,47.0,True,41.0
DTM,distance -10.79% outside band,2026-10-01,152.8800048828125,2026-05-26,-0.21592099085510696,True,49,True,48,True,48.0,True,31.0
DUK,distance -8.42% outside band,2026-10-01,134.49000549316406,2026-03-17,-0.1554762644661517,True,45,True,44,True,45.0,True,34.0
DUOL,distance +14.94% outside band,2026-10-01,192.9199981689453,2026-01-05,-0.23984037275358583,False,0,False,0,False,0.0,False,0.0
DVA,distance +4.26% outside band,2026-10-01,247.49000549316406,2026-08-03,-0.28473877593675023,True,6,True,41,True,41.0,False,0.0
DVN,distance +5.69% outside band,2026-10-01,52.709999084472656,2026-03-30,-0.10690568050480509,True,5,False,0,False,0.0,False,0.0
DXCM,distance +18.64% outside band,2026-10-01,92.58999633789062,2026-08-24,-0.0652337566154656,True,7,False,0,False,0.0,False,0.0
DY,distance -30.97% outside band,2026-10-01,566.469970703125,2026-05-27,-0.5261708165589991,True,31,True,64,True,32.0,True,29.0
EAT,distance +14.54% outside band,2026-10-01,254.99000549316406,2026-08-25,-0.23812698502934437,True,25,True,15,False,0.0,False,0.0
EBAY,distance +4.86% outside band,2026-10-01,119.30999755859375,2026-05-20,-0.11298295200214858,True,3,True,4,True,9.0,False,0.0
ECHO,distance -18.82% outside band,2026-10-01,147.25,2026-05-18,-0.4003056006439676,True,6,True,2,True,74.0,True,70.0
ED,distance -4.32% outside band,2026-10-01,116.2300033569336,2026-03-17,-0.11193325097202078,True,17,True,44,True,19.0,True,16.0
EEFT,distance -11.37% outside band,2026-10-01,83.97000122070312,2026-07-29,-0.2435393648404215,True,13,True,34,True,14.0,True,18.0
EFX,distance -23.42% outside band,2026-10-01,228.6699981689453,2026-01-09,-0.3873485706804505,True,19,True,19,True,18.0,True,19.0
EG,distance +5.92% outside band,2026-10-01,401.07000732421875,2026-07-28,-0.08068420793924214,True,10,True,10,False,0.0,False,0.0
EGP,growth -20.2% below threshold,2026-10-01,226.7100067138672,2026-07-17,-0.1396718609994423,True,2,True,42,True,32.0,True,1.0
EHC,distance +10.90% outside band,2026-10-01,127.5,2026-08-11,-0.059568637025122495,True,2,True,1,False,0.0,False,0.0
EIX,distance -21.12% outside band,2026-10-01,81.62000274658203,2026-07-28,-0.34078659036275327,True,24,True,25,True,24.0,True,23.0
EL,distance -2.04% outside band,2026-10-01,121.63999938964844,2026-02-03,-0.2578099372550663,True,7,True,2,False,0.0,True,1.0
ELAN,distance -8.26% outside band,2026-10-01,27.979999542236328,2026-08-05,-0.21962117792345492,True,17,True,20,True,17.0,True,17.0
ELF,distance +34.47% outside band,2026-10-01,110.04000091552734,2026-09-08,-0.044983683537376695,False,0,False,0,False,0.0,False,0.0
ELS,distance -9.27% outside band,2026-10-01,69.0,2026-03-13,-0.16260871334352356,True,26,True,26,True,25.0,True,24.0
ELV,distance +4.33% outside band,2026-10-01,436.239990234375,2026-07-14,-0.12544694849396054,True,8,True,5,True,5.0,False,0.0
EME,expected growth -8.1% below threshold,2026-10-01,951.9600219726562,2026-05-06,-0.19739277894285878,False,0,True,14,True,31.0,True,14.0
EMR,distance +10.06% outside band,2026-10-01,166.35000610351562,2026-08-12,-0.043943568074376715,False,0,False,0,False,0.0,False,0.0
ENS,expected growth 3.4% below threshold,2026-10-01,244.3000030517578,2026-05-21,-0.2345886076245851,False,0,False,0,True,55.0,True,23.0
ENSG,distance -6.56% outside band,2026-10-01,218.0,2026-03-02,-0.22073392255590596,True,2,True,7,True,1.0,True,37.0
ENTG,distance +20.45% outside band,2026-10-01,186.94000244140625,2026-06-22,-0.15109123113465506,False,0,False,0,False,0.0,False,0.0
EOG,distance +7.39% outside band,2026-10-01,154.16000366210938,2026-09-15,-0.08160353874035808,True,12,True,10,False,0.0,False,0.0
EPR,distance -2.21% outside band,2026-10-01,64.97000122070312,2026-07-29,-0.14368174116941934,True,19,True,27,True,15.0,True,2.0
EQH,distance +14.19% outside band,2026-10-01,55.060001373291016,2026-09-17,-0.06111517607224615,True,4,False,0,False,0.0,False,0.0
EQIX,distance +2.79% outside band,2026-10-01,1128.6800537109375,2026-04-24,-0.1018446927136244,True,5,True,7,True,7.0,False,0.0
EQT,distance -10.05% outside band,2026-10-01,68.23999786376953,2026-03-27,-0.2680978713608463,True,15,True,12,True,15.0,True,90.0
ERIE,distance -11.07% outside band,2026-10-01,292.69000244140625,2026-02-06,-0.24250912274240932,True,19,True,12,True,8.0,True,13.0
ES,distance -8.47% outside band,2026-10-01,76.56999969482422,2026-07-28,-0.16129030329558558,True,17,True,33,True,17.0,True,16.0
ESAB,distance -30.95% outside band,2026-10-01,137.4199981689453,2026-02-12,-0.5060398911520452,True,4,True,38,True,41.0,True,117.0
ESNT,distance -6.64% outside band,2026-10-01,70.37000274658203,2026-08-18,-0.16441669827962957,True,13,True,10,True,5.0,True,2.0
ESS,growth -41.2% below threshold,2026-10-01,303.3500061035156,2026-07-07,-0.11267510132871927,True,25,True,26,True,22.0,False,0.0
ETN,distance +12.63% outside band,2026-10-01,478.0,2026-08-12,-0.0843619502239148,False,0,False,0,False,0.0,False,0.0
ETR,distance -5.57% outside band,2026-10-01,118.44999694824219,2026-05-01,-0.15322916305700862,True,16,True,47,True,46.0,True,15.0
EVR,distance -20.45% outside band,2026-10-01,388.7099914550781,2026-01-16,-0.3345167390540924,True,17,True,54,True,46.0,True,46.0
EVRG,distance -3.03% outside band,2026-10-01,88.62000274658203,2026-07-07,-0.11295420701864678,True,17,True,46,True,30.0,True,10.0
EW,stale filing (2026-03-31),2026-10-01,96.29000091552734,2026-07-07,-0.11382281628689117,True,2,True,7,True,2.0,False,0.0
EWBC,distance +2.41% outside band,2026-10-01,137.47000122070312,2026-08-17,-0.09351133514791599,True,31,True,31,True,12.0,False,0.0
EXC,distance -11.57% outside band,2026-10-01,50.650001525878906,2026-03-17,-0.2028628078249719,True,45,True,45,True,45.0,True,45.0
EXE,distance -12.83% outside band,2026-10-01,114.80999755859375,2026-03-26,-0.2518944236906361,True,15,True,12,True,12.0,True,117.0
EXEL,distance +18.82% outside band,2026-10-01,61.13999938964844,2026-09-30,-0.04784100860746454,False,0,False,0,False,0.0,False,0.0
EXLS,distance +11.45% outside band,2026-10-01,43.189998626708984,2026-01-26,-0.1466774551031138,False,0,False,0,False,0.0,False,0.0
EXP,distance -16.50% outside band,2026-10-01,245.52999877929688,2026-06-25,-0.2942613951826897,True,36,True,40,True,33.0,True,36.0
EXPD,distance +15.90% outside band,2026-10-01,194.58999633789062,2026-09-15,-0.03206737423202233,True,8,False,0,False,0.0,False,0.0
EXPE,non-positive profit,2026-10-01,342.0,2026-08-26,-0.2303655077839455,True,23,True,18,True,7.0,False,0.0
EXPO,distance +5.59% outside band,2026-10-01,81.94999694824219,2026-02-09,-0.14276994977353874,False,0,False,0,False,0.0,False,0.0
EXR,distance -6.23% outside band,2026-10-01,158.8800048828125,2026-07-29,-0.16339379352999706,True,34,True,30,True,26.0,True,23.0
F,distance -9.31% outside band,2026-10-01,17.780000686645508,2026-05-29,-0.3113048699285903,True,18,True,18,True,14.0,True,10.0
FAF,distance -8.79% outside band,2026-10-01,79.87000274658203,2026-07-29,-0.2320020277548709,True,13,True,13,True,10.0,True,6.0
FANG,expected growth -25.9% below threshold,2026-10-01,216.89999389648438,2026-08-20,-0.14674959644054442,True,12,True,12,True,10.0,False,0.0
FAST,distance +8.41% outside band,2026-10-01,52.91999816894531,2026-08-11,-0.05376034588896439,False,0,False,0,False,0.0,False,0.0
FBIN,distance -17.07% outside band,2026-10-01,64.83999633789062,2026-02-11,-0.4071560641923455,True,40,True,34,True,22.0,True,33.0
FCFS,distance +3.69% outside band,2026-10-01,238.92999267578125,2026-08-25,-0.12283929077314859,True,13,True,3,True,7.0,False,0.0
FCN,distance -11.88% outside band,2026-10-01,189.3000030517578,2026-04-28,-0.24326467147053854,False,0,True,27,True,44.0,True,45.0
FCX,distance +8.95% outside band,2026-10-01,80.23999786376953,2026-08-26,-0.1379611165197029,True,7,True,2,False,0.0,False,0.0
FDS,distance +12.11% outside band,2026-10-01,320.4800109863281,2026-09-03,-0.12816715800968792,False,0,True,8,False,0.0,False,0.0
FDX,distance -3.92% outside band,2026-10-01,345.3699951171875,2026-06-15,-0.16896366590545764,True,22,True,18,True,18.0,True,9.0
FDXF,insufficient price history,2026-10-01,200.0,2026-05-28,-0.443650016784668,True,33,True,40,,,,
FE,distance -8.67% outside band,2026-10-01,52.34000015258789,2026-04-09,-0.17223919303337454,True,18,True,40,True,41.0,True,40.0
FERG,distance -6.23% outside band,2026-10-01,271.6400146484375,2026-02-12,-0.17909735875341248,False,0,True,28,True,28.0,True,28.0
FFIN,distance -2.54% outside band,2026-10-01,36.52000045776367,2026-07-16,-0.1317086887458807,True,12,True,31,True,12.0,True,8.0
FFIV,distance +29.78% outside band,2026-10-01,462.0,2026-09-23,-0.03329005385890149,False,0,False,0,False,0.0,False,0.0
FHI,stale filing (2026-03-31),2026-10-01,67.19999694824219,2026-08-05,-0.16391363207106968,True,23,True,16,True,13.0,True,2.0
FHN,distance -6.00% outside band,2026-10-01,26.559999465942383,2026-02-06,-0.13610692183008666,True,31,True,31,True,18.0,True,12.0
FICO,distance -45.41% outside band,2026-10-01,1691.030029296875,2026-01-02,-0.6047261306246092,True,19,True,45,True,22.0,True,117.0
FIS,distance -29.18% outside band,2026-10-01,68.37000274658203,2026-01-08,-0.5136024611352275,True,18,True,19,True,34.0,True,117.0
FISV,distance -19.94% outside band,2026-10-01,70.41000366210938,2026-01-08,-0.3532879210469856,True,18,True,18,True,34.0,True,116.0
FITB,distance -2.41% outside band,2026-10-01,59.5,2026-07-16,-0.15260507279083513,True,32,True,31,True,12.0,True,4.0
FIVE,distance +3.56% outside band,2026-10-01,263.8800048828125,2026-08-24,-0.1579126777242963,True,13,True,7,False,0.0,False,0.0
FIX,distance +8.08% outside band,2026-10-01,2073.989990234375,2026-05-14,-0.19117015377048996,False,0,False,0,True,32.0,False,0.0
FLEX,distance +13.03% outside band,2026-10-01,166.86000061035156,2026-06-03,-0.3269207889980894,False,0,True,59,True,32.0,False,0.0
FLG,distance -14.45% outside band,2026-10-01,15.4399995803833,2026-07-16,-0.24449480059095685,True,54,True,49,True,33.0,True,25.0
FLR,growth -28.7% below threshold,2026-10-01,58.349998474121094,2026-09-03,-0.15904025744598194,True,8,True,6,True,6.0,False,0.0
FLS,distance -4.88% outside band,2026-10-01,92.41000366210938,2026-02-26,-0.21415431372438942,True,5,True,6,True,5.0,True,6.0
FN,distance -15.50% outside band,2026-10-01,748.8900146484375,2026-05-14,-0.3998718317979393,False,0,False,0,True,32.0,True,32.0
FNB,distance -3.66% outside band,2026-10-01,19.59000015258789,2026-07-02,-0.1207248469983162,True,31,True,31,True,18.0,True,8.0
FND,distance -18.92% outside band,2026-10-01,77.45999908447266,2026-01-16,-0.40743606934692245,True,7,True,30,True,24.0,True,34.0
FNF,distance -21.13% outside band,2026-10-01,58.40999984741211,2026-02-12,-0.3304228605971422,True,39,True,33,True,32.0,True,39.0
FOUR,distance -26.87% outside band,2026-10-01,68.56999969482422,2026-01-14,-0.47681201458853284,True,13,True,26,True,13.0,True,41.0
FOX,distance -3.66% outside band,2026-10-01,68.17500305175781,2026-01-06,-0.19794649273923393,True,12,True,5,True,1.0,True,5.0
FOXA,distance -3.38% outside band,2026-10-01,76.38999938964844,2026-01-09,-0.20068069300750357,True,12,True,5,True,1.0,True,5.0
FR,distance -3.98% outside band,2026-10-01,69.87999725341797,2026-07-17,-0.1559816562621359,True,7,True,40,True,26.0,True,7.0
FRT,distance -4.14% outside band,2026-10-01,128.2100067138672,2026-07-28,-0.1592699846269583,True,20,True,42,True,32.0,True,11.0
FSLR,distance -23.58% outside band,2026-10-01,320.95001220703125,2026-06-03,-0.4651503438754232,True,33,True,38,True,36.0,True,36.0
FTI,distance +2.82% outside band,2026-10-01,80.69999694824219,2026-09-03,-0.14832706374184468,True,16,True,12,True,10.0,False,0.0
FTNT,distance +51.77% outside band,2026-10-01,181.3699951171875,2026-09-24,-0.011909292945201266,False,0,False,0,False,0.0,False,0.0
FTV,distance -4.28% outside band,2026-10-01,64.55999755859375,2026-07-28,-0.135997507920106,False,0,True,33,True,27.0,True,22.0
G,distance -4.43% outside band,2026-10-01,48.41999816894531,2026-01-09,-0.2770548865785363,False,0,True,10,False,0.0,True,19.0
GAP,distance -3.02% outside band,2026-10-01,29.360000610351562,2026-02-20,-0.2225817340449251,False,0,False,0,False,0.0,True,87.0
GATX,distance -6.41% outside band,2026-10-01,205.55999755859375,2026-04-17,-0.18218471775396794,True,3,True,3,True,3.0,True,3.0
GBCI,distance -9.31% outside band,2026-10-01,54.58000183105469,2026-07-16,-0.2062110789763919,True,33,True,40,True,31.0,True,30.0
GD,distance -6.02% outside band,2026-10-01,400.0,2026-07-29,-0.16525001525878902,True,30,True,23,True,19.0,True,10.0
GDDY,distance +3.86% outside band,2026-10-01,123.93000030517578,2026-01-02,-0.2160090097405446,True,5,False,0,False,0.0,False,0.0
GE,distance -3.32% outside band,2026-10-01,388.8399963378906,2026-08-06,-0.19492589143091288,True,4,True,31,True,17.0,True,4.0
GEF,distance +11.67% outside band,2026-10-01,90.56999969482422,2026-08-05,-0.09661035695575959,True,6,True,6,False,0.0,False,0.0
GEHC,distance -9.97% outside band,2026-10-01,89.7699966430664,2026-01-08,-0.2841706077840904,True,2,True,18,True,2.0,True,25.0
GEN,distance -9.78% outside band,2026-10-01,31.649999618530273,2026-09-03,-0.2979463007530261,True,10,True,8,True,7.0,True,6.0
GEV,distance +6.84% outside band,2026-10-01,1195.93994140625,2026-07-06,-0.18173150531685778,False,0,False,0,True,32.0,False,0.0
GGG,distance -5.10% outside band,2026-10-01,95.69000244140625,2026-02-12,-0.18815972853420593,False,0,True,23,False,0.0,True,30.0
GHC,only 1 analysts,2026-10-01,1262.3499755859375,2026-07-30,-0.08846590004168775,False,0,True,26,False,0.0,False,0.0
GILD,distance +7.93% outside band,2026-10-01,157.2899932861328,2026-02-11,-0.06287748624705658,True,2,False,0,False,0.0,False,0.0
GIS,distance -18.70% outside band,2026-10-01,49.59000015258789,2026-02-12,-0.36257308906860386,True,20,True,18,True,9.0,True,20.0
GL,distance +5.04% outside band,2026-10-01,191.5500030517578,2026-07-17,-0.1376142009417194,True,9,True,31,True,8.0,False,0.0
GLPI,distance -16.67% outside band,2026-10-01,49.95000076293945,2026-03-02,-0.24654659165778037,True,27,True,45,True,76.0,True,45.0
GLW,distance +6.84% outside band,2026-10-01,271.7799987792969,2026-06-30,-0.40981678336550564,False,0,False,0,True,55.0,False,0.0
GM,distance -2.05% outside band,2026-10-01,91.8499984741211,2026-07-29,-0.1394664972390064,True,10,True,10,True,4.0,True,4.0
GME,distance +8.87% outside band,2026-10-01,26.8799991607666,2026-05-01,-0.09877227909932551,False,0,False,0,False,0.0,False,0.0
GMED,distance -11.81% outside band,2026-10-01,101.4000015258789,2026-01-08,-0.26341221580411744,True,2,True,22,True,27.0,True,28.0
GNRC,distance -2.27% outside band,2026-10-01,296.44000244140625,2026-06-25,-0.30012818947499764,False,0,False,0,True,62.0,True,2.0
GNTX,distance -5.46% outside band,2026-10-01,26.479999542236328,2026-06-15,-0.16484138393416015,True,4,True,53,True,25.0,True,25.0
GOOG,expected growth -66.7% below threshold,2026-10-01,404.4700012207031,2026-05-18,-0.17060546159543843,True,1,True,7,True,37.0,True,1.0
GOOGL,expected growth -66.8% below threshold,2026-10-01,408.6099853515625,2026-05-18,-0.17142139727359063,True,1,True,1,True,37.0,True,1.0
GPC,distance +4.58% outside band,2026-10-01,151.57000732421875,2026-02-12,-0.17242863695137522,True,18,True,10,False,0.0,False,0.0
GPK,distance -21.02% outside band,2026-10-01,16.110000610351562,2026-01-09,-0.4416511766126626,True,28,True,22,True,19.0,True,117.0
GPN,distance +5.34% outside band,2026-10-01,95.87999725341797,2026-08-24,-0.1595744249128862,True,18,True,12,False,0.0,False,0.0
GRMN,distance +16.19% outside band,2026-10-01,314.2799987792969,2026-08-10,-0.09061986476055772,False,0,True,1,False,0.0,False,0.0
GS,distance -6.71% outside band,2026-10-01,1153.989990234375,2026-07-15,-0.22424801813849404,True,17,True,26,True,14.0,True,8.0
GWRE,distance +3.16% outside band,2026-10-01,207.49000549316406,2026-08-31,-0.2472408390458496,False,0,True,18,False,0.0,False,0.0
GWW,distance +5.98% outside band,2026-10-01,1419.9100341796875,2026-07-17,-0.10038666931799556,False,0,True,42,True,18.0,False,0.0
GXO,distance -13.05% outside band,2026-10-01,66.8499984741211,2026-02-12,-0.3172774804577363,True,13,True,41,True,41.0,True,50.0
H,distance -5.32% outside band,2026-10-01,206.86000061035156,2026-06-18,-0.2244754782054761,False,0,True,47,True,27.0,True,23.0
HAE,distance +39.73% outside band,2026-10-01,110.44999694824219,2026-09-18,-0.05242185102862473,True,1,False,0,False,0.0,False,0.0
HAL,distance -9.81% outside band,2026-10-01,43.59000015258789,2026-05-20,-0.267263124059398,True,14,True,11,True,16.0,True,12.0
HALO,distance +38.99% outside band,2026-10-01,116.8499984741211,2026-09-23,-0.07094566558649418,True,2,False,0,False,0.0,False,0.0
HAS,growth -18.9% below threshold,2026-10-01,106.9800033569336,2026-02-12,-0.157178929835175,False,0,True,13,False,0.0,True,12.0
HBAN,distance -10.56% outside band,2026-10-01,19.459999084472656,2026-02-06,-0.22173683605935868,True,31,True,31,True,18.0,True,18.0
HCA,distance -4.85% outside band,2026-10-01,556.52001953125,2026-03-12,-0.2371074039726151,True,1,False,0,False,0.0,True,111.0
HD,distance -16.74% outside band,2026-10-01,397.6300048828125,2026-02-12,-0.28931420449225376,True,30,True,30,True,25.0,True,36.0
HGV,distance -23.89% outside band,2026-10-01,55.400001525878906,2026-06-25,-0.37247295248884205,True,45,True,45,True,45.0,True,33.0
HIG,distance -7.78% outside band,2026-10-01,146.07000732421875,2026-07-30,-0.14161021531323392,True,18,True,19,True,12.0,True,13.0
HII,distance -20.46% outside band,2026-10-01,460.0,2026-03-02,-0.40454347029976223,True,31,True,24,True,33.0,True,104.0
HIMS,distance +6.80% outside band,2026-10-01,39.04999923706055,2026-07-06,-0.24571061461758803,False,0,False,0,True,1.0,False,0.0
HL,distance -11.45% outside band,2026-10-01,34.16999816894531,2026-01-26,-0.5026338381639438,True,16,True,4,True,4.0,True,14.0
HLI,distance -14.07% outside band,2026-10-01,195.05999755859375,2026-01-21,-0.34030557630286407,True,12,True,12,True,46.0,True,117.0
HLNE,distance -14.30% outside band,2026-10-01,155.66000366210938,2026-01-16,-0.4307786118952678,True,22,True,13,True,12.0,True,22.0
HOG,distance +7.17% outside band,2026-10-01,28.860000610351562,2026-09-04,-0.13582813559913476,True,14,True,11,True,6.0,False,0.0
HOMB,growth 0.9% below threshold,2026-10-01,31.700000762939453,2026-07-29,-0.10331234848762905,True,12,True,18,True,4.0,True,3.0
HON,distance -6.73% outside band,2026-10-01,260.2831726074219,2026-03-02,-0.17437995656914285,False,0,True,33,True,34.0,True,32.0
HONA,insufficient price history,2026-10-01,297.5,2026-06-16,-0.48109243697478987,True,6,True,27,,,,
HOOD,distance +18.36% outside band,2026-10-01,126.73999786376953,2026-09-23,-0.11898370250778578,True,2,False,0,False,0.0,False,0.0
HPE,distance +76.32% outside band,2026-10-01,67.10099792480469,2026-09-30,-0.036228965753737685,False,0,False,0,False,0.0,False,0.0
HPQ,distance +36.22% outside band,2026-10-01,36.22999954223633,2026-09-11,-0.11302791257088596,True,8,False,0,False,0.0,False,0.0
HQY,growth -5.4% below threshold,2026-10-01,107.62000274658203,2026-08-10,-0.16892770712880478,True,25,True,25,True,8.0,False,0.0
HR,distance -7.14% outside band,2026-10-01,22.040000915527344,2026-07-28,-0.20848462022821024,True,44,True,43,True,37.0,True,13.0
HRB,distance +8.72% outside band,2026-10-01,58.66999816894531,2026-08-12,-0.28072265075889524,True,22,True,17,True,5.0,False,0.0
HRL,distance -14.03% outside band,2026-10-01,26.600000381469727,2026-06-26,-0.25075187897141704,True,40,True,38,True,25.0,True,25.0
HSIC,distance +5.85% outside band,2026-10-01,92.18000030517578,2026-08-04,-0.07881318469946363,True,18,True,13,False,0.0,False,0.0
HST,distance +5.40% outside band,2026-10-01,25.709999084472656,2026-07-30,-0.12465966697142705,False,0,True,40,True,26.0,False,0.0
HSY,distance -16.50% outside band,2026-10-01,239.47999572753906,2026-03-02,-0.3337230649522468,True,25,True,23,True,25.0,True,86.0
HUBB,distance -4.18% outside band,2026-10-01,565.4998779296875,2026-04-23,-0.17368682644101818,False,0,True,32,True,32.0,True,32.0
HUBS,distance -11.63% outside band,2026-10-01,405.1050109863281,2026-01-07,-0.4609298849423944,True,13,True,11,False,0.0,True,117.0
HUM,distance +29.10% outside band,2026-10-01,428.8800048828125,2026-07-16,-0.11903100571101655,True,4,True,2,False,0.0,False,0.0
HWC,distance +2.21% outside band,2026-10-01,80.12999725341797,2026-08-14,-0.105016862647757,True,9,True,29,True,4.0,False,0.0
HWM,distance -7.75% outside band,2026-10-01,310.0,2026-08-06,-0.26103225215788806,True,31,True,30,True,24.0,True,18.0
HXL,distance -4.05% outside band,2026-10-01,111.73999786376953,2026-07-27,-0.2289019140740619,True,45,True,31,True,30.0,True,11.0
IBKR,distance +6.24% outside band,2026-10-01,98.75,2026-08-25,-0.1268860635878165,True,8,True,6,True,6.0,False,0.0
IBM,distance -11.00% outside band,2026-10-01,332.4599914550781,2026-06-02,-0.31483486993678844,True,10,True,6,True,12.0,True,57.0
IBOC,distance -3.55% outside band,2026-10-01,78.45999908447266,2026-06-26,-0.12031611714961699,True,12,True,40,True,33.0,True,13.0
ICE,distance -2.37% outside band,2026-10-01,176.0500030517578,2026-01-29,-0.14013063187333463,True,18,True,4,False,0.0,True,5.0
IDA,distance -5.34% outside band,2026-10-01,154.91000366210938,2026-07-06,-0.14589119856204313,True,54,True,46,True,41.0,True,29.0
IDCC,distance +7.55% outside band,2026-10-01,387.29998779296875,2026-04-17,-0.11848692377287107,False,0,False,0,False,0.0,False,0.0
IDXX,distance -11.66% outside band,2026-10-01,726.4099731445312,2026-01-13,-0.2838204189538782,False,0,True,30,True,30.0,True,117.0
IESC,distance +12.76% outside band,2026-10-01,408.2550048828125,2026-08-12,-0.19986283142842187,False,0,True,14,True,14.0,False,0.0
IEX,distance +9.92% outside band,2026-10-01,243.8000030517578,2026-07-29,-0.050287160017066346,False,0,False,0,False,0.0,False,0.0
IFF,distance +9.09% outside band,2026-10-01,89.31999969482422,2026-08-05,-0.06862961570042614,True,2,True,2,False,0.0,False,0.0
ILMN,distance +66.44% outside band,2026-10-01,280.1700134277344,2026-09-30,-0.03740589814773765,False,0,False,0,False,0.0,False,0.0
INCY,distance +10.08% outside band,2026-10-01,132.60000610351562,2026-07-28,-0.1135746945307946,True,7,True,3,False,0.0,False,0.0
INGR,distance -11.85% outside band,2026-10-01,123.48999786376953,2026-02-04,-0.23406752999691527,True,23,True,20,True,21.0,True,117.0
INTC,distance +48.86% outside band,2026-10-01,142.35000610351562,2026-06-30,-0.1553565475584331,False,0,False,0,False,0.0,False,0.0
INTU,distance -28.51% outside band,2026-10-01,661.989990234375,2026-01-02,-0.5728183013087537,True,22,True,12,True,12.0,True,117.0
INVH,distance -5.20% outside band,2026-10-01,30.89299964904785,2026-08-06,-0.1452755968467655,True,26,True,26,True,23.0,True,16.0
IP,distance -14.20% outside band,2026-10-01,50.25,2026-02-12,-0.3503482495967428,True,25,True,24,True,18.0,True,23.0
IPGP,distance -17.68% outside band,2026-10-01,155.82000732421875,2026-02-13,-0.465152147217636,False,0,False,0,True,71.0,True,51.0
IQV,distance +27.29% outside band,2026-10-01,277.3999938964844,2026-09-23,-0.056272479073620985,True,1,False,0,False,0.0,False,0.0
IR,distance -7.15% outside band,2026-10-01,100.95999908447266,2026-02-13,-0.24960377552259572,False,0,True,32,True,25.0,True,32.0
IRM,growth -29.4% below threshold,2026-10-01,134.67999267578125,2026-06-24,-0.17489600502493208,True,7,True,31,True,29.0,True,5.0
IRT,distance -11.33% outside band,2026-10-01,17.700000762939453,2026-07-07,-0.18192096507957312,True,27,True,27,True,25.0,True,25.0
ISRG,distance -10.43% outside band,2026-10-01,603.8800048828125,2026-01-07,-0.3354640250576867,False,0,False,0,False,0.0,True,117.0
IT,distance +12.33% outside band,2026-10-01,252.6300048828125,2026-01-09,-0.22895147242509828,False,0,False,0,False,0.0,False,0.0
ITT,distance +2.33% outside band,2026-10-01,230.32000732421875,2026-08-06,-0.12530392363927667,True,2,True,3,False,0.0,False,0.0
ITW,distance -2.78% outside band,2026-10-01,303.1600036621094,2026-02-12,-0.13839232280985592,True,3,True,23,True,3.0,True,3.0
IVZ,distance +8.85% outside band,2026-10-01,33.65999984741211,2026-08-28,-0.10107548170752922,True,18,True,8,False,0.0,False,0.0
J,distance +5.20% outside band,2026-10-01,153.3000030517578,2026-08-26,-0.08666016567282153,True,22,True,7,False,0.0,False,0.0
JAZZ,distance +10.56% outside band,2026-10-01,266.3800048828125,2026-08-25,-0.12178092141592023,True,26,True,22,True,7.0,False,0.0
JBHT,distance -6.51% outside band,2026-10-01,299.760009765625,2026-07-16,-0.24132642527347314,True,12,True,13,True,12.0,True,12.0
JCI,distance +10.13% outside band,2026-10-01,157.05999755859375,2026-08-05,-0.03629184411591313,False,0,False,0,False,0.0,False,0.0
JEF,distance -14.26% outside band,2026-10-01,66.5999984741211,2026-01-05,-0.3213212943165019,True,15,True,16,True,15.0,True,15.0
JKHY,distance -8.79% outside band,2026-10-01,193.38999938964844,2026-01-15,-0.25539065900784175,True,18,True,11,True,3.0,True,13.0
JLL,distance -6.19% outside band,2026-10-01,393.8399963378906,2026-08-19,-0.2194038301482587,True,23,True,17,True,7.0,True,7.0
JNJ,distance +7.31% outside band,2026-10-01,281.07000732421875,2026-09-02,-0.07798773564071282,True,3,True,2,False,0.0,False,0.0
JPM,distance +3.53% outside band,2026-10-01,366.5,2026-08-13,-0.091268791833646,True,18,True,12,True,3.0,False,0.0
KBH,distance -15.75% outside band,2026-10-01,67.56999969482422,2026-02-13,-0.3122687371528482,True,26,True,26,True,23.0,True,26.0
KBR,distance -6.31% outside band,2026-10-01,45.369998931884766,2026-01-15,-0.22173237371455756,True,23,True,12,True,8.0,True,28.0
KD,distance -17.17% outside band,2026-10-01,27.739999771118164,2026-01-09,-0.5529920792774958,True,12,True,10,False,0.0,True,117.0
KDP,distance +3.80% outside band,2026-10-01,33.81999969482422,2026-06-29,-0.0970046956194146,True,4,True,3,True,2.0,False,0.0
KEY,distance -7.61% outside band,2026-10-01,24.06999969482422,2026-07-17,-0.1705442290935728,True,31,True,32,True,31.0,True,12.0
KEYS,distance +23.97% outside band,2026-10-01,376.67498779296875,2026-10-01,-0.007274149659974194,False,0,False,0,False,0.0,False,0.0
KHC,distance -6.99% outside band,2026-10-01,28.09000015258789,2026-07-29,-0.20683515252338347,True,19,True,19,True,10.0,True,7.0
KIM,distance -4.70% outside band,2026-10-01,26.649999618530273,2026-07-28,-0.16810505089543404,True,45,True,42,True,32.0,True,13.0
KKR,distance -11.74% outside band,2026-10-01,137.27999877929688,2026-01-07,-0.33657489978083277,True,19,True,16,True,8.0,True,17.0
KLAC,distance +12.79% outside band,2026-10-01,307.3699951171875,2026-06-30,-0.3490744050278498,False,0,False,0,True,32.0,False,0.0
KMB,distance -7.98% outside band,2026-10-01,116.81999969482422,2026-07-07,-0.19140558696082788,True,20,True,23,True,18.0,True,18.0
KMI,distance -2.89% outside band,2026-10-01,34.810001373291016,2026-05-19,-0.1229531892500717,True,8,True,9,True,21.0,True,6.0
KNF,distance -33.87% outside band,2026-10-01,96.27999877929688,2026-06-25,-0.4739821240145894,True,62,True,53,True,54.0,True,42.0
KNSL,distance -5.53% outside band,2026-10-01,421.8999938964844,2026-02-06,-0.20397012069380438,True,19,True,12,True,5.0,True,8.0
KNX,non-positive profit,2026-10-01,82.86000061035156,2026-06-12,-0.21216511829060314,True,17,True,50,True,18.0,False,0.0
KO,distance +7.53% outside band,2026-10-01,92.48999786376953,2026-08-24,-0.0706562459039125,True,13,True,4,False,0.0,False,0.0
KR,distance -6.26% outside band,2026-10-01,76.58000183105469,2026-03-12,-0.2223165463411485,False,0,False,0,True,2.0,True,90.0
KRC,distance -4.64% outside band,2026-10-01,40.849998474121094,2026-07-17,-0.18555687391664,True,18,True,40,True,18.0,True,17.0
KRG,distance -6.36% outside band,2026-10-01,29.920000076293945,2026-07-20,-0.18516045793451608,True,46,True,43,True,40.0,True,13.0
KRYS,distance +8.73% outside band,2026-10-01,382.5350036621094,2026-06-30,-0.14452273160064133,True,7,True,4,True,3.0,False,0.0
KTOS,distance -37.66% outside band,2026-10-01,134.0,2026-01-20,-0.67850744902198,True,28,True,24,True,30.0,True,117.0
KVUE,distance -4.38% outside band,2026-10-01,20.1299991607666,2026-07-07,-0.14331835279735472,True,20,True,23,True,18.0,True,17.0
L,distance -3.52% outside band,2026-10-01,121.01000213623047,2026-07-28,-0.1310635511971706,True,39,True,35,True,25.0,True,12.0
LAD,distance -2.23% outside band,2026-10-01,439.489990234375,2026-07-29,-0.30544493211958335,True,18,True,13,True,11.0,True,4.0
LAMR,only 1 analysts,2026-10-01,166.3300018310547,2026-07-29,-0.13836950121016245,True,38,True,38,True,19.0,False,0.0
LDOS,distance -16.89% outside band,2026-10-01,205.0,2026-01-08,-0.40168293278391765,True,22,True,8,True,4.0,True,117.0
LEA,distance -5.10% outside band,2026-10-01,150.3300018310547,2026-06-02,-0.18868492747736076,True,13,True,18,True,18.0,True,13.0
LECO,expected growth -2.0% below threshold,2026-10-01,310.0,2026-02-12,-0.13154838315902218,False,0,True,2,False,0.0,False,0.0
LEN,distance -13.05% outside band,2026-10-01,124.16000366210938,2026-02-13,-0.33843430277929687,False,0,True,25,True,27.0,True,117.0
LFUS,distance +12.26% outside band,2026-10-01,500.57000732421875,2026-06-03,-0.1349062025115655,False,0,False,0,True,31.0,False,0.0
LH,distance +8.89% outside band,2026-10-01,341.79998779296875,2026-08-27,-0.10760678786675337,True,19,True,8,False,0.0,False,0.0
LHX,distance -23.19% outside band,2026-10-01,379.2300109863281,2026-03-02,-0.3703557422624305,True,33,True,46,True,113.0,True,86.0
LII,distance -25.81% outside band,2026-10-01,587.27001953125,2026-07-01,-0.3844739234690442,True,4,True,46,True,46.0,True,46.0
LIN,distance -3.24% outside band,2026-10-01,548.2000122070312,2026-07-07,-0.14231122384392547,False,0,True,54,True,44.0,True,19.0
LITE,distance +40.55% outside band,2026-10-01,1085.6800537109375,2026-05-12,-0.03987366159535799,False,0,False,0,False,0.0,False,0.0
LIVN,distance +4.60% outside band,2026-10-01,85.76000213623047,2026-08-04,-0.13048043566546141,True,13,True,13,True,7.0,False,0.0
LLY,distance +7.52% outside band,2026-10-01,1292.6500244140625,2026-08-19,-0.10712100575396744,False,0,True,2,False,0.0,False,0.0
LMT,distance -10.10% outside band,2026-10-01,692.0,2026-03-02,-0.2688583638626716,True,30,True,22,True,21.0,True,22.0
LNT,distance -9.59% outside band,2026-10-01,78.80999755859375,2026-07-07,-0.19350332010814553,True,56,True,48,True,46.0,True,33.0
LNTH,distance +13.37% outside band,2026-10-01,111.86000061035156,2026-06-30,-0.10910961706114308,True,10,True,47,True,9.0,False,0.0
LOPE,distance -2.77% outside band,2026-10-01,182.16000366210938,2026-01-22,-0.15338165283105987,False,0,False,0,False,0.0,True,117.0
LOW,distance -21.24% outside band,2026-10-01,293.05999755859375,2026-02-12,-0.3766293623131962,True,27,True,27,True,145.0,True,113.0
LPX,distance -16.41% outside band,2026-10-01,100.33999633789062,2026-02-10,-0.36037469954600765,True,6,True,30,True,30.0,True,67.0
LRCX,distance +23.66% outside band,2026-10-01,438.5,2026-06-30,-0.2268870928948119,False,0,False,0,False,0.0,False,0.0
LSCC,distance +15.37% outside band,2026-10-01,157.00999450683594,2026-06-22,-0.17603974496314656,False,0,False,0,True,32.0,False,0.0
LSTR,distance -2.48% outside band,2026-10-01,228.4600067138672,2026-06-08,-0.253085903987716,True,28,True,49,True,32.0,True,15.0
LULU,distance -33.75% outside band,2026-10-01,217.22000122070312,2026-01-08,-0.5561872836868921,True,19,True,19,True,149.0,True,117.0
LUV,distance -3.79% outside band,2026-10-01,55.11000061035156,2026-02-17,-0.24034475282893963,False,0,True,38,True,33.0,True,32.0
LVS,distance -29.23% outside band,2026-10-01,65.62000274658203,2026-01-02,-0.44056693770277566,True,26,True,26,True,170.0,True,113.0
LYB,distance -6.74% outside band,2026-10-01,83.94000244140625,2026-03-31,-0.3116512139771521,True,11,True,10,True,10.0,True,9.0
LYV,non-positive profit,2026-10-01,189.25,2026-08-14,-0.12047557755222094,True,26,True,23,True,18.0,False,0.0
M,distance +5.12% outside band,2026-10-01,26.59000015258789,2026-08-04,-0.14648365684137044,False,0,True,2,True,2.0,False,0.0
MA,distance +3.76% outside band,2026-10-01,601.22998046875,2026-08-25,-0.08141635108367529,True,19,True,8,False,0.0,False,0.0
MAA,distance -11.02% outside band,2026-10-01,144.41000366210938,2026-07-07,-0.19195346941173408,True,27,True,45,True,27.0,True,27.0
MANH,distance +28.39% outside band,2026-10-01,227.02999877929688,2026-08-27,-0.08921730604642708,True,18,False,0,False,0.0,False,0.0
MAR,expected growth -2.5% below threshold,2026-10-01,410.9800109863281,2026-06-15,-0.13579735283147465,False,0,False,0,True,43.0,False,0.0
MAS,distance -2.51% outside band,2026-10-01,83.63999938964844,2026-07-28,-0.18286702870108185,True,38,True,36,True,23.0,True,7.0
MAT,distance -5.27% outside band,2026-10-01,22.479999542236328,2026-02-10,-0.3294039094199437,False,0,False,0,False,0.0,True,117.0
MCD,distance -20.36% outside band,2026-10-01,341.75,2026-03-02,-0.3235991114495702,True,27,True,27,True,136.0,True,115.0
MCK,distance +6.56% outside band,2026-10-01,999.0,2026-03-03,-0.09651649940956586,False,0,False,0,False,0.0,False,0.0
MCO,distance -4.82% outside band,2026-10-01,546.8800048828125,2026-01-15,-0.17938122664502398,True,19,True,18,True,6.0,True,6.0
MDLZ,distance -3.14% outside band,2026-10-01,66.6500015258789,2026-07-29,-0.1341335669427557,True,25,True,10,True,10.0,True,3.0
MDT,distance -2.71% outside band,2026-10-01,105.5,2026-02-04,-0.18199049240039988,True,10,True,6,False,0.0,True,3.0
MEDP,distance +15.01% outside band,2026-10-01,677.9000244140625,2026-07-23,-0.11165363580983534,True,1,False,0,False,0.0,False,0.0
MET,distance +12.21% outside band,2026-10-01,100.93000030517578,2026-08-06,-0.06965222191658282,True,4,True,4,False,0.0,False,0.0
META,distance +16.10% outside band,2026-10-01,779.8200073242188,2026-09-24,-0.06500218251047174,False,0,False,0,False,0.0,False,0.0
MGM,distance -23.41% outside band,2026-10-01,51.59000015258789,2026-06-01,-0.40937971869140277,True,65,True,45,True,25.0,True,13.0
MIDD,distance -14.84% outside band,2026-10-01,148.5500030517578,2026-07-07,-0.30346685227160786,True,6,True,38,True,37.0,True,36.0
MKC,distance -20.42% outside band,2026-10-01,72.41000366210938,2026-02-13,-0.3886203809028499,True,22,True,20,True,14.0,True,117.0
MLI,growth 4.5% below threshold,2026-10-01,71.12000274658203,2026-08-06,-0.13751409190523634,False,0,True,16,True,31.0,True,16.0
MLM,distance -18.22% outside band,2026-10-01,710.969970703125,2026-02-10,-0.32108947290525536,True,46,True,46,True,62.0,True,68.0
MMS,distance -20.23% outside band,2026-10-01,100.0,2026-01-23,-0.4578499984741211,True,12,True,13,True,40.0,True,117.0
MNST,growth 2.6% below threshold,2026-10-01,50.16999816894531,2026-07-17,-0.15905919540527036,True,25,True,25,True,21.0,True,4.0
MO,growth 5.2% below threshold,2026-10-01,77.05999755859375,2026-07-28,-0.13158577356479062,True,3,True,3,True,13.0,True,1.0
MOG-A,distance +14.58% outside band,2026-10-01,448.8500061035156,2026-08-17,-0.12731428930418898,False,0,False,0,False,0.0,False,0.0
MOH,expected growth -33.2% below threshold,2026-10-01,244.88999938964844,2026-07-14,-0.25227652796469535,True,10,True,13,True,10.0,False,0.0
MORN,distance +3.38% outside band,2026-10-01,221.22000122070312,2026-01-14,-0.12903443635942757,True,19,True,6,False,0.0,False,0.0
MOS,distance -12.71% outside band,2026-10-01,32.25,2026-03-12,-0.3365891330925993,True,10,True,5,True,4.0,True,7.0
MP,distance -19.07% outside band,2026-10-01,76.80000305175781,2026-05-08,-0.4019961098036723,True,23,True,7,True,24.0,True,24.0
MPC,distance +60.42% outside band,2026-10-01,431.0799865722656,2026-09-21,-0.030504765486903285,False,0,False,0,False,0.0,False,0.0
MPWR,distance +6.13% outside band,2026-10-01,1714.0899658203125,2026-05-26,-0.20695821234063239,False,0,False,0,True,35.0,False,0.0
MRK,distance +16.94% outside band,2026-10-01,156.9199981689453,2026-08-25,-0.086094791387205,True,2,False,0,False,0.0,False,0.0
MRNA,distance +183.55% outside band,2026-10-01,208.9029998779297,2026-09-29,-0.08244689612273826,False,0,False,0,False,0.0,False,0.0
MRSH,distance -3.16% outside band,2026-10-01,198.49000549316406,2026-07-29,-0.13527132530831798,True,23,True,18,True,11.0,True,12.0
MRVL,distance +60.86% outside band,2026-10-01,329.8800048828125,2026-06-18,-0.19070571944625048,False,0,False,0,False,0.0,False,0.0
MS,distance -3.27% outside band,2026-10-01,232.25,2026-07-15,-0.19276643389649484,True,16,True,17,True,14.0,True,4.0
MSA,stale filing (2026-03-31),2026-10-01,208.9199981689453,2026-02-12,-0.13990999417825922,True,24,True,16,False,0.0,False,0.0
MSCI,distance -4.13% outside band,2026-10-01,644.77001953125,2026-07-17,-0.14813811398656107,True,18,True,52,True,45.0,True,19.0
MSFT,distance +19.21% outside band,2026-10-01,522.8499755859375,2026-10-01,-0.013579374423764334,False,0,False,0,False,0.0,False,0.0
MSI,distance +4.38% outside band,2026-10-01,494.8500061035156,2026-09-01,-0.0917854155148442,True,20,True,6,False,0.0,False,0.0
MSM,distance +22.48% outside band,2026-10-01,130.4600067138672,2026-08-05,-0.01326085311433789,False,0,False,0,False,0.0,False,0.0
MTB,distance -3.29% outside band,2026-10-01,255.9499969482422,2026-08-17,-0.15424886188032516,True,31,True,30,True,12.0,True,7.0
MTD,distance +12.85% outside band,2026-10-01,1554.8299560546875,2026-09-30,-0.043200815377548274,False,0,False,0,False,0.0,False,0.0
MTDR,non-positive profit,2026-10-01,66.83999633789062,2026-03-30,-0.2055655089253876,True,12,True,9,True,9.0,False,0.0
MTG,distance -5.27% outside band,2026-10-01,31.889999389648438,2026-07-30,-0.17199745399754918,True,18,True,13,True,4.0,True,2.0
MTN,stale filing (2026-04-30),2026-10-01,160.49000549316406,2026-07-29,-0.14483774428537022,True,2,True,25,True,2.0,True,2.0
MTSI,distance +10.24% outside band,2026-10-01,418.8999938964844,2026-05-27,-0.2827643433165665,False,0,False,0,True,32.0,False,0.0
MTZ,distance -30.61% outside band,2026-10-01,441.42999267578125,2026-05-06,-0.5201277544667468,True,32,True,64,True,56.0,True,32.0
MU,distance +60.61% outside band,2026-10-01,1255.0,2026-06-25,-0.13311159658242033,False,0,False,0,False,0.0,False,0.0
MUR,distance +5.04% outside band,2026-10-01,43.34000015258789,2026-04-07,-0.129787724508444,False,0,False,0,False,0.0,False,0.0
MUSA,expected growth -24.7% below threshold,2026-10-01,636.0499877929688,2026-06-11,-0.19621097427579948,True,3,True,32,True,27.0,False,0.0
MZTI,distance -23.71% outside band,2026-10-01,176.25999450683594,2026-02-02,-0.43174851478720067,True,23,True,22,True,26.0,True,117.0
NBIX,distance -4.51% outside band,2026-10-01,186.1199951171875,2026-07-30,-0.24411669219089716,True,13,True,44,True,19.0,True,10.0
NCLH,distance -24.90% outside band,2026-10-01,25.1299991607666,2026-01-08,-0.41802624399475474,True,2,True,40,True,33.0,True,40.0
NDAQ,growth -2.3% below threshold,2026-10-01,101.79000091552734,2026-01-16,-0.10010808870964294,True,6,True,6,False,0.0,False,0.0
NDSN,distance +14.80% outside band,2026-10-01,339.1199951171875,2026-08-26,-0.029502845679610035,False,0,False,0,False,0.0,False,0.0
NEE,distance -12.93% outside band,2026-10-01,98.75,2026-05-01,-0.22906331895272947,True,46,True,44,True,95.0,True,44.0
NEM,distance +3.02% outside band,2026-10-01,135.2899932861328,2026-08-25,-0.15152703503634235,True,7,True,2,False,0.0,False,0.0
NEU,distance +23.17% outside band,2026-10-01,981.6599731445312,2026-08-17,-0.06572536342641977,False,0,False,0,False,0.0,False,0.0
NFG,distance -8.80% outside band,2026-10-01,97.05999755859375,2026-03-16,-0.21522769333511926,True,17,True,15,True,9.0,True,17.0
NFLX,distance -19.21% outside band,2026-10-01,108.94999694824219,2026-04-16,-0.3755851245079408,True,13,True,11,True,13.0,True,116.0
NI,distance -12.15% outside band,2026-10-01,49.209999084472656,2026-06-29,-0.19924813020916265,True,14,True,61,True,57.0,True,46.0
NJR,distance -5.48% outside band,2026-10-01,60.86000061035156,2026-07-28,-0.16324353062200248,True,44,True,41,True,41.0,True,16.0
NKE,distance -27.46% outside band,2026-10-01,68.48999786376953,2026-02-20,-0.48218716223163305,True,45,True,53,True,154.0,True,117.0
NLY,distance -16.65% outside band,2026-10-01,24.520000457763672,2026-01-28,-0.23731648187217624,True,26,True,22,True,16.0,True,16.0
NNN,distance -9.02% outside band,2026-10-01,50.0,2026-07-17,-0.19559997558593745,True,45,True,38,True,26.0,True,16.0
NOC,distance -19.17% outside band,2026-10-01,774.0,2026-03-03,-0.3746253119574653,True,29,True,23,True,30.0,True,114.0
NOV,distance -2.43% outside band,2026-10-01,21.93000030517578,2026-09-09,-0.13816692405290965,True,12,True,10,True,6.0,True,3.0
NOVT,distance +2.68% outside band,2026-10-01,176.3800048828125,2026-08-06,-0.18363759209082953,False,0,True,31,True,31.0,False,0.0
NOW,distance +19.81% outside band,2026-10-01,153.1999969482422,2026-01-02,-0.09389683285500217,False,0,False,0,False,0.0,False,0.0
NRG,distance -31.67% outside band,2026-10-01,189.9600067138672,2026-02-25,-0.4921809954503973,True,17,True,42,True,109.0,True,109.0
NSC,expected growth 9.4% below threshold,2026-10-01,358.6000061035156,2026-07-23,-0.13265478671098208,True,22,True,22,True,17.0,True,2.0
NTAP,distance +54.44% outside band,2026-10-01,216.80999755859375,2026-09-30,-0.01563580751728144,False,0,False,0,False,0.0,False,0.0
NTNX,distance +42.37% outside band,2026-10-01,74.41999816894531,2026-08-27,-0.03601049703015402,False,0,False,0,False,0.0,False,0.0
NTRS,distance +4.18% outside band,2026-10-01,195.77999877929688,2026-08-13,-0.13453875013853556,True,14,True,14,True,8.0,False,0.0
NUE,distance +9.55% outside band,2026-10-01,280.1099853515625,2026-08-05,-0.16202556717528205,True,10,True,10,True,5.0,False,0.0
NVDA,distance +15.37% outside band,2026-10-01,236.5399932861328,2026-05-14,-0.022469719005140387,False,0,False,0,False,0.0,False,0.0
NVR,distance -8.46% outside band,2026-10-01,8200.0,2026-02-12,-0.2521987542873476,True,3,True,7,True,4.0,True,117.0
NVST,distance -9.84% outside band,2026-10-01,30.420000076293945,2026-02-11,-0.2396449999093978,True,25,True,18,True,16.0,True,13.0
NVT,distance +18.03% outside band,2026-10-01,184.63999938964844,2026-06-22,-0.10401322516539924,False,0,False,0,False,0.0,False,0.0
NWE,growth -60.6% below threshold,2026-10-01,75.18000030517578,2026-04-15,-0.08978451679435939,True,17,True,17,True,17.0,True,7.0
NWS,distance +3.75% outside band,2026-10-01,35.7599983215332,2026-08-27,-0.12486013576098576,True,19,True,10,True,1.0,False,0.0
NWSA,distance +7.16% outside band,2026-10-01,31.65999984741211,2026-08-27,-0.1015476995604182,True,12,True,7,False,0.0,False,0.0
NXPI,distance -2.24% outside band,2026-10-01,339.95001220703125,2026-05-27,-0.29361674986323416,False,0,False,0,True,47.0,True,44.0
NXST,distance -19.39% outside band,2026-10-01,254.3000030517578,2026-02-09,-0.37613058595129367,True,26,True,23,True,26.0,True,106.0
NXT,distance -26.74% outside band,2026-10-01,163.1300048828125,2026-05-29,-0.5160301931888165,True,33,True,71,True,71.0,True,55.0
NYT,distance -13.56% outside band,2026-10-01,87.0999984741211,2026-04-07,-0.26877152993714026,True,8,True,8,True,45.0,True,41.0
O,distance -13.24% outside band,2026-10-01,67.94000244140625,2026-02-27,-0.21025909845130264,True,27,True,34,True,27.0,True,23.0
OC,distance -7.61% outside band,2026-10-01,159.91000366210938,2026-06-30,-0.2712776179686336,True,30,True,25,True,18.0,True,7.0
ODFL,distance -10.94% outside band,2026-10-01,252.02999877929688,2026-06-09,-0.294369729003469,True,47,True,46,True,38.0,True,22.0
OGE,distance -2.02% outside band,2026-10-01,50.59000015258789,2026-07-28,-0.09616528293720383,True,14,True,46,True,46.0,True,15.0
OGS,distance -12.02% outside band,2026-10-01,90.77999877929688,2026-04-09,-0.21359329863827325,True,17,True,17,True,96.0,True,89.0
OHI,distance -2.53% outside band,2026-10-01,52.38999938964844,2026-07-30,-0.13494941357493417,True,8,True,38,True,37.0,True,2.0
OKE,expected growth 0.7% below threshold,2026-10-01,99.8499984741211,2026-09-01,-0.13214822129660897,True,13,True,9,True,5.0,True,2.0
OKTA,distance +90.82% outside band,2026-10-01,213.86000061035156,2026-10-01,-0.004933170913491769,False,0,False,0,False,0.0,False,0.0
OLED,distance -19.04% outside band,2026-10-01,134.60000610351562,2026-02-12,-0.42213970837802706,True,26,True,14,True,26.0,True,117.0
OLLI,distance -2.38% outside band,2026-10-01,121.0,2026-01-12,-0.2778512623684466,False,0,False,0,False,0.0,True,117.0
OLN,distance -30.89% outside band,2026-10-01,30.459999084472656,2026-03-31,-0.4794812863169585,True,44,True,49,True,84.0,True,50.0
OMC,distance -4.58% outside band,2026-10-01,89.56999969482422,2026-08-24,-0.16545718148172095,True,22,True,19,True,11.0,True,10.0
ON,non-positive profit,2026-10-01,134.9199981689453,2026-06-03,-0.4108360588307076,False,0,False,0,True,50.0,True,31.0
ONB,growth 8.6% below threshold,2026-10-01,27.360000610351562,2026-08-04,-0.09173977240088893,True,4,True,31,True,4.0,False,0.0
ONTO,distance +23.03% outside band,2026-10-01,386.4599914550781,2026-06-30,-0.19542771714122797,False,0,False,0,False,0.0,False,0.0
OPCH,distance -14.66% outside band,2026-10-01,36.79999923706055,2026-01-23,-0.38423912181520714,True,8,True,7,False,0.0,True,117.0
ORA,distance -21.35% outside band,2026-10-01,146.38999938964844,2026-06-03,-0.3873898443945396,True,28,True,17,True,69.0,True,67.0
ORCL,distance -15.33% outside band,2026-10-01,250.25,2026-06-01,-0.4481318852046391,True,10,True,6,True,71.0,True,80.0
ORI,distance -8.83% outside band,2026-10-01,44.650001525878906,2026-07-29,-0.16147822290646607,True,19,True,19,True,11.0,True,19.0
ORLY,distance -6.82% outside band,2026-10-01,102.11000061035156,2026-01-26,-0.16957205305952094,True,2,True,25,True,27.0,True,38.0
OSK,distance -10.94% outside band,2026-10-01,180.49000549316406,2026-02-11,-0.2752507419944198,True,18,True,16,True,9.0,True,15.0
OTIS,distance -17.38% outside band,2026-10-01,94.56500244140625,2026-02-20,-0.3167662566245394,True,34,True,33,True,145.0,True,117.0
OVV,distance +9.54% outside band,2026-10-01,67.51000213623047,2026-09-02,-0.11390908307021474,True,12,True,10,False,0.0,False,0.0
OXY,distance +6.98% outside band,2026-10-01,67.44999694824219,2026-03-31,-0.14462561445189503,True,12,True,9,False,0.0,False,0.0
OZK,distance -4.57% outside band,2026-10-01,53.38999938964844,2026-07-01,-0.1329836777540343,True,18,True,32,True,18.0,True,12.0
P,distance +71.86% outside band,2026-10-01,135.67999267578125,2026-10-01,-0.008659993045374681,False,0,False,0,False,0.0,False,0.0
PAG,distance +13.77% outside band,2026-10-01,227.0,2026-07-29,-0.10594715000774368,True,16,True,10,False,0.0,False,0.0
PANW,distance +59.17% outside band,2026-10-01,404.69000244140625,2026-09-30,-0.01966935532644054,False,0,False,0,False,0.0,False,0.0
PATH,distance +5.52% outside band,2026-10-01,18.829999923706055,2026-09-03,-0.28863512947230463,True,19,True,13,False,0.0,False,0.0
PAYX,distance -2.91% outside band,2026-10-01,127.9800033569336,2026-09-01,-0.21182997264613546,True,19,True,12,True,7.0,True,6.0
PB,distance -5.56% outside band,2026-10-01,77.19999694824219,2026-02-12,-0.1361398305997633,True,31,True,31,True,13.0,True,12.0
PBF,distance +68.81% outside band,2026-10-01,82.61000061035156,2026-09-11,-0.019368096626313336,False,0,False,0,False,0.0,False,0.0
PCAR,distance -8.79% outside band,2026-10-01,139.24000549316406,2026-07-28,-0.20888398137340713,True,36,True,25,True,12.0,True,12.0
PCG,distance -26.53% outside band,2026-10-01,19.15999984741211,2026-03-02,-0.36560543685949276,True,24,True,24,True,24.0,True,24.0
PCTY,distance +17.95% outside band,2026-10-01,161.92999267578125,2026-09-01,-0.08880374405262448,False,0,False,0,False,0.0,False,0.0
PEG,distance -14.34% outside band,2026-10-01,87.62999725341797,2026-02-26,-0.2283464011640769,True,60,True,48,True,60.0,True,60.0
PEGA,distance -12.64% outside band,2026-10-01,62.150001525878906,2026-01-07,-0.442638800656754,True,10,False,0,False,0.0,True,117.0
PEN,distance -2.64% outside band,2026-10-01,362.4100036621094,2026-01-21,-0.12209927858739844,True,28,True,18,True,20.0,True,25.0
PEP,distance -14.71% outside band,2026-10-01,171.47999572753906,2026-02-12,-0.2669115802626295,True,23,True,19,True,101.0,True,98.0
PFE,distance +6.55% outside band,2026-10-01,29.209999084472656,2026-09-03,-0.03731592877107193,False,0,False,0,False,0.0,False,0.0
PFG,distance +10.43% outside band,2026-10-01,121.18000030517578,2026-09-03,-0.07497029113273335,True,8,True,2,False,0.0,False,0.0
PFGC,distance -5.01% outside band,2026-10-01,117.4749984741211,2026-07-29,-0.21672695820533516,True,36,True,36,True,24.0,True,18.0
PG,distance -2.49% outside band,2026-10-01,167.25,2026-02-27,-0.13919281781343418,True,2,True,2,True,2.0,True,2.0
PGR,expected growth -25.8% below threshold,2026-10-01,239.3800048828125,2026-07-07,-0.12064501751911394,True,12,True,10,True,8.0,False,0.0
PH,distance +2.14% outside band,2026-10-01,1099.93994140625,2026-08-06,-0.12302029984769236,False,0,True,23,False,0.0,False,0.0
PHM,distance -6.94% outside band,2026-10-01,144.5,2026-02-17,-0.19667818802038284,True,7,True,25,True,22.0,True,22.0
PII,distance -17.73% outside band,2026-10-01,77.9800033569336,2026-07-28,-0.32444218982594164,True,38,True,36,True,30.0,True,30.0
PINS,distance -9.18% outside band,2026-10-01,27.735000610351562,2026-01-13,-0.30394808435769216,False,0,True,23,True,22.0,True,23.0
PK,distance +21.46% outside band,2026-10-01,16.200000762939453,2026-08-26,-0.047839539241106066,False,0,False,0,False,0.0,False,0.0
PKG,distance +2.11% outside band,2026-10-01,259.9800109863281,2026-08-13,-0.11095090107142547,True,3,True,24,True,3.0,False,0.0
PLD,distance -6.84% outside band,2026-10-01,153.35000610351562,2026-07-17,-0.16211281135241917,True,24,True,25,True,25.0,True,17.0
PLNT,distance -38.61% outside band,2026-10-01,110.52999877929688,2026-01-02,-0.6215506894686607,True,19,True,23,True,182.0,True,117.0
PLTR,distance +25.56% outside band,2026-10-01,194.67999267578125,2026-09-24,-0.019108208865146747,False,0,False,0,False,0.0,False,0.0
PM,distance +6.05% outside band,2026-10-01,207.75999450683594,2026-07-28,-0.0926549889727043,True,1,True,1,False,0.0,False,0.0
PNC,distance -3.66% outside band,2026-10-01,258.9599914550781,2026-08-17,-0.1516836579990033,True,31,True,31,True,12.0,True,7.0
PNFP,distance -2.25% outside band,2026-10-01,110.33000183105469,2026-08-04,-0.14171124695685144,True,32,True,28,True,13.0,True,12.0
PNR,distance -34.80% outside band,2026-10-01,109.08999633789062,2026-01-22,-0.5141075964965629,True,33,True,56,True,171.0,True,117.0
PNW,distance -5.05% outside band,2026-10-01,111.16000366210938,2026-07-17,-0.15419221351542123,True,53,True,46,True,46.0,True,25.0
PODD,distance -32.48% outside band,2026-10-01,299.79998779296875,2026-01-07,-0.5626917909747364,True,18,True,41,True,210.0,True,117.0
POR,distance -11.38% outside band,2026-10-01,54.619998931884766,2026-04-09,-0.18198459943408107,True,24,True,46,True,48.0,True,31.0
POST,distance -23.02% outside band,2026-10-01,117.27999877929688,2026-02-06,-0.3807128409841086,True,17,True,39,True,45.0,True,97.0
PPC,distance -24.66% outside band,2026-10-01,44.84000015258789,2026-02-04,-0.43487957033101343,True,18,True,8,True,8.0,True,117.0
PPG,distance -6.52% outside band,2026-10-01,133.42999267578125,2026-02-12,-0.2155437014578817,True,36,True,38,True,23.0,True,18.0
PPL,distance -9.38% outside band,2026-10-01,40.11000061035156,2026-04-13,-0.18411872410504404,True,17,True,32,True,103.0,True,63.0
PR,distance +13.32% outside band,2026-10-01,24.645000457763672,2026-09-15,-0.11077295563110134,True,12,True,8,False,0.0,False,0.0
PRI,growth 6.4% below threshold,2026-10-01,327.2799987792969,2026-08-06,-0.16154361804688433,True,38,True,31,True,11.0,True,8.0
PRU,distance +3.78% outside band,2026-10-01,127.72000122070312,2026-08-05,-0.11650489148602106,True,4,True,17,True,2.0,False,0.0
PSA,distance -4.94% outside band,2026-10-01,335.54998779296875,2026-07-29,-0.15121440047758583,True,30,True,26,True,25.0,True,10.0
PSKY,distance -10.65% outside band,2026-10-01,14.100000381469727,2026-03-02,-0.3294326476663184,True,11,True,1,True,1.0,True,11.0
PSN,distance -25.84% outside band,2026-10-01,74.62999725341797,2026-01-23,-0.4443253015287516,True,18,True,46,True,46.0,True,117.0
PSX,distance +43.56% outside band,2026-10-01,277.1199951171875,2026-09-18,-0.04992419059919384,False,0,False,0,False,0.0,False,0.0
PTC,growth -79.9% below threshold,2026-10-01,176.1999969482422,2026-01-06,-0.16538024911662264,False,0,False,0,False,0.0,False,0.0
PVH,non-positive profit,2026-10-01,100.75,2026-06-03,-0.2460545996578396,False,0,True,33,True,36.0,True,25.0
PWR,distance +9.11% outside band,2026-10-01,788.75,2026-05-06,-0.1638414966323296,False,0,False,0,True,30.0,False,0.0
PYPL,distance +6.47% outside band,2026-10-01,62.72999954223633,2026-08-20,-0.14634146934745085,False,0,True,19,False,0.0,False,0.0
Q,growth -17.9% below threshold,2026-10-01,177.27999877929688,2026-06-22,-0.28302682630784637,False,0,True,64,True,34.0,False,0.0
QCOM,distance +8.28% outside band,2026-10-01,259.9200134277344,2026-05-29,-0.2949754134613838,True,1,False,0,True,4.0,False,0.0
QLYS,distance +49.03% outside band,2026-10-01,201.5399932861328,2026-08-05,-0.057060635025789064,False,0,False,0,False,0.0,False,0.0
RBA,distance -19.98% outside band,2026-10-01,119.33000183105469,2026-02-11,-0.31567918872806044,True,12,True,41,True,41.0,True,41.0
RBC,distance -7.47% outside band,2026-10-01,667.6900024414062,2026-06-25,-0.23940002192069731,False,0,True,62,True,48.0,True,31.0
RCL,distance -6.06% outside band,2026-10-01,356.3900146484375,2026-02-10,-0.2436095394251231,False,0,True,33,True,25.0,True,25.0
RDDT,distance -11.31% outside band,2026-10-01,263.5,2026-01-09,-0.43149903965177305,True,7,True,33,True,32.0,True,33.0
REG,distance -5.92% outside band,2026-10-01,83.66000366210938,2026-07-17,-0.14200458456735698,True,45,True,42,True,40.0,True,19.0
REXR,non-positive profit,2026-10-01,41.599998474121094,2026-02-04,-0.127644176763541,True,5,True,4,False,0.0,True,2.0
RF,distance -6.34% outside band,2026-10-01,32.470001220703125,2026-07-16,-0.17216202746863885,True,31,True,30,True,12.0,True,12.0
RGA,distance +12.10% outside band,2026-10-01,257.80999755859375,2026-09-03,-0.049067119259443515,True,2,False,0,False,0.0,False,0.0
RGEN,distance +25.53% outside band,2026-10-01,198.8699951171875,2026-09-28,-0.09476040470357727,False,0,False,0,False,0.0,False,0.0
RGLD,distance -3.21% outside band,2026-10-01,306.25,2026-01-29,-0.23794284119897957,True,7,True,2,False,0.0,True,4.0
RH,distance -24.67% outside band,2026-10-01,239.39999389648438,2026-01-22,-0.495969072715589,True,33,True,30,True,28.0,True,30.0
RJF,growth 9.8% below threshold,2026-10-01,182.72999572753906,2026-08-06,-0.12718213089123676,True,18,True,16,True,8.0,True,3.0
RL,expected growth -1.3% below threshold,2026-10-01,421.6000061035156,2026-06-15,-0.1372035113455392,False,0,False,0,True,30.0,True,27.0
RLI,distance -4.15% outside band,2026-10-01,67.0,2026-08-24,-0.1576119607953883,True,23,True,19,True,7.0,True,9.0
RMD,growth -3.8% below threshold,2026-10-01,277.6700134277344,2026-02-10,-0.19660031316592685,True,12,False,0,False,0.0,True,10.0
RNR,distance +6.47% outside band,2026-10-01,340.239990234375,2026-09-03,-0.049847143022180296,True,5,True,4,False,0.0,False,0.0
ROIV,distance +18.81% outside band,2026-10-01,42.5,2026-09-08,-0.15823525821461393,True,7,True,1,False,0.0,False,0.0
ROK,distance +3.75% outside band,2026-10-01,497.3599853515625,2026-06-30,-0.1165051039755074,False,0,False,0,True,32.0,False,0.0
ROKU,distance +22.64% outside band,2026-10-01,159.88999938964844,2026-08-25,-0.05632000073292576,True,13,True,3,False,0.0,False,0.0
ROL,distance -38.61% outside band,2026-10-01,66.13999938964844,2026-02-11,-0.5378741938899785,True,27,True,94,True,147.0,True,117.0
ROP,expected growth -50.2% below threshold,2026-10-01,445.0,2026-01-02,-0.18361795832601824,True,19,True,13,True,6.0,True,10.0
ROST,distance +8.08% outside band,2026-10-01,257.0,2026-08-03,-0.08466923932620984,False,0,True,25,False,0.0,False,0.0
RPM,distance -6.60% outside band,2026-10-01,121.77999877929688,2026-02-12,-0.1862785168827764,True,32,True,29,True,23.0,True,23.0
RRC,distance -4.56% outside band,2026-10-01,48.310001373291016,2026-03-27,-0.2226247311609748,True,12,True,12,True,12.0,True,12.0
RRX,distance -16.95% outside band,2026-10-01,247.8000030517578,2026-07-01,-0.3679176636244944,False,0,True,41,True,41.0,True,41.0
RS,distance +10.03% outside band,2026-10-01,433.0199890136719,2026-08-11,-0.09381783989356973,False,0,True,10,False,0.0,False,0.0
RSG,distance -3.49% outside band,2026-10-01,233.4199981689453,2026-03-03,-0.11018765068315794,True,12,True,10,True,7.0,True,9.0
RTX,distance -5.18% outside band,2026-10-01,226.8800048828125,2026-08-10,-0.18547250055283515,True,30,True,22,True,11.0,True,8.0
RVTY,distance +40.72% outside band,2026-10-01,158.27999877929688,2026-09-30,-0.057619378238082275,False,0,False,0,False,0.0,False,0.0
RYAN,distance -4.47% outside band,2026-10-01,53.49300003051758,2026-01-06,-0.28270990765156545,True,23,True,19,True,7.0,True,18.0
RYN,distance -14.91% outside band,2026-10-01,24.81999969482422,2026-01-22,-0.2693392243407813,True,34,True,33,True,26.0,True,34.0
SAIA,distance -11.48% outside band,2026-10-01,494.7099914550781,2026-06-09,-0.304582473122465,False,0,True,74,True,47.0,True,32.0
SAIC,distance +17.59% outside band,2026-10-01,142.66000366210938,2026-08-31,-0.11397730070680734,True,3,True,1,False,0.0,False,0.0
SANM,distance +17.57% outside band,2026-10-01,288.67999267578125,2026-06-03,-0.23389216685170178,False,0,False,0,False,0.0,False,0.0
SARO,distance -22.75% outside band,2026-10-01,34.47999954223633,2026-01-20,-0.3841357049805144,True,38,True,36,True,32.0,True,36.0
SBAC,distance -17.03% outside band,2026-10-01,224.4600067138672,2026-04-20,-0.2923461125064759,True,16,True,14,True,76.0,True,76.0
SBRA,distance -3.63% outside band,2026-10-01,22.770000457763672,2026-07-28,-0.15568730808194775,True,15,True,15,True,12.0,True,10.0
SBUX,distance -4.27% outside band,2026-10-01,110.51000213623047,2026-08-13,-0.14500951240706872,True,20,True,19,True,18.0,True,13.0
SCHW,expected growth 8.4% below threshold,2026-10-01,114.52999877929688,2026-08-24,-0.14170522998231505,True,19,True,8,True,5.0,True,2.0
SCI,distance -3.63% outside band,2026-10-01,90.98999786376953,2026-07-30,-0.15386306548727302,True,25,True,14,True,11.0,True,11.0
SEIC,distance +14.30% outside band,2026-10-01,112.1500015258789,2026-08-28,-0.07374056317380084,True,18,True,4,False,0.0,False,0.0
SF,distance -9.99% outside band,2026-10-01,89.82666778564453,2026-01-05,-0.21816087484704338,True,19,True,16,True,13.0,True,14.0
SFM,distance -15.84% outside band,2026-10-01,94.88999938964844,2026-05-19,-0.30846239678930243,True,25,True,22,True,22.0,True,18.0
SGI,distance -18.31% outside band,2026-10-01,98.55999755859375,2026-02-12,-0.3652597106031866,True,13,True,17,True,54.0,True,114.0
SHC,distance +7.44% outside band,2026-10-01,19.850000381469727,2026-01-09,-0.0808563985587939,True,11,True,2,False,0.0,False,0.0
SHW,distance -3.89% outside band,2026-10-01,377.7699890136719,2026-02-13,-0.15205020015321402,True,2,True,23,True,2.0,True,22.0
SIGI,distance -2.46% outside band,2026-10-01,100.4000015258789,2026-07-06,-0.1553784684963383,True,19,True,37,True,18.0,True,7.0
SIRI,growth -2.4% below threshold,2026-10-01,32.65999984741211,2026-07-29,-0.2152480318276102,True,12,True,19,True,12.0,False,0.0
SITM,distance +28.53% outside band,2026-10-01,901.8099975585938,2026-05-11,-0.24873865121109584,False,0,False,0,False,0.0,False,0.0
SJM,distance +6.54% outside band,2026-10-01,135.88999938964844,2026-08-27,-0.14890720951679526,True,18,True,6,False,0.0,False,0.0
SLAB,distance +10.02% outside band,2026-10-01,222.9199981689453,2026-10-01,-0.0021981226322849157,False,0,False,0,False,0.0,False,0.0
SLB,distance -3.54% outside band,2026-10-01,60.459999084472656,2026-08-31,-0.1952530678785197,True,14,True,11,True,12.0,True,3.0
SLGN,distance -16.77% outside band,2026-10-01,49.54999923706055,2026-02-06,-0.29868818294533894,True,23,True,40,True,19.0,True,23.0
SLM,distance -6.08% outside band,2026-10-01,29.329999923706055,2026-01-23,-0.22591201731739896,True,18,True,12,True,8.0,True,8.0
SMCI,distance +31.02% outside band,2026-10-01,51.400001525878906,2026-06-02,-0.1857996488400575,False,0,False,0,False,0.0,False,0.0
SMG,distance -20.38% outside band,2026-10-01,75.33999633789062,2026-07-17,-0.34052291228606,True,42,True,40,True,40.0,True,26.0
SMTC,distance +60.52% outside band,2026-10-01,190.63999938964844,2026-09-21,-0.020877023396356442,False,0,False,0,False,0.0,False,0.0
SN,distance +33.49% outside band,2026-10-01,194.5399932861328,2026-08-28,-0.07648807513906763,False,0,False,0,False,0.0,False,0.0
SNA,distance -3.03% outside band,2026-10-01,423.0199890136719,2026-08-06,-0.13051390688134545,True,36,True,33,True,23.0,True,13.0
SNDK,distance +56.93% outside band,2026-10-01,2354.389892578125,2026-06-22,-0.2413193812547434,False,0,False,0,False,0.0,False,0.0
SNPS,distance +10.62% outside band,2026-10-01,539.47998046875,2026-05-26,-0.0880848052459372,False,0,False,0,False,0.0,False,0.0
SNX,distance +28.05% outside band,2026-10-01,298.7699890136719,2026-09-23,-0.07878963380845638,False,0,False,0,False,0.0,False,0.0
SO,distance -9.54% outside band,2026-10-01,99.58000183105469,2026-03-17,-0.16268331271093273,True,45,True,43,True,45.0,True,33.0
SOLS,distance -18.07% outside band,2026-10-01,90.80000305175781,2026-05-13,-0.37648678661172386,True,14,True,14,True,63.0,True,40.0
SOLV,distance +12.37% outside band,2026-10-01,94.16000366210938,2026-09-01,-0.07014659197163442,True,16,True,1,False,0.0,False,0.0
SON,distance -6.15% outside band,2026-10-01,60.66999816894531,2026-07-28,-0.19663749547605935,True,26,True,23,True,20.0,True,18.0
SPG,growth 0.7% below threshold,2026-10-01,238.5,2026-07-29,-0.15798739067413525,True,42,True,30,True,23.0,True,2.0
SPGI,distance -8.23% outside band,2026-10-01,522.46923828125,2026-01-15,-0.2543101534835428,True,18,True,17,True,13.0,True,18.0
SPXC,distance -20.19% outside band,2026-10-01,251.0800018310547,2026-06-25,-0.32718658816383983,True,32,True,62,True,32.0,True,32.0
SR,distance -10.02% outside band,2026-10-01,95.30999755859375,2026-04-09,-0.2003462565295323,True,17,True,16,True,17.0,True,88.0
SRE,distance -13.52% outside band,2026-10-01,101.04000091552734,2026-04-09,-0.22886975247885477,True,16,True,48,True,49.0,True,48.0
SSB,growth 1.9% below threshold,2026-10-01,112.19999694824219,2026-08-17,-0.10499107932000196,True,18,True,12,True,3.0,False,0.0
SSD,distance -6.48% outside band,2026-10-01,213.49000549316406,2026-06-25,-0.19164835585819484,True,4,True,32,True,30.0,True,25.0
ST,distance +2.26% outside band,2026-10-01,53.88999938964844,2026-06-03,-0.21970681548870452,False,0,True,41,True,32.0,False,0.0
STAG,distance -6.12% outside band,2026-10-01,42.61000061035156,2026-07-17,-0.16263788326471473,True,7,True,45,True,42.0,True,42.0
STE,distance -8.29% outside band,2026-10-01,269.44000244140625,2026-01-16,-0.22260983960829128,True,25,True,19,True,18.0,True,23.0
STLD,distance +4.62% outside band,2026-10-01,288.739990234375,2026-06-15,-0.21531476419214346,True,10,True,10,True,10.0,False,0.0
STRL,distance -7.31% outside band,2026-10-01,1005.6799926757812,2026-06-04,-0.5041315317094475,False,0,True,64,True,48.0,True,29.0
STT,distance +12.45% outside band,2026-10-01,195.92999267578125,2026-08-27,-0.11220837122136051,True,14,True,13,True,2.0,False,0.0
STWD,distance -23.23% outside band,2026-10-01,18.59000015258789,2026-01-09,-0.2915546009578399,True,28,True,36,True,101.0,True,117.0
STX,distance +44.21% outside band,2026-10-01,1145.0,2026-06-18,-0.18407861967794759,False,0,False,0,False,0.0,False,0.0
STZ,distance -21.11% outside band,2026-10-01,168.60000610351562,2026-04-13,-0.3290035993002316,True,25,True,27,True,106.0,True,67.0
SUI,distance -11.52% outside band,2026-10-01,137.85000610351562,2026-03-02,-0.20152343256213268,True,23,True,21,True,25.0,True,26.0
SWK,distance +6.82% outside band,2026-10-01,104.68000030517578,2026-08-11,-0.14558652865246513,True,28,True,18,True,4.0,False,0.0
SWKS,distance +26.42% outside band,2026-10-01,92.80000305175781,2026-09-23,-0.10506465171732893,True,1,False,0,False,0.0,False,0.0
SWX,distance -7.29% outside band,2026-10-01,94.47000122070312,2026-07-17,-0.14062669091188662,True,30,True,29,True,25.0,True,16.0
SYF,distance -4.57% outside band,2026-10-01,88.7699966430664,2026-01-09,-0.1966880674185134,True,18,True,16,True,12.0,True,12.0
SYK,distance -17.31% outside band,2026-10-01,389.3299865722656,2026-03-02,-0.2978064387678997,True,30,True,23,True,22.0,True,35.0
SYNA,distance +7.10% outside band,2026-10-01,149.11000061035156,2026-05-27,-0.29199920016970815,False,0,False,0,True,44.0,False,0.0
SYY,distance -2.43% outside band,2026-10-01,91.8499984741211,2026-02-17,-0.1519325210983703,True,13,True,13,True,13.0,True,12.0
T,distance -3.07% outside band,2026-10-01,29.440000534057617,2026-03-24,-0.17187504352920646,True,11,True,3,False,0.0,True,4.0
TCBI,distance -6.15% outside band,2026-10-01,108.91999816894531,2026-02-04,-0.14978879072973916,True,13,True,41,True,32.0,True,14.0
TDG,distance -11.94% outside band,2026-10-01,1463.030029296875,2026-01-16,-0.24852529907447074,True,33,True,41,True,32.0,True,42.0
TECH,distance +16.92% outside band,2026-10-01,72.69000244140625,2026-09-22,-0.0032329151528229794,False,0,False,0,False,0.0,False,0.0
TEL,growth -12.5% below threshold,2026-10-01,252.55999755859375,2026-04-21,-0.1350570198767842,False,0,False,0,False,0.0,False,0.0
TER,distance +24.64% outside band,2026-10-01,487.9100036621094,2026-06-30,-0.14731713205696706,False,0,False,0,False,0.0,False,0.0
TEX,distance -11.81% outside band,2026-10-01,74.69000244140625,2026-06-25,-0.2661668284682538,True,27,True,32,True,24.0,True,16.0
TFC,distance -7.38% outside band,2026-10-01,56.20000076293945,2026-02-06,-0.17900358072459288,True,18,True,18,True,12.0,True,12.0
TGT,distance +21.41% outside band,2026-10-01,170.75,2026-08-24,-0.08617860227168739,True,17,False,0,False,0.0,False,0.0
THC,distance +19.66% outside band,2026-10-01,283.04998779296875,2026-08-24,-0.098781108146625,True,16,True,3,False,0.0,False,0.0
THG,distance +11.54% outside band,2026-10-01,236.07000732421875,2026-08-03,-0.07807009515299634,True,10,True,9,False,0.0,False,0.0
THO,distance -18.85% outside band,2026-10-01,122.83000183105469,2026-02-12,-0.43377023516274404,True,7,True,18,True,18.0,True,117.0
TJX,distance -12.52% outside band,2026-10-01,170.0,2026-06-11,-0.21432351505055147,False,0,True,37,True,37.0,True,36.0
TKO,distance -11.14% outside band,2026-10-01,226.94000244140625,2026-02-26,-0.2295761238346129,True,6,True,6,True,11.0,True,30.0
TKR,distance +3.66% outside band,2026-10-01,146.3699951171875,2026-06-30,-0.1895879845345908,False,0,True,42,True,30.0,False,0.0
TLN,distance -8.77% outside band,2026-10-01,449.84100341796875,2026-06-18,-0.2860365974034609,False,0,False,0,True,33.0,True,35.0
TMO,distance +21.11% outside band,2026-10-01,683.6300048828125,2026-09-30,-0.0394072850064916,False,0,False,0,False,0.0,False,0.0
TMUS,distance -15.58% outside band,2026-10-01,224.75,2026-02-24,-0.28104557635654204,True,13,True,13,True,19.0,True,117.0
TNL,distance -12.68% outside band,2026-10-01,81.0,2026-02-18,-0.2327160305447049,True,38,True,33,True,25.0,True,24.0
TOL,distance -5.01% outside band,2026-10-01,168.36000061035156,2026-02-13,-0.1852875220428143,False,0,True,36,True,23.0,True,23.0
TPL,distance -14.98% outside band,2026-10-01,547.2000122070312,2026-02-23,-0.383602881100239,True,8,True,42,True,50.0,True,41.0
TPR,distance -14.17% outside band,2026-10-01,164.8000030517578,2026-08-10,-0.27786712687469917,False,0,True,35,True,35.0,True,35.0
TREX,distance +2.96% outside band,2026-10-01,50.959999084472656,2026-08-13,-0.15051017085442486,True,2,True,26,True,4.0,False,0.0
TRGP,distance +12.13% outside band,2026-10-01,307.94000244140625,2026-08-21,-0.0980060805238312,True,9,True,5,False,0.0,False,0.0
TRMB,distance -7.70% outside band,2026-10-01,81.94999694824219,2026-01-07,-0.29286146527205614,True,6,True,4,False,0.0,True,117.0
TROW,distance +2.24% outside band,2026-10-01,122.0,2026-07-28,-0.12946719810610907,False,0,True,36,True,17.0,False,0.0
TRU,distance -17.13% outside band,2026-10-01,89.12000274658203,2026-01-09,-0.2976324136939752,True,19,True,18,True,12.0,True,12.0
TRV,distance +13.02% outside band,2026-10-01,398.70001220703125,2026-07-28,-0.0934788522451736,True,9,True,8,False,0.0,False,0.0
TSCO,distance -21.20% outside band,2026-10-01,56.279998779296875,2026-01-26,-0.4396766074733365,True,17,True,13,True,3.0,True,117.0
TSLA,distance -9.27% outside band,2026-10-01,458.3399963378906,2026-01-02,-0.22057862484465396,True,4,False,0,True,6.0,True,62.0
TSN,distance -16.46% outside band,2026-10-01,69.4800033569336,2026-05-05,-0.27806566747371186,True,30,True,28,True,88.0,True,44.0
TT,distance +2.83% outside band,2026-10-01,505.8699951171875,2026-06-25,-0.09064578036127136,False,0,False,0,True,32.0,False,0.0
TTC,distance +4.15% outside band,2026-10-01,105.19000244140625,2026-03-05,-0.07572016144520843,False,0,False,0,False,0.0,False,0.0
TTEK,distance +2.19% outside band,2026-10-01,43.13999938964844,2026-02-11,-0.21743164582348118,True,11,True,6,False,0.0,False,0.0
TTWO,distance -9.15% outside band,2026-10-01,265.94000244140625,2026-07-07,-0.23207341890740318,True,31,True,29,True,23.0,True,23.0
TWLO,distance +73.71% outside band,2026-10-01,305.875,2026-10-01,-0.004299149788005718,False,0,False,0,False,0.0,False,0.0
TXN,distance +13.48% outside band,2026-10-01,334.0299987792969,2026-06-22,-0.15672246892442965,False,0,False,0,True,32.0,False,0.0
TXNM,only 2 analysts,2026-10-01,59.529998779296875,2026-05-27,-0.017638153176406823,False,0,False,0,False,0.0,False,0.0
TXRH,distance -13.21% outside band,2026-10-01,216.3000030517578,2026-08-13,-0.27917248688700036,True,33,True,23,True,18.0,True,13.0
TXT,distance -14.06% outside band,2026-10-01,101.56999969482422,2026-02-18,-0.24136063269967367,True,47,True,47,True,47.0,True,46.0
TYL,distance -3.89% outside band,2026-10-01,460.67999267578125,2026-01-08,-0.2778935292372685,True,13,True,9,False,0.0,True,13.0
UAL,distance +2.18% outside band,2026-10-01,138.77000427246094,2026-06-30,-0.19665633836795282,False,0,True,33,True,7.0,False,0.0
UBER,distance -9.21% outside band,2026-10-01,88.23999786376953,2026-01-08,-0.23039431883313144,True,23,True,18,True,18.0,True,23.0
UBSI,distance +5.05% outside band,2026-10-01,49.619998931884766,2026-08-04,-0.06791614277362013,True,12,True,12,False,0.0,False,0.0
UDR,distance -9.21% outside band,2026-10-01,42.0,2026-07-07,-0.20000003633045016,True,26,True,45,True,25.0,True,23.0
UFPI,distance -15.87% outside band,2026-10-01,118.0,2026-02-12,-0.3498304981296345,True,7,True,26,True,26.0,True,36.0
UGI,non-positive profit,2026-10-01,41.34000015258789,2026-01-29,-0.1209482337093557,True,10,True,8,False,0.0,True,7.0
UHS,distance -3.28% outside band,2026-10-01,243.86000061035156,2026-02-12,-0.2819240540799115,True,2,False,0,False,0.0,True,117.0
ULS,distance -19.05% outside band,2026-10-01,107.54000091552734,2026-05-06,-0.37153618645065234,True,42,True,63,True,44.0,True,42.0
ULTA,distance -3.49% outside band,2026-10-01,714.969970703125,2026-02-18,-0.24960483411911216,True,2,False,0,False,0.0,True,8.0
UMBF,growth 6.3% below threshold,2026-10-01,153.32000732421875,2026-08-17,-0.15669846078515282,True,31,True,24,True,13.0,True,1.0
UNH,distance +2.51% outside band,2026-10-01,461.6199951171875,2026-07-16,-0.2090247200186377,True,17,True,40,True,17.0,False,0.0
UNM,distance +6.27% outside band,2026-10-01,96.7699966430664,2026-09-04,-0.09269395373024736,True,6,True,4,True,3.0,False,0.0
UNP,distance +2.91% outside band,2026-10-01,315.989990234375,2026-07-23,-0.13832713948520237,True,22,True,22,True,10.0,False,0.0
UPS,distance -10.44% outside band,2026-10-01,122.41000366210938,2026-02-12,-0.23151705840572145,True,23,True,41,True,34.0,True,23.0
URI,distance +8.75% outside band,2026-10-01,1179.1800537109375,2026-08-07,-0.12719865115820206,False,0,True,28,True,22.0,False,0.0
USB,expected growth -3.0% below threshold,2026-10-01,66.08000183105469,2026-08-17,-0.13551757843393752,True,14,True,18,True,8.0,True,1.0
USFD,distance +2.24% outside band,2026-10-01,111.41999816894531,2026-08-12,-0.1550888445815206,True,24,True,18,True,15.0,False,0.0
UTHR,distance +9.66% outside band,2026-10-01,609.3499755859375,2026-05-06,-0.05494376271461465,False,0,False,0,False,0.0,False,0.0
V,distance +6.79% outside band,2026-10-01,385.57000732421875,2026-08-26,-0.06551341983502446,True,12,True,5,False,0.0,False,0.0
VAL,distance -3.58% outside band,2026-10-01,114.12000274658203,2026-05-18,-0.30625660477109906,True,12,True,7,True,12.0,True,5.0
VC,distance -13.17% outside band,2026-10-01,126.94999694824219,2026-06-22,-0.30488377417953205,True,28,True,33,True,32.0,True,18.0
VEEV,distance +41.61% outside band,2026-10-01,296.239990234375,2026-08-27,-0.03929241329521449,False,0,False,0,False,0.0,False,0.0
VFC,distance -16.33% outside band,2026-10-01,22.270000457763672,2026-04-21,-0.3531657190447258,False,0,False,0,True,46.0,True,46.0
VIAV,distance +21.62% outside band,2026-10-01,60.43000030517578,2026-04-30,-0.26261788601257896,False,0,False,0,False,0.0,False,0.0
VICI,distance -17.15% outside band,2026-10-01,30.485000610351562,2026-02-27,-0.2537379277378602,True,27,True,27,True,76.0,True,117.0
VICR,distance +43.47% outside band,2026-10-01,382.6499938964844,2026-06-30,-0.19249968597160383,False,0,False,0,False,0.0,False,0.0
VLO,distance +56.60% outside band,2026-10-01,419.0400085449219,2026-09-21,-0.031739256489445866,False,0,False,0,False,0.0,False,0.0
VLTO,distance +2.10% outside band,2026-10-01,103.41500091552734,2026-01-16,-0.08166126403385487,True,2,True,2,False,0.0,False,0.0
VLY,distance -5.02% outside band,2026-10-01,15.199999809265137,2026-07-16,-0.16743421764667688,True,31,True,31,True,25.0,True,8.0
VMC,distance -13.90% outside band,2026-10-01,331.0899963378906,2026-02-10,-0.2605333760033153,True,33,True,46,True,36.0,True,54.0
VMI,expected growth -6.5% below threshold,2026-10-01,585.7100219726562,2026-06-25,-0.19768320471916545,True,14,True,54,True,32.0,True,9.0
VMRK,distance -5.96% outside band,2026-10-01,71.5,2026-07-07,-0.1573426573426573,True,13,True,26,True,25.0,True,12.0
VNO,non-positive profit,2026-10-01,41.599998474121094,2026-08-04,-0.1913461388568195,True,26,True,26,True,18.0,False,0.0
VNOM,distance -7.20% outside band,2026-10-01,51.130001068115234,2026-05-05,-0.20633676934615885,True,12,True,12,True,12.0,True,12.0
VNT,distance -6.85% outside band,2026-10-01,48.20000076293945,2026-02-12,-0.3385892394989577,False,0,True,12,False,0.0,True,39.0
VOYA,distance +12.18% outside band,2026-10-01,105.63999938964844,2026-09-03,-0.10639907164625495,True,12,True,8,True,2.0,False,0.0
VRSK,distance -11.06% outside band,2026-10-01,226.38999938964844,2026-01-09,-0.25239630524183454,True,13,True,19,True,13.0,True,44.0
VRSN,distance +8.17% outside band,2026-10-01,312.4800109863281,2026-05-22,-0.08042115975191777,True,7,True,5,False,0.0,False,0.0
VRT,distance -6.72% outside band,2026-10-01,379.93499755859375,2026-05-14,-0.3514153743340206,True,17,True,17,True,49.0,True,16.0
VRTX,distance +6.96% outside band,2026-10-01,560.25,2026-09-03,-0.09628291813085676,True,2,True,1,False,0.0,False,0.0
VST,distance -10.52% outside band,2026-10-01,182.55999755859375,2026-01-15,-0.24003063459378826,True,10,True,16,True,42.0,True,49.0
VTR,distance -2.72% outside band,2026-10-01,101.5999984741211,2026-07-28,-0.17765743792762811,True,19,True,24,True,14.0,True,2.0
VTRS,distance +14.76% outside band,2026-10-01,18.43000030517578,2026-09-29,-0.048019544993349594,False,0,False,0,False,0.0,False,0.0
VVV,distance -10.51% outside band,2026-10-01,41.08000183105469,2026-07-17,-0.2538948818799659,False,0,True,41,True,40.0,True,38.0
VZ,growth -24.0% below threshold,2026-10-01,51.68000030517578,2026-03-24,-0.11135837914340851,True,12,True,9,True,4.0,True,3.0
WAB,distance +10.09% outside band,2026-10-01,306.6400146484375,2026-07-29,-0.062483703192084405,False,0,True,2,False,0.0,False,0.0
WAL,distance -7.15% outside band,2026-10-01,97.2300033569336,2026-02-10,-0.22534200252649628,True,10,True,32,True,18.0,True,32.0
WAT,distance +17.67% outside band,2026-10-01,448.2099914550781,2026-09-30,-0.04609447369755926,False,0,False,0,False,0.0,False,0.0
WBD,distance +11.83% outside band,2026-10-01,30.969999313354492,2026-09-30,-0.0008072205064432181,False,0,False,0,False,0.0,False,0.0
WCC,distance +16.59% outside band,2026-10-01,385.3699951171875,2026-08-06,-0.037976515948457856,False,0,False,0,False,0.0,False,0.0
WDAY,distance +18.65% outside band,2026-10-01,227.49000549316406,2026-08-13,-0.17912874858682315,True,10,False,0,False,0.0,False,0.0
WDC,distance +14.82% outside band,2026-10-01,799.8699951171875,2026-06-18,-0.42755696840993596,False,0,True,49,True,31.0,False,0.0
WEC,distance -8.91% outside band,2026-10-01,119.91000366210938,2026-07-07,-0.1546159648845532,True,31,True,47,True,48.0,True,46.0
WELL,distance +6.30% outside band,2026-10-01,255.1999969482422,2026-07-28,-0.10901215064801717,True,17,True,19,True,1.0,False,0.0
WEX,distance +4.65% outside band,2026-10-01,203.99000549316406,2026-08-24,-0.17106232331382676,True,11,True,8,False,0.0,False,0.0
WFC,distance -5.65% outside band,2026-10-01,97.76000213623047,2026-01-05,-0.18151598157551208,True,12,True,12,True,8.0,True,8.0
WFRD,distance -15.86% outside band,2026-10-01,113.1500015258789,2026-05-18,-0.3074679668260579,True,16,True,14,True,18.0,True,16.0
WH,distance -8.91% outside band,2026-10-01,90.3499984741211,2026-04-21,-0.2105700259787855,False,0,True,63,True,62.0,True,54.0
WHR,distance -42.82% outside band,2026-10-01,94.81999969482422,2026-02-12,-0.6765977534884847,True,33,True,22,True,153.0,True,117.0
WING,distance -41.58% outside band,2026-10-01,302.79998779296875,2026-02-18,-0.6579590360960075,True,2,True,57,True,149.0,True,117.0
WLK,distance -30.00% outside band,2026-10-01,124.2300033569336,2026-04-07,-0.502374643610006,True,28,True,20,True,102.0,True,76.0
WM,distance -10.04% outside band,2026-10-01,248.1300048828125,2026-03-06,-0.18454605026563442,True,45,True,36,True,27.0,True,27.0
WMB,distance -2.81% outside band,2026-10-01,80.08000183105469,2026-05-20,-0.13698802409928268,True,16,True,16,True,16.0,True,6.0
WMG,distance -4.99% outside band,2026-10-01,35.41999816894531,2026-05-22,-0.23291921284977934,True,11,True,1,True,12.0,True,12.0
WMS,distance -12.51% outside band,2026-10-01,179.31500244140625,2026-02-11,-0.2888771287761279,True,3,True,30,True,30.0,True,32.0
WMT,distance -11.78% outside band,2026-10-01,135.16000366210938,2026-05-19,-0.22728618221630859,True,3,True,6,True,92.0,True,69.0
WPC,distance -9.92% outside band,2026-10-01,77.22000122070312,2026-07-28,-0.17152295437973875,True,44,True,44,True,42.0,True,25.0
WRB,growth -12.2% below threshold,2026-10-01,77.44999694824219,2026-07-28,-0.1097301036317101,True,9,True,12,True,9.0,False,0.0
WSM,distance +11.27% outside band,2026-10-01,254.88999938964844,2026-08-11,-0.089313034815649,False,0,True,7,False,0.0,False,0.0
WSO,distance -18.64% outside band,2026-10-01,459.0,2026-04-28,-0.34061001380804057,True,4,True,56,True,62.0,True,54.0
WST,distance +20.95% outside band,2026-10-01,386.0,2026-07-23,-0.054170993943288503,False,0,False,0,False,0.0,False,0.0
WTFC,distance -4.56% outside band,2026-10-01,167.22000122070312,2026-07-16,-0.14439064762709497,True,32,True,32,True,31.0,True,12.0
WTRG,growth -52.9% below threshold,2026-10-01,42.5099983215332,2026-09-10,-0.08915542814571875,True,10,True,8,True,1.0,True,1.0
WTS,distance +11.08% outside band,2026-10-01,394.5400085449219,2026-06-30,-0.0894205860374232,False,0,True,18,False,0.0,False,0.0
WTW,distance -2.22% outside band,2026-10-01,351.510009765625,2026-08-25,-0.16824560611480188,True,19,True,12,True,4.0,True,7.0
WWD,distance -7.41% outside band,2026-10-01,450.9200134277344,2026-06-25,-0.25369248674872413,False,0,True,46,True,45.0,True,30.0
WY,distance -23.34% outside band,2026-10-01,27.75,2026-02-12,-0.33207207757073476,True,34,True,26,True,26.0,True,26.0
WYNN,distance -25.29% outside band,2026-10-01,123.54000091552734,2026-01-05,-0.3748583229350875,True,31,True,28,True,32.0,True,117.0
XEL,distance -9.87% outside band,2026-10-01,84.2300033569336,2026-02-26,-0.1643713720636275,True,29,True,30,True,46.0,True,30.0
XOM,distance +9.79% outside band,2026-10-01,176.41000366210938,2026-03-30,-0.07352191458226764,False,0,False,0,False,0.0,False,0.0
XPO,distance -6.69% outside band,2026-10-01,232.0500030517578,2026-06-12,-0.2263305476481574,False,0,True,32,True,32.0,True,17.0
XRAY,distance -24.93% outside band,2026-10-01,14.760000228881836,2026-02-27,-0.40887532207506605,True,18,True,38,True,33.0,True,38.0
XYL,distance -16.73% outside band,2026-10-01,146.5500030517578,2026-01-16,-0.3114466112630164,True,6,True,32,True,32.0,True,117.0
XYZ,distance +5.67% outside band,2026-10-01,86.91999816894531,2026-08-27,-0.14795215003750617,True,18,True,18,True,7.0,False,0.0
YETI,distance -7.09% outside band,2026-10-01,53.9900016784668,2026-08-05,-0.2356918298428866,True,2,True,35,True,34.0,True,30.0
YUM,distance -11.10% outside band,2026-10-01,170.13999938964844,2026-07-07,-0.1949570840950845,True,18,True,22,True,25.0,True,26.0
ZBH,distance -3.66% outside band,2026-10-01,102.86000061035156,2026-09-01,-0.14432239094512667,True,20,True,11,True,3.0,True,3.0
ZBRA,distance +41.15% outside band,2026-10-01,386.2300109863281,2026-08-12,-0.025606541094983948,False,0,False,0,False,0.0,False,0.0
ZION,expected growth -46.1% below threshold,2026-10-01,73.33999633789062,2026-07-16,-0.14984999198986348,True,13,True,31,True,12.0,True,4.0
ZTS,distance -29.68% outside band,2026-10-01,132.49000549316406,2026-02-12,-0.4766020201857336,True,19,True,18,True,148.0,True,117.0
