ticker,reason,last_session,ytd_high,ytd_high_date,off_ytd_high,below20,days20,below50,days50,below100,days100,below200,days200
A,distance +32.19% outside band,2026-09-29,177.0500030517578,2026-09-29,-0.011409230373582213,False,0,False,0,False,0.0,False,0.0
AA,distance -27.72% outside band,2026-09-29,84.37999725341797,2026-06-02,-0.5026072222465846,True,14,True,14,True,74.0,True,68.0
AAL,non-positive profit,2026-09-29,18.790000915527344,2026-07-02,-0.27567860598503435,False,0,True,36,True,30.0,True,24.0
AAON,distance -12.95% outside band,2026-09-29,150.4600067138672,2026-06-03,-0.43433472808354345,False,0,False,0,True,51.0,True,45.0
AAPL,distance +14.25% outside band,2026-09-29,345.3399963378906,2026-09-22,-0.04615741764765091,True,1,False,0,False,0.0,False,0.0
ABBV,distance +13.99% outside band,2026-09-29,269.3900146484375,2026-09-23,-0.0226437721215329,False,0,False,0,False,0.0,False,0.0
ABNB,distance +9.75% outside band,2026-09-29,193.4530029296875,2026-08-24,-0.18864011239507128,True,17,True,9,False,0.0,False,0.0
ABT,distance -3.34% outside band,2026-09-29,129.4600067138672,2026-01-06,-0.22022252654936048,True,21,True,14,False,0.0,True,16.0
ACGL,growth 1.0% below threshold,2026-09-29,107.08999633789062,2026-07-28,-0.11177508638193279,True,17,True,23,True,7.0,True,7.0
ACI,distance -24.73% outside band,2026-09-29,18.829999923706055,2026-02-17,-0.3818374726242798,True,8,True,10,True,91.0,True,116.0
ACM,distance -26.90% outside band,2026-09-29,109.0,2026-02-10,-0.4600917571181551,True,15,True,21,True,215.0,True,116.0
ACN,distance -10.10% outside band,2026-09-29,291.0899963378906,2026-01-14,-0.39152840239968034,True,8,False,0,False,0.0,True,116.0
ADBE,distance -10.86% outside band,2026-09-29,351.1199951171875,2026-01-02,-0.3359250358524184,True,17,True,10,True,6.0,True,17.0
ADC,distance -9.99% outside band,2026-09-29,82.08000183105469,2026-03-03,-0.17580409336341218,True,43,True,40,True,40.0,True,36.0
ADI,distance +11.34% outside band,2026-09-29,445.9100036621094,2026-06-22,-0.10694983752269349,False,0,False,0,False,0.0,False,0.0
ADM,distance +7.14% outside band,2026-09-29,88.75,2026-09-10,-0.10535209548305458,True,7,True,6,True,2.0,False,0.0
ADP,distance +9.97% outside band,2026-09-29,288.0,2026-09-01,-0.09097226460774743,True,17,True,5,False,0.0,False,0.0
ADSK,distance -15.44% outside band,2026-09-29,296.79998779296875,2026-01-07,-0.31543126336814953,True,20,True,17,True,11.0,True,20.0
AEE,distance -7.02% outside band,2026-09-29,118.31999969482422,2026-06-26,-0.1527214312156111,True,46,True,44,True,44.0,True,27.0
AEIS,distance -6.84% outside band,2026-09-29,397.44000244140625,2026-04-21,-0.2871880383134431,False,0,True,30,True,30.0,True,29.0
AEP,distance -6.05% outside band,2026-09-29,140.5800018310547,2026-07-07,-0.15137287311228387,True,14,True,44,True,44.0,True,38.0
AES,growth -12.5% below threshold,2026-09-29,17.649999618530273,2026-02-27,-0.15807365564608167,False,0,False,0,False,0.0,False,0.0
AFG,distance +2.37% outside band,2026-09-29,148.7100067138672,2026-08-18,-0.06892609466235866,True,10,True,10,True,4.0,False,0.0
AFL,growth -19.0% below threshold,2026-09-29,130.22000122070312,2026-07-29,-0.12716938568083003,True,8,True,29,True,25.0,True,4.0
AGCO,expected growth -19.3% below threshold,2026-09-29,143.77999877929688,2026-02-12,-0.19209900787093726,True,4,False,0,False,0.0,True,1.0
AGNC,distance -11.98% outside band,2026-09-29,12.1899995803833,2026-01-28,-0.22477439421142353,True,21,True,21,True,20.0,True,21.0
AHR,distance +2.20% outside band,2026-09-29,58.70000076293945,2026-07-28,-0.11277681168386522,True,17,True,17,True,8.0,False,0.0
AIG,distance -2.57% outside band,2026-09-29,85.69000244140625,2026-01-05,-0.12160118451933655,True,11,True,35,True,23.0,True,35.0
AIT,distance +11.23% outside band,2026-09-29,374.79998779296875,2026-08-13,-0.10312165196182921,False,0,True,23,False,0.0,False,0.0
AIZ,distance +5.50% outside band,2026-09-29,303.94000244140625,2026-08-06,-0.1325590847578183,True,10,True,7,True,5.0,False,0.0
AJG,distance -2.39% outside band,2026-09-29,272.7900085449219,2026-08-25,-0.16510871781986425,True,16,True,16,True,6.0,True,6.0
AKAM,distance -2.61% outside band,2026-09-29,165.4499969482422,2026-05-13,-0.34451496555682226,True,1,True,2,True,30.0,True,2.0
ALB,distance -30.91% outside band,2026-09-29,221.0,2026-05-07,-0.5130316617801718,True,18,True,15,True,86.0,True,67.0
ALGM,distance -8.77% outside band,2026-09-29,71.7699966430664,2026-06-30,-0.4900376175835175,False,0,True,54,True,45.0,True,29.0
ALGN,distance -15.59% outside band,2026-09-29,200.44000244140625,2026-04-21,-0.28153066876491506,True,31,True,31,True,31.0,True,30.0
ALK,distance -12.47% outside band,2026-09-29,60.630001068115234,2026-02-09,-0.34141514758813674,True,2,True,34,True,31.0,True,31.0
ALL,expected growth -48.5% below threshold,2026-09-29,277.2200012207031,2026-07-29,-0.18685521543778616,True,11,True,11,True,6.0,False,0.0
ALLE,distance +3.34% outside band,2026-09-29,183.11000061035156,2026-02-12,-0.15116600864128615,False,0,True,10,False,0.0,False,0.0
ALLY,distance -11.60% outside band,2026-09-29,47.290000915527344,2026-06-29,-0.200465201072213,True,16,True,31,True,29.0,True,16.0
ALSN,distance -3.65% outside band,2026-09-29,137.6199951171875,2026-04-27,-0.1788257074126539,True,14,True,10,True,10.0,True,6.0
ALV,distance -5.12% outside band,2026-09-29,132.1699981689453,2026-06-02,-0.14473781885784087,True,16,True,16,True,13.0,True,12.0
AM,distance -4.62% outside band,2026-09-29,23.834999084472656,2026-03-26,-0.15040902966965541,True,14,True,14,True,12.0,True,3.0
AMAT,distance +20.84% outside band,2026-09-29,739.6699829101562,2026-06-30,-0.3077858753289221,False,0,False,0,False,0.0,False,0.0
AMD,distance +64.82% outside band,2026-09-29,639.0,2026-09-25,-0.04918621702000192,False,0,False,0,False,0.0,False,0.0
AME,distance +9.24% outside band,2026-09-29,261.1600036621094,2026-08-13,-0.03974576787126338,False,0,False,0,False,0.0,False,0.0
AMG,distance +15.07% outside band,2026-09-29,392.9200134277344,2026-08-04,-0.05678007562288534,False,0,False,0,False,0.0,False,0.0
AMGN,distance +16.65% outside band,2026-09-29,447.0299987792969,2026-08-25,-0.05232307494962374,False,0,False,0,False,0.0,False,0.0
AMH,distance -3.16% outside band,2026-09-29,35.06999969482422,2026-08-06,-0.12517819868405455,True,24,True,23,True,18.0,True,14.0
AMKR,distance -5.26% outside band,2026-09-29,96.68000030517578,2026-06-16,-0.44000828280148396,False,0,False,0,True,47.0,True,30.0
AMP,expected growth -1.5% below threshold,2026-09-29,572.5599975585938,2026-08-14,-0.13140979208327452,True,10,True,10,True,5.0,False,0.0
AMT,distance -5.54% outside band,2026-09-29,196.0800018310547,2026-06-05,-0.1465218046677358,True,9,True,5,True,9.0,True,10.0
AMZN,distance +2.35% outside band,2026-09-29,287.20001220703125,2026-08-03,-0.14112121279740553,True,6,True,6,True,6.0,False,0.0
AN,distance -21.36% outside band,2026-09-29,235.80999755859375,2026-07-29,-0.3350578657599267,True,10,True,11,True,10.0,True,10.0
ANET,distance +28.58% outside band,2026-09-29,214.88999938964844,2026-08-05,-0.05598212487070431,False,0,False,0,False,0.0,False,0.0
ANF,distance +32.16% outside band,2026-09-29,155.22000122070312,2026-09-09,-0.13935062951106014,True,8,False,0,False,0.0,False,0.0
AON,distance -17.14% outside band,2026-09-29,382.3399963378906,2026-07-28,-0.27839096997673385,True,21,True,21,True,21.0,True,21.0
AOS,distance -10.10% outside band,2026-09-29,81.87000274658203,2026-02-12,-0.2913155183668791,True,1,True,22,True,16.0,True,116.0
APA,distance +20.27% outside band,2026-09-29,47.439998626708984,2026-09-15,-0.11066610775667729,True,7,False,0,False,0.0,False,0.0
APD,distance -2.11% outside band,2026-09-29,314.8699951171875,2026-07-06,-0.11331658534977895,True,18,True,16,True,15.0,True,4.0
APG,distance -7.46% outside band,2026-09-29,49.9900016784668,2026-04-30,-0.22484499502044286,False,0,True,27,True,29.0,True,27.0
APH,distance +14.20% outside band,2026-09-29,89.26000213623047,2026-06-30,-0.05511993816481009,False,0,False,0,False,0.0,False,0.0
APO,distance -6.40% outside band,2026-09-29,153.2899932861328,2026-01-06,-0.22369361855295233,True,20,True,11,True,12.0,True,6.0
APP,distance -33.89% outside band,2026-09-29,683.5,2026-01-02,-0.5528017503114713,True,5,True,57,True,56.0,True,60.0
APPF,distance +5.21% outside band,2026-09-29,239.86000061035156,2026-01-07,-0.18360707568610002,True,9,True,2,False,0.0,False,0.0
APTV,distance -32.07% outside band,2026-09-29,88.93000030517578,2026-01-13,-0.512313068896272,True,4,True,66,True,78.0,True,81.0
AR,distance -7.62% outside band,2026-09-29,45.75,2026-03-30,-0.26622951486723023,True,10,True,10,True,10.0,True,10.0
ARE,distance -3.61% outside band,2026-09-29,59.7599983215332,2026-01-23,-0.18892231288369987,True,5,True,4,True,3.0,True,3.0
ARES,distance -8.99% outside band,2026-09-29,177.72500610351562,2026-01-09,-0.33059503651720656,True,20,True,14,True,10.0,True,14.0
ARMK,distance +13.12% outside band,2026-09-29,62.650001525878906,2026-08-14,-0.1308858828926328,True,10,True,10,True,4.0,False,0.0
ARW,distance +29.05% outside band,2026-09-29,237.3300018310547,2026-06-22,-0.029916175994343153,False,0,False,0,False,0.0,False,0.0
ARWR,distance -8.70% outside band,2026-09-29,95.48999786376953,2026-07-22,-0.3062100588323886,True,22,True,15,True,11.0,True,11.0
ASB,growth 3.4% below threshold,2026-09-29,32.459999084472656,2026-08-14,-0.11645098231395357,True,29,True,16,True,8.0,False,0.0
ASH,distance +9.58% outside band,2026-09-29,78.25,2026-08-07,-0.12536738094049515,True,18,True,14,False,0.0,False,0.0
ATI,distance +13.94% outside band,2026-09-29,243.57000732421875,2026-08-12,-0.22424768540270745,True,24,True,14,True,7.0,False,0.0
ATO,distance -9.77% outside band,2026-09-29,192.50999450683594,2026-04-09,-0.18134117396216887,True,17,True,42,True,94.0,True,43.0
ATR,distance -2.76% outside band,2026-09-29,146.91000366210938,2026-02-24,-0.16077872274040406,True,23,True,20,True,5.0,True,16.0
AVAV,distance -29.35% outside band,2026-09-29,408.25,2026-01-16,-0.6491365450259301,True,2,True,6,True,29.0,True,116.0
AVGO,distance -3.45% outside band,2026-09-29,495.0,2026-06-03,-0.282626250295928,True,5,True,30,True,31.0,True,19.0
AVNT,distance +8.72% outside band,2026-09-29,46.63999938964844,2026-08-11,-0.12564323943049116,True,21,True,5,False,0.0,False,0.0
AVT,distance +35.44% outside band,2026-09-29,104.58000183105469,2026-09-25,-0.019889097290463398,False,0,False,0,False,0.0,False,0.0
AVTR,distance +42.72% outside band,2026-09-29,16.049999237060547,2026-09-17,-0.05046725884397796,False,0,False,0,False,0.0,False,0.0
AVY,expected growth -12.7% below threshold,2026-09-29,199.5399932861328,2026-02-24,-0.14413147977606267,True,1,True,4,False,0.0,True,16.0
AXON,distance -15.94% outside band,2026-09-29,665.0700073242188,2026-07-07,-0.36911906723870325,True,22,True,20,True,15.0,True,15.0
AXP,distance -8.41% outside band,2026-09-29,386.260009765625,2026-01-06,-0.20934089428052594,True,28,True,31,True,21.0,True,28.0
AXTA,growth -1.1% below threshold,2026-09-29,38.61000061035156,2026-08-07,-0.1546231837950951,True,21,True,15,True,9.0,False,0.0
AZO,distance -13.02% outside band,2026-09-29,3887.030029296875,2026-02-13,-0.2601112034055062,True,1,True,28,True,99.0,True,116.0
BA,distance -15.06% outside band,2026-09-29,254.35000610351562,2026-01-27,-0.2621191736893489,True,30,True,28,True,28.0,True,28.0
BAC,stale filing (2026-03-31),2026-09-29,65.2300033569336,2026-08-17,-0.15744295176966738,True,12,True,12,True,8.0,True,1.0
BAH,distance -10.80% outside band,2026-09-29,109.0999984741211,2026-01-23,-0.36104491237909486,True,5,True,4,True,2.0,True,8.0
BALL,distance -5.53% outside band,2026-09-29,68.29000091552734,2026-02-11,-0.17044954215254382,True,17,True,17,True,8.0,True,5.0
BAX,distance +13.09% outside band,2026-09-29,30.0,2026-07-30,-0.2173333485921224,True,27,True,15,False,0.0,False,0.0
BBWI,distance -19.88% outside band,2026-09-29,24.940000534057617,2026-02-17,-0.35886128994734756,True,16,True,36,True,27.0,True,38.0
BBY,distance +22.01% outside band,2026-09-29,96.52999877929688,2026-09-23,-0.08059669406072212,True,2,False,0,False,0.0,False,0.0
BC,distance -17.52% outside band,2026-09-29,90.25,2026-02-18,-0.2794459969052978,True,25,True,25,True,24.0,True,23.0
BCO,distance -8.09% outside band,2026-09-29,136.3699951171875,2026-02-26,-0.24382190775934687,True,12,True,21,True,9.0,True,27.0
BDC,distance -8.51% outside band,2026-09-29,159.99000549316406,2026-02-12,-0.3171448449967835,True,12,True,12,True,12.0,True,12.0
BDX,distance +12.19% outside band,2026-09-29,193.07000732421875,2026-08-24,-0.0574921307423768,True,1,False,0,False,0.0,False,0.0
BE,distance +42.30% outside band,2026-09-29,351.2799987792969,2026-06-25,-0.17088931618054548,False,0,False,0,False,0.0,False,0.0
BEN,distance +11.14% outside band,2026-09-29,36.279998779296875,2026-08-05,-0.09950387904675462,True,15,True,14,True,2.0,False,0.0
BF-B,distance -2.67% outside band,2026-09-29,31.239999771118164,2026-04-09,-0.15845066875343472,True,25,True,17,True,17.0,True,17.0
BG,distance -6.73% outside band,2026-09-29,134.8699951171875,2026-06-03,-0.1981908259454861,True,8,True,8,True,8.0,True,7.0
BHF,distance -14.83% outside band,2026-09-29,66.80000305175781,2026-07-13,-0.22155692179071473,False,0,True,44,True,39.0,True,39.0
BIIB,distance +16.77% outside band,2026-09-29,230.49000549316406,2026-09-28,-0.014837945626439475,False,0,False,0,False,0.0,False,0.0
BILL,distance -3.52% outside band,2026-09-29,56.435001373291016,2026-01-07,-0.2571985975217007,True,9,True,7,True,2.0,True,2.0
BIO,distance +23.69% outside band,2026-09-29,396.2300109863281,2026-08-27,-0.042096819349544234,False,0,False,0,False,0.0,False,0.0
BJ,distance +2.08% outside band,2026-09-29,105.77999877929688,2026-02-17,-0.09727737790011481,False,0,False,0,False,0.0,False,0.0
BKH,distance -3.28% outside band,2026-09-29,78.69000244140625,2026-04-15,-0.10700223074220272,True,15,True,15,True,15.0,True,14.0
BKNG,distance -11.50% outside band,2026-09-29,220.75360107421875,2026-01-09,-0.2646099744333915,True,23,True,17,True,16.0,True,16.0
BKR,distance -5.58% outside band,2026-09-29,70.41000366210938,2026-04-27,-0.20579469875758227,True,14,True,14,True,14.0,True,12.0
BLK,growth -13.5% below threshold,2026-09-29,1187.1700439453125,2026-08-27,-0.10043220273889841,True,20,True,15,True,2.0,False,0.0
BMRN,distance +2.19% outside band,2026-09-29,70.9800033569336,2026-08-12,-0.15652301915485278,True,11,True,6,True,2.0,False,0.0
BMY,distance +6.07% outside band,2026-09-29,68.63999938964844,2026-08-19,-0.08420744217210108,True,16,True,10,False,0.0,False,0.0
BNY,distance +7.79% outside band,2026-09-29,165.83999633789062,2026-09-04,-0.11372407758575476,True,12,True,12,True,6.0,False,0.0
BR,distance -6.52% outside band,2026-09-29,224.50999450683594,2026-01-12,-0.2831054256547071,True,17,True,9,False,0.0,True,17.0
BRK-B,only 2 analysts,2026-09-29,537.739990234375,2026-08-10,-0.06581244611440296,True,7,True,4,False,0.0,False,0.0
BRKR,distance +31.56% outside band,2026-09-29,65.30000305175781,2026-07-31,-0.012098022643294182,False,0,False,0,False,0.0,False,0.0
BRO,distance -11.19% outside band,2026-09-29,81.25,2026-01-08,-0.25415386493389425,True,17,True,16,True,7.0,True,16.0
BROS,distance -31.85% outside band,2026-09-29,74.02400207519531,2026-07-02,-0.485302099237782,True,38,True,38,True,38.0,True,38.0
BRX,distance -5.11% outside band,2026-09-29,32.86000061035156,2026-07-22,-0.15216067885357554,True,44,True,40,True,38.0,True,17.0
BSX,distance -29.76% outside band,2026-09-29,100.9000015258789,2026-01-08,-0.5651139702226777,True,24,True,16,True,28.0,True,116.0
BSY,distance -10.27% outside band,2026-09-29,40.65999984741211,2026-01-12,-0.2346286041313378,True,20,True,17,True,16.0,True,17.0
BTSG,distance +7.18% outside band,2026-09-29,73.75,2026-07-27,-0.24488137455309855,True,11,True,42,True,14.0,False,0.0
BURL,distance -13.12% outside band,2026-09-29,378.3299865722656,2026-07-29,-0.2862051717346864,False,0,True,31,True,27.0,True,23.0
BWA,distance +2.92% outside band,2026-09-29,78.81999969482422,2026-06-03,-0.22684599260775362,True,12,True,12,True,12.0,False,0.0
BWXT,distance -27.49% outside band,2026-09-29,241.82000732421875,2026-04-16,-0.42928628596971363,True,15,True,68,True,68.0,True,65.0
BX,distance -11.63% outside band,2026-09-29,165.13999938964844,2026-01-16,-0.3096766354527072,True,20,True,15,True,11.0,True,15.0
BXP,distance -2.09% outside band,2026-09-29,74.94000244140625,2026-07-29,-0.1765412720299524,True,21,True,21,True,15.0,True,2.0
BYD,distance -19.84% outside band,2026-09-29,91.41000366210938,2026-07-28,-0.2661634488167053,True,43,True,42,True,39.0,True,38.0
C,distance +4.12% outside band,2026-09-29,147.9600067138672,2026-06-18,-0.11597731064783123,True,6,True,2,True,2.0,False,0.0
CACI,distance +8.26% outside band,2026-09-29,683.5,2026-01-23,-0.11025601368187632,True,6,False,0,False,0.0,False,0.0
CAH,distance +2.89% outside band,2026-09-29,258.29998779296875,2026-08-11,-0.1331397048242351,True,14,True,11,False,0.0,False,0.0
CAR,distance -31.72% outside band,2026-09-29,847.7000122070312,2026-04-22,-0.8740238299189191,True,20,True,108,True,68.0,True,44.0
CARR,distance -10.09% outside band,2026-09-29,76.76000213623047,2026-06-25,-0.27853049079090564,True,45,True,45,True,38.0,True,29.0
CART,distance +2.06% outside band,2026-09-29,52.68000030517578,2026-09-03,-0.17444947937492838,True,16,True,11,True,6.0,False,0.0
CASY,distance -17.96% outside band,2026-09-29,927.8499755859375,2026-06-11,-0.3534514844005622,True,25,True,25,True,24.0,True,15.0
CAT,distance +4.41% outside band,2026-09-29,1073.4599609375,2026-06-30,-0.229929345546809,False,0,True,54,True,30.0,False,0.0
CAVA,distance -26.48% outside band,2026-09-29,98.79000091552734,2026-04-21,-0.46209131595122654,True,23,True,25,True,64.0,True,25.0
CB,expected growth -13.1% below threshold,2026-09-29,365.9100036621094,2026-07-29,-0.09245447446439115,True,8,True,17,True,7.0,False,0.0
CBOE,distance -8.71% outside band,2026-09-29,371.17999267578125,2026-05-19,-0.2948165171482351,True,16,True,13,True,16.0,True,13.0
CBRE,distance -10.14% outside band,2026-09-29,174.27000427246094,2026-02-10,-0.2492110338545126,True,21,True,16,True,5.0,True,16.0
CBSH,distance +2.07% outside band,2026-09-29,60.91999816894531,2026-07-29,-0.0917596274771425,True,10,True,23,True,6.0,False,0.0
CBT,growth -91.0% below threshold,2026-09-29,94.52999877929688,2026-06-26,-0.1774039655096158,True,40,True,31,True,22.0,True,2.0
CCI,distance -19.54% outside band,2026-09-29,95.06999969482422,2026-06-05,-0.2945198284409416,True,12,True,17,True,72.0,True,74.0
CCK,expected growth 1.3% below threshold,2026-09-29,122.91000366210938,2026-08-06,-0.1347327694620628,True,24,True,18,True,4.0,True,1.0
CCL,distance -8.77% outside band,2026-09-29,34.029998779296875,2026-02-06,-0.26212161295674363,False,0,True,31,True,29.0,True,31.0
CDE,distance -7.40% outside band,2026-09-29,27.770000457763672,2026-01-26,-0.35758012752929746,True,14,True,2,True,2.0,True,4.0
CDNS,growth 9.4% below threshold,2026-09-29,416.69000244140625,2026-06-02,-0.2220355383416759,False,0,False,0,True,44.0,True,1.0
CDP,distance +3.74% outside band,2026-09-29,38.900001525878906,2026-07-29,-0.11876613278558601,True,22,True,22,True,11.0,False,0.0
CEG,distance -8.57% outside band,2026-09-29,378.5,2026-01-05,-0.30097757840880945,True,12,True,12,True,12.0,True,15.0
CELH,distance -24.45% outside band,2026-09-29,59.310001373291016,2026-02-26,-0.5327938215669767,True,17,True,16,True,16.0,True,116.0
CF,distance +3.36% outside band,2026-09-29,141.9600067138672,2026-03-30,-0.18491128760161102,True,8,True,7,True,4.0,False,0.0
CFG,expected growth 7.2% below threshold,2026-09-29,75.33000183105469,2026-08-17,-0.15186515549359947,True,10,True,29,True,10.0,True,2.0
CFR,distance +5.52% outside band,2026-09-29,170.8000030517578,2026-08-17,-0.09713112436457816,True,11,True,11,True,1.0,False,0.0
CG,distance -20.42% outside band,2026-09-29,67.30000305175781,2026-01-15,-0.41040121090842396,True,21,True,16,True,16.0,True,32.0
CGNX,distance +7.79% outside band,2026-09-29,72.87999725341797,2026-06-30,-0.18125685486154608,True,6,True,12,True,12.0,False,0.0
CHD,stale filing (2026-03-31),2026-09-29,106.04000091552734,2026-02-24,-0.10458321267009019,True,22,True,18,True,16.0,True,2.0
CHDN,distance -17.08% outside band,2026-09-29,116.04000091552734,2026-01-06,-0.3436745685864745,True,17,True,17,True,17.0,True,104.0
CHE,distance +12.79% outside band,2026-09-29,557.0,2026-08-10,-0.08070020144888912,False,0,True,14,False,0.0,False,0.0
CHRD,distance +7.55% outside band,2026-09-29,157.05999755859375,2026-09-15,-0.1442123662840019,True,10,True,7,True,3.0,False,0.0
CHRW,distance -13.15% outside band,2026-09-29,210.3300018310547,2026-07-22,-0.28821373360648694,True,6,True,46,True,46.0,True,43.0
CHTR,distance -37.25% outside band,2026-09-29,254.11000061035156,2026-04-23,-0.5644799578799536,True,16,True,12,True,16.0,True,116.0
CHWY,distance -26.14% outside band,2026-09-29,34.849998474121094,2026-01-16,-0.4760401426576434,True,16,True,15,True,15.0,True,116.0
CI,growth 0.4% below threshold,2026-09-29,305.44000244140625,2026-07-14,-0.09880825181557806,True,10,True,10,True,10.0,True,9.0
CIEN,distance -8.78% outside band,2026-09-29,637.510009765625,2026-06-03,-0.4432714655598622,False,0,True,30,True,56.0,True,20.0
CINF,distance -3.82% outside band,2026-09-29,194.80999755859375,2026-07-07,-0.17288636670533908,True,9,True,36,True,11.0,True,7.0
CL,distance -2.17% outside band,2026-09-29,99.33000183105469,2026-02-27,-0.12956813157490887,True,23,True,23,True,17.0,True,13.0
CLF,distance -3.48% outside band,2026-09-29,15.350000381469727,2026-01-26,-0.28273615926596773,True,2,True,2,True,2.0,True,2.0
CLH,distance +7.55% outside band,2026-09-29,335.94000244140625,2026-07-29,-0.07221530508221141,True,9,True,3,False,0.0,False,0.0
CLX,distance -19.77% outside band,2026-09-29,128.89999389648438,2026-02-26,-0.36695110676536147,True,24,True,21,True,20.0,True,22.0
CMC,distance -11.34% outside band,2026-09-29,84.87000274658203,2026-02-11,-0.268881851903092,True,14,True,14,True,15.0,True,15.0
CMCSA,distance -19.31% outside band,2026-09-29,32.86000061035156,2026-02-12,-0.3426658557436152,True,16,True,12,True,12.0,True,21.0
CME,distance -5.51% outside band,2026-09-29,329.1600036621094,2026-03-03,-0.20032811309935228,True,11,True,3,True,3.0,True,11.0
CMG,distance -8.72% outside band,2026-09-29,41.41999816894531,2026-01-21,-0.2303235014464905,True,11,True,11,True,10.0,True,11.0
CMI,distance -13.58% outside band,2026-09-29,737.760009765625,2026-06-18,-0.29330678240093455,True,63,True,60,True,37.0,True,28.0
CMS,distance -13.00% outside band,2026-09-29,80.36000061035156,2026-04-09,-0.21042807017144116,True,55,True,43,True,55.0,True,43.0
CNC,distance +18.57% outside band,2026-09-29,69.62999725341797,2026-09-14,-0.10656324086787294,True,8,True,8,True,6.0,False,0.0
CNH,distance +17.97% outside band,2026-09-29,14.460000038146973,2026-09-04,-0.0968187838753064,True,4,False,0,False,0.0,False,0.0
CNM,distance -15.71% outside band,2026-09-29,59.65999984741211,2026-02-12,-0.3017096890049823,True,2,True,65,True,77.0,True,77.0
CNO,distance +12.88% outside band,2026-09-29,57.59000015258789,2026-07-31,-0.07466572713435427,True,7,True,7,False,0.0,False,0.0
CNP,distance -10.75% outside band,2026-09-29,45.2599983215332,2026-07-28,-0.1838267786869502,True,15,True,44,True,44.0,True,39.0
CNX,distance -14.85% outside band,2026-09-29,43.619998931884766,2026-03-06,-0.2845025252474459,True,13,True,10,True,10.0,True,16.0
COF,distance -4.78% outside band,2026-09-29,259.6400146484375,2026-01-06,-0.2433369448854733,True,16,True,15,True,6.0,True,12.0
COIN,non-positive profit,2026-09-29,263.07000732421875,2026-01-14,-0.2776827499066735,False,0,False,0,False,0.0,False,0.0
COKE,distance +4.95% outside band,2026-09-29,219.64999389648438,2026-03-16,-0.13111763529818932,True,1,False,0,False,0.0,False,0.0
COLB,distance -3.80% outside band,2026-09-29,33.68000030517578,2026-07-16,-0.14815913675485703,True,29,True,29,True,16.0,True,6.0
COLM,growth -22.6% below threshold,2026-09-29,69.05999755859375,2026-06-15,-0.1552273064723252,False,0,True,1,True,42.0,True,24.0
COO,distance -21.08% outside band,2026-09-29,85.04000091552734,2026-01-07,-0.33407807551216484,True,25,True,23,True,16.0,True,25.0
COP,distance +8.07% outside band,2026-09-29,141.6199951171875,2026-09-15,-0.11424935202400377,True,10,True,2,False,0.0,False,0.0
COR,distance -3.51% outside band,2026-09-29,376.9200134277344,2026-03-02,-0.18391171828160102,True,11,True,9,False,0.0,True,10.0
CORT,distance +65.07% outside band,2026-09-29,126.37999725341797,2026-08-25,-0.09210317805520951,False,0,False,0,False,0.0,False,0.0
COST,distance -3.77% outside band,2026-09-29,1096.5,2026-05-19,-0.15678064126268243,False,0,True,23,True,85.0,True,24.0
CPAY,distance +13.63% outside band,2026-09-29,427.4599914550781,2026-09-03,-0.08131750325854725,True,11,True,3,False,0.0,False,0.0
CPRT,distance -19.39% outside band,2026-09-29,41.790000915527344,2026-01-21,-0.3505623643199205,True,15,True,9,True,11.0,True,116.0
CPT,distance -8.01% outside band,2026-09-29,119.80999755859375,2026-07-07,-0.17819880568547508,True,43,True,42,True,25.0,True,23.0
CR,distance +5.87% outside band,2026-09-29,230.5,2026-07-27,-0.09592191154165541,False,0,True,30,False,0.0,False,0.0
CRBG,distance +14.94% outside band,2026-09-29,35.63999938964844,2026-09-17,-0.052469106731463766,True,2,False,0,False,0.0,False,0.0
CRH,distance -22.46% outside band,2026-09-29,131.5500030517578,2026-01-09,-0.35743065892564907,True,34,True,65,True,65.0,True,103.0
CRL,distance +41.92% outside band,2026-09-29,303.30999755859375,2026-08-27,-0.02423265359756477,False,0,False,0,False,0.0,False,0.0
CRM,distance +12.15% outside band,2026-09-29,268.2699890136719,2026-09-03,-0.1601371499399762,True,8,False,0,False,0.0,False,0.0
CROX,distance +15.64% outside band,2026-09-29,141.27999877929688,2026-08-04,-0.1320073732093765,False,0,True,2,False,0.0,False,0.0
CRS,distance -11.06% outside band,2026-09-29,625.989990234375,2026-07-06,-0.37420726154470163,True,36,True,36,True,28.0,True,12.0
CRUS,distance -13.63% outside band,2026-09-29,180.4199981689453,2026-05-27,-0.3304511457835141,False,0,True,73,True,67.0,True,55.0
CRWD,distance +73.51% outside band,2026-09-29,267.69000244140625,2026-09-29,-0.018491584152884988,False,0,False,0,False,0.0,False,0.0
CSCO,distance +9.96% outside band,2026-09-29,130.3699951171875,2026-06-04,-0.17971921111694766,True,6,True,33,True,20.0,False,0.0
CSGP,distance -33.71% outside band,2026-09-29,70.56999969482422,2026-01-27,-0.6181096658710057,True,19,True,10,True,24.0,True,116.0
CSL,distance -7.55% outside band,2026-09-29,432.9100036621094,2026-02-12,-0.24774202280552915,True,31,True,22,True,21.0,True,16.0
CSX,distance +6.28% outside band,2026-09-29,53.599998474121094,2026-07-27,-0.12444026788854645,True,21,True,20,True,10.0,False,0.0
CTAS,distance +5.19% outside band,2026-09-29,219.1699981689453,2026-07-29,-0.09777794796193828,True,1,True,11,False,0.0,False,0.0
CTRE,distance -4.74% outside band,2026-09-29,43.619998931884766,2026-07-28,-0.1471801541987776,True,17,True,35,True,35.0,True,14.0
CTSH,distance -7.35% outside band,2026-09-29,87.02999877929688,2026-01-14,-0.3468918654505454,True,10,True,4,False,0.0,True,10.0
CTVA,stale filing (2026-03-31),2026-09-29,90.97000122070312,2026-07-29,-0.14400349893740327,True,12,True,10,True,10.0,True,2.0
CUBE,distance -3.65% outside band,2026-09-29,43.2599983215332,2026-07-28,-0.12459545998099353,True,8,True,27,True,23.0,True,6.0
CUZ,distance +3.36% outside band,2026-09-29,32.95000076293945,2026-07-29,-0.16206373380707362,True,2,True,37,True,16.0,False,0.0
CVLT,distance +27.15% outside band,2026-09-29,154.8300018310547,2026-07-08,-0.05476971922271334,False,0,False,0,False,0.0,False,0.0
CVNA,distance -12.10% outside band,2026-09-29,97.37799835205078,2026-01-23,-0.3466696788952335,True,14,True,11,True,11.0,True,14.0
CVS,growth 1.2% below threshold,2026-09-29,110.68000030517578,2026-07-22,-0.2130466368453019,True,11,True,39,True,15.0,True,1.0
CVX,distance +10.00% outside band,2026-09-29,217.77999877929688,2026-09-15,-0.06152995670674155,True,7,False,0,False,0.0,False,0.0
CW,distance -21.13% outside band,2026-09-29,808.1599731445312,2026-07-07,-0.33942536957288305,True,33,True,38,True,38.0,True,29.0
CYTK,distance -6.36% outside band,2026-09-29,88.30999755859375,2026-06-30,-0.2567093058054243,True,15,True,37,True,22.0,True,11.0
D,distance -5.73% outside band,2026-09-29,72.98999786376953,2026-07-17,-0.16920124449340934,True,43,True,39,True,23.0,True,8.0
DAL,distance +12.26% outside band,2026-09-29,95.68000030517578,2026-07-02,-0.11298074335404229,False,0,False,0,False,0.0,False,0.0
DAR,distance +8.05% outside band,2026-09-29,69.9800033569336,2026-08-20,-0.1380394855490138,True,7,True,7,True,2.0,False,0.0
DASH,growth 8.7% below threshold,2026-09-29,238.8280029296875,2026-08-28,-0.21659100353236604,True,18,True,16,True,2.0,True,2.0
DBX,distance +16.34% outside band,2026-09-29,38.16999816894531,2026-09-15,-0.14330620037745212,True,6,True,4,False,0.0,False,0.0
DCI,distance -4.34% outside band,2026-09-29,112.83999633789062,2026-02-12,-0.2262495534194212,True,31,True,22,True,12.0,True,21.0
DD,distance -5.40% outside band,2026-09-29,157.97999572753906,2026-02-12,-0.17635144552352344,False,0,True,30,True,30.0,True,21.0
DDOG,distance +46.85% outside band,2026-09-29,292.7200012207031,2026-08-05,-0.08253622424623241,False,0,False,0,False,0.0,False,0.0
DE,distance +16.33% outside band,2026-09-29,721.219970703125,2026-09-23,-0.05645984908519197,True,1,False,0,False,0.0,False,0.0
DECK,distance -23.57% outside band,2026-09-29,122.29000091552734,2026-02-20,-0.3647886194813771,True,44,True,51,True,51.0,True,43.0
DELL,distance +88.06% outside band,2026-09-29,595.510009765625,2026-09-18,-0.09390267500652871,False,0,False,0,False,0.0,False,0.0
DG,distance -3.48% outside band,2026-09-29,158.22999572753906,2026-02-26,-0.22492572393905708,True,11,True,1,False,0.0,True,11.0
DGX,distance +12.97% outside band,2026-09-29,248.83999633789062,2026-09-21,-0.06779454816532127,True,6,True,1,False,0.0,False,0.0
DHI,distance -6.33% outside band,2026-09-29,170.7899932861328,2026-06-25,-0.1837929657685462,True,2,True,28,True,24.0,True,24.0
DHR,distance +12.05% outside band,2026-09-29,242.8000030517578,2026-01-22,-0.06873971265086198,False,0,False,0,False,0.0,False,0.0
DINO,distance +50.43% outside band,2026-09-29,118.38999938964844,2026-09-21,-0.10811726596627547,True,5,False,0,False,0.0,False,0.0
DKS,distance -32.90% outside band,2026-09-29,244.3800048828125,2026-06-22,-0.44880925502544755,False,0,True,60,True,51.0,True,35.0
DLB,distance -3.20% outside band,2026-09-29,69.94999694824219,2026-02-12,-0.17183698595384234,True,12,True,9,False,0.0,True,10.0
DLR,distance -2.31% outside band,2026-09-29,208.13999938964844,2026-04-24,-0.15172480985711623,True,6,True,12,True,22.0,True,3.0
DLTR,distance -3.60% outside band,2026-09-29,142.39999389648438,2026-01-15,-0.20435387705058738,True,16,True,16,True,11.0,True,11.0
DOC,distance +6.85% outside band,2026-09-29,22.950000762939453,2026-07-28,-0.12287588272008687,True,17,True,23,True,6.0,False,0.0
DOCN,distance +29.75% outside band,2026-09-29,187.5,2026-06-17,-0.2799466959635417,False,0,False,0,True,2.0,False,0.0
DOCU,distance +24.79% outside band,2026-09-29,74.06500244140625,2026-09-15,-0.09565920273988637,True,2,False,0,False,0.0,False,0.0
DOV,distance -9.77% outside band,2026-09-29,237.5399932861328,2026-02-12,-0.20139764961710738,False,0,True,52,True,52.0,True,34.0
DOW,distance -13.58% outside band,2026-09-29,42.7400016784668,2026-03-31,-0.3540009469802621,True,18,True,17,True,81.0,True,25.0
DPZ,distance -15.18% outside band,2026-09-29,425.4100036621094,2026-01-02,-0.2905432524846958,True,17,True,15,True,15.0,True,116.0
DRI,distance -4.29% outside band,2026-09-29,229.75999450683594,2026-08-13,-0.1508095174308226,True,4,True,4,True,3.0,True,3.0
DT,distance +35.82% outside band,2026-09-29,59.40999984741211,2026-09-24,-0.03164452235219328,False,0,False,0,False,0.0,False,0.0
DTE,distance -13.23% outside band,2026-09-29,155.75,2026-07-07,-0.2141894100183086,True,55,True,45,True,45.0,True,39.0
DTM,distance -9.49% outside band,2026-09-29,152.8800048828125,2026-05-26,-0.20440872992742698,True,47,True,46,True,46.0,True,29.0
DUK,distance -7.92% outside band,2026-09-29,134.49000549316406,2026-03-17,-0.150791921930007,True,43,True,42,True,43.0,True,32.0
DUOL,distance +11.31% outside band,2026-09-29,192.9199981689453,2026-01-05,-0.2607298544949639,True,6,False,0,False,0.0,False,0.0
DVA,distance +3.52% outside band,2026-09-29,247.49000549316406,2026-08-03,-0.29213302132216734,True,4,True,39,True,39.0,False,0.0
DVN,distance +4.84% outside band,2026-09-29,52.709999084472656,2026-03-30,-0.11591729684077057,True,3,True,2,False,0.0,False,0.0
DXCM,distance +19.06% outside band,2026-09-29,92.58999633789062,2026-08-24,-0.0642617689121483,True,5,False,0,False,0.0,False,0.0
DY,distance -30.96% outside band,2026-09-29,566.469970703125,2026-05-27,-0.5250586571941691,True,29,True,62,True,30.0,True,27.0
EAT,distance +17.75% outside band,2026-09-29,254.99000549316406,2026-08-25,-0.2191458632848673,True,23,True,13,False,0.0,False,0.0
EBAY,distance +4.46% outside band,2026-09-29,119.30999755859375,2026-05-20,-0.11817952193986525,True,1,True,2,True,7.0,False,0.0
ECHO,distance -17.49% outside band,2026-09-29,147.25,2026-05-18,-0.38954160007029925,True,4,False,0,True,72.0,True,68.0
ED,distance -4.16% outside band,2026-09-29,116.2300033569336,2026-03-17,-0.11098684636757661,True,15,True,42,True,17.0,True,14.0
EEFT,distance -11.23% outside band,2026-09-29,83.97000122070312,2026-07-29,-0.24068122669250447,True,11,True,32,True,12.0,True,16.0
EFX,distance -23.36% outside band,2026-09-29,228.6699981689453,2026-01-09,-0.3841343291260838,True,17,True,17,True,16.0,True,17.0
EG,distance +6.08% outside band,2026-09-29,401.07000732421875,2026-07-28,-0.08043485969158126,True,8,True,8,False,0.0,False,0.0
EGP,distance +3.15% outside band,2026-09-29,226.7100067138672,2026-07-17,-0.10612682327582112,False,0,True,40,True,30.0,False,0.0
EHC,distance +14.42% outside band,2026-09-29,127.5,2026-08-11,-0.030901979932598023,False,0,False,0,False,0.0,False,0.0
EIX,distance -21.53% outside band,2026-09-29,81.62000274658203,2026-07-28,-0.3437882924411697,True,22,True,23,True,22.0,True,21.0
EL,distance +2.25% outside band,2026-09-29,121.63999938964844,2026-02-03,-0.2241860965134721,True,5,False,0,False,0.0,False,0.0
ELAN,distance -4.97% outside band,2026-09-29,27.979999542236328,2026-08-05,-0.19192276696712063,True,15,True,18,True,15.0,True,15.0
ELF,distance +30.57% outside band,2026-09-29,110.04000091552734,2026-09-08,-0.07579065701469223,False,0,False,0,False,0.0,False,0.0
ELS,distance -7.86% outside band,2026-09-29,69.0,2026-03-13,-0.14913044805112097,True,24,True,24,True,23.0,True,22.0
ELV,distance +7.48% outside band,2026-09-29,436.239990234375,2026-07-14,-0.09973863062088972,True,6,True,3,True,3.0,False,0.0
EME,expected growth -8.1% below threshold,2026-09-29,951.9600219726562,2026-05-06,-0.1995146731920605,False,0,True,12,True,29.0,True,12.0
EMR,distance +8.96% outside band,2026-09-29,166.35000610351562,2026-08-12,-0.054764053357969966,False,0,False,0,False,0.0,False,0.0
ENS,distance -3.64% outside band,2026-09-29,244.3000030517578,2026-05-21,-0.2546049781876769,False,0,True,63,True,53.0,True,21.0
ENSG,distance -3.47% outside band,2026-09-29,218.0,2026-03-02,-0.1948165193610235,False,0,True,5,False,0.0,True,35.0
ENTG,distance +18.03% outside band,2026-09-29,186.94000244140625,2026-06-22,-0.17208728869589351,False,0,False,0,False,0.0,False,0.0
EOG,distance +6.18% outside band,2026-09-29,154.16000366210938,2026-09-15,-0.09405811919790397,True,10,True,8,True,1.0,False,0.0
EPR,growth 8.0% below threshold,2026-09-29,64.97000122070312,2026-07-29,-0.11974761348034257,True,17,True,25,True,13.0,False,0.0
EQH,distance +15.35% outside band,2026-09-29,55.060001373291016,2026-09-17,-0.052125003178336904,True,2,False,0,False,0.0,False,0.0
EQIX,distance +3.22% outside band,2026-09-29,1128.6800537109375,2026-04-24,-0.1004802324687245,True,3,True,5,True,5.0,False,0.0
EQT,distance -12.07% outside band,2026-09-29,68.23999786376953,2026-03-27,-0.28370453402275153,True,13,True,10,True,13.0,True,88.0
ERIE,distance -11.01% outside band,2026-09-29,292.69000244140625,2026-02-06,-0.24004923017379243,True,17,True,10,True,6.0,True,11.0
ES,distance -8.97% outside band,2026-09-29,76.56999969482422,2026-07-28,-0.16546948177409682,True,15,True,31,True,15.0,True,14.0
ESAB,distance -31.57% outside band,2026-09-29,137.4199981689453,2026-02-12,-0.508077431415673,True,2,True,36,True,39.0,True,116.0
ESNT,expected growth -10.2% below threshold,2026-09-29,70.37000274658203,2026-08-18,-0.1013215971270024,True,11,True,8,True,3.0,False,0.0
ESS,distance +2.12% outside band,2026-09-29,303.3500061035156,2026-07-07,-0.09698372452873805,True,23,True,24,True,20.0,False,0.0
ETN,distance +11.76% outside band,2026-09-29,478.0,2026-08-12,-0.09357742884169062,False,0,False,0,False,0.0,False,0.0
ETR,distance -6.01% outside band,2026-09-29,118.44999694824219,2026-05-01,-0.15778805650943561,True,14,True,45,True,44.0,True,13.0
EVR,distance -20.72% outside band,2026-09-29,388.7099914550781,2026-01-16,-0.3350827168409757,True,15,True,52,True,44.0,True,44.0
EVRG,distance -2.82% outside band,2026-09-29,88.62000274658203,2026-07-07,-0.11160007992698784,True,15,True,44,True,28.0,True,8.0
EW,distance +3.50% outside band,2026-09-29,96.29000091552734,2026-07-07,-0.08526325689491965,False,0,True,5,False,0.0,False,0.0
EWBC,distance +3.24% outside band,2026-09-29,137.47000122070312,2026-08-17,-0.08692808955789133,True,29,True,29,True,10.0,False,0.0
EXC,distance -11.03% outside band,2026-09-29,50.650001525878906,2026-03-17,-0.19743336029102865,True,43,True,43,True,43.0,True,43.0
EXE,distance -14.81% outside band,2026-09-29,114.80999755859375,2026-03-26,-0.2667885890145222,True,13,True,10,True,10.0,True,116.0
EXEL,distance +20.13% outside band,2026-09-29,59.720001220703125,2026-09-03,-0.017916940270478077,False,0,False,0,False,0.0,False,0.0
EXLS,distance +4.38% outside band,2026-09-29,43.189998626708984,2026-01-26,-0.19935163392966204,True,16,True,2,False,0.0,False,0.0
EXP,distance -16.58% outside band,2026-09-29,245.52999877929688,2026-06-25,-0.29303953612982714,True,34,True,38,True,31.0,True,34.0
EXPD,distance +16.02% outside band,2026-09-29,194.58999633789062,2026-09-15,-0.033043798739869734,True,6,False,0,False,0.0,False,0.0
EXPE,distance +2.31% outside band,2026-09-29,342.0,2026-08-26,-0.22125734920390172,True,21,True,16,True,5.0,False,0.0
EXPO,distance -3.09% outside band,2026-09-29,81.94999694824219,2026-02-09,-0.2125686249866171,True,17,True,6,False,0.0,True,6.0
EXR,distance -5.84% outside band,2026-09-29,158.8800048828125,2026-07-29,-0.1598061342481436,True,32,True,28,True,24.0,True,21.0
F,distance -9.00% outside band,2026-09-29,17.780000686645508,2026-05-29,-0.3082114895544775,True,16,True,16,True,12.0,True,8.0
FAF,distance -4.83% outside band,2026-09-29,79.87000274658203,2026-07-29,-0.19832231654659627,True,11,True,11,True,8.0,True,4.0
FANG,expected growth -25.9% below threshold,2026-09-29,216.89999389648438,2026-08-20,-0.15191331431741573,True,10,True,10,True,8.0,True,1.0
FAST,distance +8.35% outside band,2026-09-29,52.91999816894531,2026-08-11,-0.05593346914002073,False,0,False,0,False,0.0,False,0.0
FBIN,distance -17.38% outside band,2026-09-29,64.83999633789062,2026-02-11,-0.4076187227517406,True,38,True,32,True,20.0,True,31.0
FCFS,distance +5.54% outside band,2026-09-29,238.92999267578125,2026-08-25,-0.10927881032915254,True,11,True,1,True,5.0,False,0.0
FCN,distance -18.90% outside band,2026-09-29,189.3000030517578,2026-04-28,-0.3022187310700941,True,17,True,25,True,42.0,True,43.0
FCX,distance +11.88% outside band,2026-09-29,80.23999786376953,2026-08-26,-0.1177716500477265,True,5,False,0,False,0.0,False,0.0
FDS,distance +4.24% outside band,2026-09-29,320.4800109863281,2026-09-03,-0.1888105581979851,True,16,True,6,False,0.0,False,0.0
FDX,distance -3.58% outside band,2026-09-29,345.3699951171875,2026-06-15,-0.16764627707985558,True,20,True,16,True,16.0,True,7.0
FDXF,insufficient price history,2026-09-29,200.0,2026-05-28,-0.43970001220703125,True,31,True,38,,,,
FE,distance -8.02% outside band,2026-09-29,52.34000015258789,2026-04-09,-0.16622087767627358,True,16,True,38,True,39.0,True,38.0
FERG,distance -5.88% outside band,2026-09-29,271.6400146484375,2026-02-12,-0.1758578153261956,False,0,True,26,True,26.0,True,26.0
FFIN,distance -2.48% outside band,2026-09-29,36.52000045776367,2026-07-16,-0.1311610310921848,True,10,True,29,True,10.0,True,6.0
FFIV,distance +27.97% outside band,2026-09-29,462.0,2026-09-23,-0.05179652094324949,False,0,False,0,False,0.0,False,0.0
FHI,stale filing (2026-03-31),2026-09-29,67.19999694824219,2026-08-05,-0.14404757336423846,True,21,True,14,True,11.0,False,0.0
FHN,distance -5.40% outside band,2026-09-29,26.559999465942383,2026-02-06,-0.1302710524866304,True,29,True,29,True,16.0,True,10.0
FICO,distance -50.03% outside band,2026-09-29,1691.030029296875,2026-01-02,-0.6346191466664279,True,17,True,43,True,20.0,True,116.0
FIS,distance -29.49% outside band,2026-09-29,68.37000274658203,2026-01-08,-0.5122130008136012,True,16,True,17,True,32.0,True,116.0
FISV,distance -20.57% outside band,2026-09-29,70.41000366210938,2026-01-08,-0.3557733524907951,True,16,True,16,True,32.0,True,115.0
FITB,stale filing (2026-03-31),2026-09-29,59.5,2026-07-16,-0.14336132402179624,True,30,True,29,True,10.0,True,2.0
FIVE,distance +3.66% outside band,2026-09-29,263.8800048828125,2026-08-24,-0.15859483602064106,True,11,True,5,False,0.0,False,0.0
FIX,distance +7.74% outside band,2026-09-29,2073.989990234375,2026-05-14,-0.1971754653261547,False,0,False,0,True,30.0,False,0.0
FLEX,distance +15.03% outside band,2026-09-29,166.86000061035156,2026-06-03,-0.3178113303686937,False,0,True,57,True,30.0,False,0.0
FLG,distance -13.25% outside band,2026-09-29,15.4399995803833,2026-07-16,-0.23316059103843834,True,52,True,47,True,31.0,True,23.0
FLR,distance +2.26% outside band,2026-09-29,58.349998474121094,2026-09-03,-0.14601537045189683,True,6,True,4,True,4.0,False,0.0
FLS,distance -3.32% outside band,2026-09-29,92.41000366210938,2026-02-26,-0.2012769761542833,True,3,True,4,True,3.0,True,4.0
FN,distance -20.35% outside band,2026-09-29,748.8900146484375,2026-05-14,-0.43366851363843006,False,0,True,30,True,30.0,True,30.0
FNB,distance -3.15% outside band,2026-09-29,19.59000015258789,2026-07-02,-0.11587546912110658,True,29,True,29,True,16.0,True,6.0
FND,distance -17.09% outside band,2026-09-29,77.45999908447266,2026-01-16,-0.39233152270641203,True,5,True,28,True,22.0,True,32.0
FNF,distance -17.28% outside band,2026-09-29,58.40999984741211,2026-02-12,-0.2953261435552679,True,37,True,31,True,30.0,True,37.0
FOUR,distance -24.91% outside band,2026-09-29,68.56999969482422,2026-01-14,-0.45923870503015984,True,11,True,24,True,11.0,True,39.0
FOX,no consensus estimate,2026-09-29,68.17500305175781,2026-01-06,-0.18107811761051062,True,10,True,3,False,0.0,True,3.0
FR,growth -46.1% below threshold,2026-09-29,69.87999725341797,2026-07-17,-0.12492839253956989,True,5,True,38,True,24.0,True,5.0
FRT,distance -2.64% outside band,2026-09-29,128.2100067138672,2026-07-28,-0.14679047140384538,True,18,True,40,True,30.0,True,9.0
FSLR,distance -21.55% outside band,2026-09-29,320.95001220703125,2026-06-03,-0.4487303756148443,True,31,True,36,True,34.0,True,34.0
FTI,distance +3.34% outside band,2026-09-29,80.69999694824219,2026-09-03,-0.1468401353437624,True,14,True,10,True,8.0,False,0.0
FTNT,distance +50.25% outside band,2026-09-29,181.3699951171875,2026-09-24,-0.029828464183531467,False,0,False,0,False,0.0,False,0.0
FTV,distance -4.91% outside band,2026-09-29,64.55999755859375,2026-07-28,-0.1417285944423593,True,31,True,31,True,25.0,True,20.0
G,distance -12.31% outside band,2026-09-29,48.41999816894531,2026-01-09,-0.33415937840443233,True,16,True,8,True,2.0,True,17.0
GAP,expected growth -43.1% below threshold,2026-09-29,29.360000610351562,2026-02-20,-0.19822886831862807,False,0,False,0,False,0.0,True,85.0
GATX,distance -2.10% outside band,2026-09-29,205.55999755859375,2026-04-17,-0.14448334939183083,True,1,True,1,True,1.0,True,1.0
GBCI,distance -8.61% outside band,2026-09-29,54.58000183105469,2026-07-16,-0.1998901300128182,True,31,True,38,True,29.0,True,28.0
GD,distance -6.47% outside band,2026-09-29,400.0,2026-07-29,-0.16915000915527345,True,28,True,21,True,17.0,True,8.0
GDDY,expected growth 3.4% below threshold,2026-09-29,123.93000030517578,2026-01-02,-0.24102317980333732,True,3,True,2,False,0.0,False,0.0
GE,expected growth -12.2% below threshold,2026-09-29,388.8399963378906,2026-08-06,-0.1824657503283167,True,2,True,29,True,15.0,True,2.0
GEF,distance +10.00% outside band,2026-09-29,90.56999969482422,2026-08-05,-0.11162637346160131,True,4,True,4,False,0.0,False,0.0
GEHC,distance -7.15% outside band,2026-09-29,89.7699966430664,2026-01-08,-0.25966356723033424,False,0,True,16,False,0.0,True,23.0
GEN,distance -15.53% outside band,2026-09-29,31.649999618530273,2026-09-03,-0.34123220749542826,True,8,True,6,True,5.0,True,4.0
GEV,distance +5.40% outside band,2026-09-29,1195.93994140625,2026-07-06,-0.19520206917528993,False,0,True,30,True,30.0,False,0.0
GGG,distance -4.67% outside band,2026-09-29,95.69000244140625,2026-02-12,-0.1838227977688267,False,0,True,21,False,0.0,True,28.0
GHC,only 1 analysts,2026-09-29,1262.3499755859375,2026-07-30,-0.10656317355162193,True,1,True,24,True,2.0,True,1.0
GILD,distance +10.98% outside band,2026-09-29,157.2899932861328,2026-02-11,-0.03820964310108976,False,0,False,0,False,0.0,False,0.0
GIS,distance -13.34% outside band,2026-09-29,49.59000015258789,2026-02-12,-0.3180076710877102,True,18,True,16,True,7.0,True,18.0
GL,distance +5.78% outside band,2026-09-29,191.5500030517578,2026-07-17,-0.13296789775472362,True,7,True,29,True,6.0,False,0.0
GLPI,distance -15.36% outside band,2026-09-29,49.95000076293945,2026-03-02,-0.23383383637186628,True,25,True,43,True,74.0,True,43.0
GLW,distance +6.18% outside band,2026-09-29,271.7799987792969,2026-06-30,-0.41603500100553725,False,0,False,0,True,53.0,False,0.0
GM,growth -50.8% below threshold,2026-09-29,91.8499984741211,2026-07-29,-0.12389763138237075,True,8,True,8,True,2.0,True,2.0
GME,distance +6.92% outside band,2026-09-29,26.8799991607666,2026-05-01,-0.1160713924589194,False,0,False,0,False,0.0,False,0.0
GMED,distance -10.77% outside band,2026-09-29,101.4000015258789,2026-01-08,-0.253550283013665,False,0,True,20,True,25.0,True,26.0
GNRC,expected growth 1.3% below threshold,2026-09-29,296.44000244140625,2026-06-25,-0.2841047109940902,False,0,False,0,True,60.0,False,0.0
GNTX,distance -5.47% outside band,2026-09-29,26.479999542236328,2026-06-15,-0.16427494171710078,True,2,True,51,True,23.0,True,23.0
GOOG,expected growth -66.7% below threshold,2026-09-29,404.4700012207031,2026-05-18,-0.16601971393137582,True,1,True,5,True,35.0,False,0.0
GOOGL,expected growth -66.8% below threshold,2026-09-29,408.6099853515625,2026-05-18,-0.1656591232482696,True,1,True,5,True,35.0,False,0.0
GPC,distance +5.78% outside band,2026-09-29,151.57000732421875,2026-02-12,-0.16243325978940315,True,16,True,8,False,0.0,False,0.0
GPK,distance -19.59% outside band,2026-09-29,16.110000610351562,2026-01-09,-0.42830541966404145,True,26,True,20,True,17.0,True,116.0
GPN,distance +8.92% outside band,2026-09-29,95.87999725341797,2026-08-24,-0.13089273865113604,True,16,True,10,False,0.0,False,0.0
GRMN,distance +18.36% outside band,2026-09-29,314.2799987792969,2026-08-10,-0.07652408007630751,False,0,False,0,False,0.0,False,0.0
GS,distance -4.52% outside band,2026-09-29,1153.989990234375,2026-07-15,-0.20602431737879545,True,15,True,24,True,12.0,True,6.0
GWRE,distance -6.21% outside band,2026-09-29,207.49000549316406,2026-08-31,-0.31312352161870094,True,17,True,16,True,3.0,True,16.0
GWW,distance +3.80% outside band,2026-09-29,1419.9100341796875,2026-07-17,-0.12059918312592532,True,16,True,40,True,16.0,False,0.0
GXO,distance -14.86% outside band,2026-09-29,66.8499984741211,2026-02-12,-0.3304412962872295,True,11,True,39,True,39.0,True,48.0
H,distance -4.39% outside band,2026-09-29,206.86000061035156,2026-06-18,-0.21681333254946955,False,0,True,45,True,25.0,True,21.0
HAE,distance +41.65% outside band,2026-09-29,110.44999694824219,2026-09-18,-0.04210044386568346,False,0,False,0,False,0.0,False,0.0
HAL,distance -10.86% outside band,2026-09-29,43.59000015258789,2026-05-20,-0.2764395318852769,True,12,True,9,True,14.0,True,10.0
HALO,distance +43.71% outside band,2026-09-29,116.8499984741211,2026-09-23,-0.04527172430129667,False,0,False,0,False,0.0,False,0.0
HAS,distance -2.22% outside band,2026-09-29,106.9800033569336,2026-02-12,-0.17498598460727977,True,23,True,11,True,1.0,True,10.0
HBAN,distance -9.96% outside band,2026-09-29,19.459999084472656,2026-02-06,-0.21531340307473235,True,29,True,29,True,16.0,True,16.0
HCA,distance -3.39% outside band,2026-09-29,556.52001953125,2026-03-12,-0.22441243848447867,False,0,False,0,False,0.0,True,109.0
HD,distance -15.33% outside band,2026-09-29,397.6300048828125,2026-02-12,-0.27560796467104753,True,28,True,28,True,23.0,True,34.0
HGV,distance -21.82% outside band,2026-09-29,55.400001525878906,2026-06-25,-0.35415166437165124,True,43,True,43,True,43.0,True,31.0
HIG,distance -7.51% outside band,2026-09-29,146.07000732421875,2026-07-30,-0.1384268353270982,True,16,True,17,True,10.0,True,11.0
HII,distance -24.73% outside band,2026-09-29,460.0,2026-03-02,-0.43556518554687496,True,29,True,22,True,31.0,True,102.0
HIMS,distance +3.77% outside band,2026-09-29,39.04999923706055,2026-07-06,-0.2650447804438979,False,0,True,5,True,5.0,False,0.0
HL,distance -10.74% outside band,2026-09-29,34.16999816894531,2026-01-26,-0.49809773082994513,True,14,True,2,True,2.0,True,12.0
HLI,distance -15.18% outside band,2026-09-29,195.05999755859375,2026-01-21,-0.3465600293254123,True,10,True,10,True,44.0,True,116.0
HLNE,distance -17.29% outside band,2026-09-29,155.66000366210938,2026-01-16,-0.4483489610280381,True,20,True,11,True,10.0,True,20.0
HLT,distance +2.50% outside band,2026-09-29,358.0,2026-06-17,-0.09653630602959151,False,0,False,0,True,23.0,False,0.0
HOG,distance +6.78% outside band,2026-09-29,28.860000610351562,2026-09-04,-0.13998616874866832,True,12,True,9,True,4.0,False,0.0
HOMB,growth 0.9% below threshold,2026-09-29,31.700000762939453,2026-07-29,-0.10378551534212233,True,10,True,16,True,2.0,True,1.0
HON,distance -8.76% outside band,2026-09-29,260.2831726074219,2026-03-02,-0.19268693869908393,False,0,True,31,True,32.0,True,30.0
HONA,insufficient price history,2026-09-29,297.5,2026-06-16,-0.4775125968356092,True,4,True,25,,,,
HOOD,distance +23.07% outside band,2026-09-29,126.73999786376953,2026-09-23,-0.08300455121021977,False,0,False,0,False,0.0,False,0.0
HPE,distance +69.50% outside band,2026-09-29,65.6500015258789,2026-09-25,-0.06336633283659954,False,0,False,0,False,0.0,False,0.0
HPQ,distance +30.64% outside band,2026-09-29,36.22999954223633,2026-09-11,-0.15180789592857136,True,6,False,0,False,0.0,False,0.0
HQY,growth -5.4% below threshold,2026-09-29,107.62000274658203,2026-08-10,-0.18927710673403575,True,23,True,23,True,6.0,True,4.0
HR,distance -4.49% outside band,2026-09-29,22.040000915527344,2026-07-28,-0.18602541792914562,True,42,True,41,True,35.0,True,11.0
HRB,distance +4.50% outside band,2026-09-29,58.66999816894531,2026-08-12,-0.3083347009113401,True,20,True,15,True,3.0,False,0.0
HRL,distance -14.52% outside band,2026-09-29,26.600000381469727,2026-06-26,-0.25375939485708543,True,38,True,36,True,23.0,True,23.0
HSIC,distance +6.02% outside band,2026-09-29,92.18000030517578,2026-08-04,-0.07821652267957113,True,16,True,11,False,0.0,False,0.0
HST,distance +5.31% outside band,2026-09-29,25.709999084472656,2026-07-30,-0.12718781279109137,False,0,True,38,True,24.0,False,0.0
HSY,distance -15.63% outside band,2026-09-29,239.47999572753906,2026-03-02,-0.3259979683407519,True,23,True,21,True,23.0,True,84.0
HUBB,distance -5.85% outside band,2026-09-29,565.4998779296875,2026-04-23,-0.18816959250524812,False,0,True,30,True,30.0,True,30.0
HUBS,distance -20.56% outside band,2026-09-29,405.1050109863281,2026-01-07,-0.5120524486042053,True,11,True,9,True,3.0,True,116.0
HUM,distance +32.69% outside band,2026-09-29,428.8800048828125,2026-07-16,-0.09795282896693647,True,2,False,0,False,0.0,False,0.0
HWC,distance +2.99% outside band,2026-09-29,80.12999725341797,2026-08-14,-0.09896419040295834,True,7,True,27,True,2.0,False,0.0
HWM,distance -6.88% outside band,2026-09-29,310.0,2026-08-06,-0.2550322501890121,True,29,True,28,True,22.0,True,16.0
HXL,distance -5.94% outside band,2026-09-29,111.73999786376953,2026-07-27,-0.24512260527373197,True,43,True,29,True,28.0,True,9.0
IBKR,distance +6.46% outside band,2026-09-29,98.75,2026-08-25,-0.12729113615011867,True,6,True,4,True,4.0,False,0.0
IBM,distance -14.33% outside band,2026-09-29,332.4599914550781,2026-06-02,-0.33829630287141177,True,8,True,4,True,10.0,True,55.0
IBOC,distance -3.71% outside band,2026-09-29,78.45999908447266,2026-06-26,-0.12133567109549492,True,10,True,38,True,31.0,True,11.0
ICE,growth -32.2% below threshold,2026-09-29,176.0500030517578,2026-01-29,-0.1355296801860142,True,16,True,2,False,0.0,True,3.0
IDA,distance -6.16% outside band,2026-09-29,154.91000366210938,2026-07-06,-0.15357309394177532,True,52,True,44,True,39.0,True,27.0
IDCC,distance +2.09% outside band,2026-09-29,387.29998779296875,2026-04-17,-0.16266460621133982,True,2,False,0,False,0.0,False,0.0
IDXX,distance -9.70% outside band,2026-09-29,726.4099731445312,2026-01-13,-0.26564884546915557,False,0,True,28,True,28.0,True,116.0
IESC,distance +12.34% outside band,2026-09-29,408.2550048828125,2026-08-12,-0.20530061221286167,False,0,True,12,True,12.0,False,0.0
IEX,distance +9.66% outside band,2026-09-29,243.8000030517578,2026-07-29,-0.054840074686701934,False,0,False,0,False,0.0,False,0.0
IFF,distance +12.08% outside band,2026-09-29,89.31999969482422,2026-08-05,-0.045566499202082555,False,0,False,0,False,0.0,False,0.0
ILMN,distance +69.29% outside band,2026-09-29,278.989990234375,2026-09-29,-0.02505462733090469,False,0,False,0,False,0.0,False,0.0
INCY,distance +15.64% outside band,2026-09-29,132.60000610351562,2026-07-28,-0.07088996020056904,True,5,True,1,False,0.0,False,0.0
INGR,distance -10.24% outside band,2026-09-29,123.48999786376953,2026-02-04,-0.21888411407307307,True,21,True,18,True,19.0,True,116.0
INTC,distance +44.99% outside band,2026-09-29,142.35000610351562,2026-06-30,-0.18559890878492447,False,0,False,0,False,0.0,False,0.0
INTU,distance -32.91% outside band,2026-09-29,661.989990234375,2026-01-02,-0.59511472570091,True,20,True,10,True,10.0,True,116.0
INVH,distance -4.61% outside band,2026-09-29,30.89299964904785,2026-08-06,-0.13993461312705102,True,24,True,24,True,21.0,True,14.0
IP,distance -12.56% outside band,2026-09-29,50.25,2026-02-12,-0.33691542895872206,True,23,True,22,True,16.0,True,21.0
IPGP,distance -22.44% outside band,2026-09-29,155.82000732421875,2026-02-13,-0.496085271773298,False,0,True,62,True,69.0,True,49.0
IQV,distance +31.05% outside band,2026-09-29,277.3999938964844,2026-09-23,-0.030317245303356777,False,0,False,0,False,0.0,False,0.0
IR,distance -6.35% outside band,2026-09-29,100.95999908447266,2026-02-13,-0.24247222612449504,False,0,True,30,True,23.0,True,30.0
IRM,growth -29.4% below threshold,2026-09-29,134.67999267578125,2026-06-24,-0.1721116270891332,True,5,True,29,True,27.0,True,3.0
IRT,distance -9.32% outside band,2026-09-29,17.700000762939453,2026-07-07,-0.16214693308051442,True,25,True,25,True,23.0,True,23.0
ISRG,distance -8.29% outside band,2026-09-29,603.8800048828125,2026-01-07,-0.31744719258295706,False,0,False,0,False,0.0,True,116.0
IT,distance +6.91% outside band,2026-09-29,252.6300048828125,2026-01-09,-0.2643391421785948,False,0,False,0,False,0.0,False,0.0
ITT,distance +4.04% outside band,2026-09-29,230.32000732421875,2026-08-06,-0.11193128351110082,False,0,True,1,False,0.0,False,0.0
ITW,growth 6.1% below threshold,2026-09-29,303.1600036621094,2026-02-12,-0.1190460347734893,True,1,True,21,True,1.0,True,1.0
IVZ,distance +9.57% outside band,2026-09-29,33.65999984741211,2026-08-28,-0.09625667812851357,True,16,True,6,False,0.0,False,0.0
J,distance +2.55% outside band,2026-09-29,153.3000030517578,2026-08-26,-0.1097195498328849,True,20,True,5,False,0.0,False,0.0
JAZZ,distance +10.16% outside band,2026-09-29,266.3800048828125,2026-08-25,-0.12774982414414915,True,24,True,20,True,5.0,False,0.0
JBHT,distance -5.64% outside band,2026-09-29,299.760009765625,2026-07-16,-0.23512145946830842,True,10,True,11,True,10.0,True,10.0
JBL,distance +6.07% outside band,2026-09-29,428.92999267578125,2026-06-17,-0.2566619220332891,False,0,False,0,True,29.0,False,0.0
JCI,distance +8.99% outside band,2026-09-29,157.05999755859375,2026-08-05,-0.0486438272533285,False,0,False,0,False,0.0,False,0.0
JEF,distance -12.04% outside band,2026-09-29,66.5999984741211,2026-01-05,-0.30150147862480736,True,13,True,14,True,13.0,True,13.0
JKHY,distance -7.64% outside band,2026-09-29,193.38999938964844,2026-01-15,-0.24391125868874775,True,16,True,9,True,1.0,True,11.0
JLL,distance -5.19% outside band,2026-09-29,393.8399963378906,2026-08-19,-0.2103392167077388,True,21,True,15,True,5.0,True,5.0
JNJ,distance +11.03% outside band,2026-09-29,281.07000732421875,2026-09-02,-0.04803073842178951,True,1,False,0,False,0.0,False,0.0
JPM,distance +4.17% outside band,2026-09-29,366.5,2026-08-13,-0.08600269853662179,True,16,True,10,True,1.0,False,0.0
KBH,distance -14.32% outside band,2026-09-29,67.56999969482422,2026-02-13,-0.2982092883955181,True,24,True,24,True,21.0,True,24.0
KBR,distance -7.00% outside band,2026-09-29,45.369998931884766,2026-01-15,-0.22569975985988278,True,21,True,10,True,6.0,True,26.0
KD,distance -25.35% outside band,2026-09-29,27.739999771118164,2026-01-09,-0.5930064868418727,True,10,True,8,True,8.0,True,116.0
KDP,distance +5.51% outside band,2026-09-29,33.81999969482422,2026-06-29,-0.08249553617251182,True,2,True,1,False,0.0,False,0.0
KEY,distance -6.92% outside band,2026-09-29,24.06999969482422,2026-07-17,-0.1641046491762187,True,29,True,30,True,29.0,True,10.0
KEYS,distance +20.19% outside band,2026-09-29,374.9630126953125,2026-06-22,-0.038171815123692165,False,0,False,0,False,0.0,False,0.0
KHC,distance -2.18% outside band,2026-09-29,28.09000015258789,2026-07-29,-0.16518331664092079,True,17,True,17,True,8.0,True,5.0
KIM,distance -3.54% outside band,2026-09-29,26.649999618530273,2026-07-28,-0.15872418772175612,True,43,True,40,True,30.0,True,11.0
KKR,distance -10.13% outside band,2026-09-29,137.27999877929688,2026-01-07,-0.3212412504826726,True,17,True,14,True,6.0,True,15.0
KLAC,distance +11.26% outside band,2026-09-29,307.3699951171875,2026-06-30,-0.3606077304182925,False,0,False,0,True,30.0,False,0.0
KMB,distance -3.64% outside band,2026-09-29,116.81999969482422,2026-07-07,-0.1526279907347462,True,18,True,21,True,16.0,True,16.0
KMI,distance -3.03% outside band,2026-09-29,34.810001373291016,2026-05-19,-0.1252513771429179,True,6,True,7,True,19.0,True,4.0
KNF,distance -31.46% outside band,2026-09-29,96.27999877929688,2026-06-25,-0.45284585611665396,True,60,True,51,True,52.0,True,40.0
KNSL,distance -9.23% outside band,2026-09-29,421.8999938964844,2026-02-06,-0.23382316976446493,True,17,True,10,True,3.0,True,6.0
KNX,non-positive profit,2026-09-29,82.86000061035156,2026-06-12,-0.22531979280015724,True,15,True,48,True,16.0,True,3.0
KO,distance +8.86% outside band,2026-09-29,92.48999786376953,2026-08-24,-0.06108770306385902,True,11,True,2,False,0.0,False,0.0
KR,distance -4.37% outside band,2026-09-29,76.58000183105469,2026-03-12,-0.20618961266626912,False,0,False,0,False,0.0,True,88.0
KRC,distance -3.21% outside band,2026-09-29,40.849998474121094,2026-07-17,-0.17160339249398282,True,16,True,38,True,16.0,True,15.0
KRG,distance -5.09% outside band,2026-09-29,29.920000076293945,2026-07-20,-0.174465217247455,True,44,True,41,True,38.0,True,11.0
KRYS,distance +11.63% outside band,2026-09-29,382.5350036621094,2026-06-30,-0.1241063056949685,True,5,True,2,True,1.0,False,0.0
KTOS,distance -38.01% outside band,2026-09-29,134.0,2026-01-20,-0.67873134897716,True,26,True,22,True,28.0,True,116.0
KVUE,growth -3.8% below threshold,2026-09-29,20.1299991607666,2026-07-07,-0.11028312995070932,True,18,True,21,True,16.0,True,15.0
L,distance -2.80% outside band,2026-09-29,121.01000213623047,2026-07-28,-0.12461781311331555,True,37,True,33,True,23.0,True,10.0
LAD,distance -7.51% outside band,2026-09-29,439.489990234375,2026-07-29,-0.34182799109630246,True,16,True,11,True,9.0,True,2.0
LAMR,distance +2.62% outside band,2026-09-29,166.3300018310547,2026-07-29,-0.1224673534115498,True,36,True,36,True,17.0,False,0.0
LDOS,distance -16.97% outside band,2026-09-29,205.0,2026-01-08,-0.399512202565263,True,20,True,6,True,2.0,True,116.0
LEA,distance -7.11% outside band,2026-09-29,150.3300018310547,2026-06-02,-0.20627953009060973,True,11,True,16,True,16.0,True,11.0
LECO,distance +2.67% outside band,2026-09-29,310.0,2026-02-12,-0.12641936271421372,False,0,False,0,False,0.0,False,0.0
LEN,distance -12.47% outside band,2026-09-29,124.16000366210938,2026-02-13,-0.3314271932357947,False,0,True,23,True,25.0,True,116.0
LFUS,distance +11.62% outside band,2026-09-29,500.57000732421875,2026-06-03,-0.1434564526597425,False,0,False,0,True,29.0,False,0.0
LH,distance +10.41% outside band,2026-09-29,341.79998779296875,2026-08-27,-0.09651840670736744,True,17,True,6,False,0.0,False,0.0
LHX,distance -24.06% outside band,2026-09-29,379.2300109863281,2026-03-02,-0.3764470258941921,True,31,True,44,True,111.0,True,84.0
LII,distance -26.31% outside band,2026-09-29,587.27001953125,2026-07-01,-0.3867216243226862,True,2,True,44,True,44.0,True,44.0
LIN,distance -2.46% outside band,2026-09-29,548.2000122070312,2026-07-07,-0.13650130504116753,False,0,True,52,True,42.0,True,17.0
LITE,distance +32.43% outside band,2026-09-29,1085.6800537109375,2026-05-12,-0.1033362113387718,False,0,False,0,False,0.0,False,0.0
LIVN,distance +8.18% outside band,2026-09-29,85.76000213623047,2026-08-04,-0.10226217413718941,True,11,True,11,True,5.0,False,0.0
LLY,distance +10.50% outside band,2026-09-29,1292.6500244140625,2026-08-19,-0.08356478357722052,False,0,False,0,False,0.0,False,0.0
LMT,distance -8.94% outside band,2026-09-29,692.0,2026-03-02,-0.25981210697593027,True,28,True,20,True,19.0,True,20.0
LNT,distance -8.51% outside band,2026-09-29,78.80999755859375,2026-07-07,-0.1836061625296328,True,54,True,46,True,44.0,True,31.0
LNTH,distance +13.65% outside band,2026-09-29,111.86000061035156,2026-06-30,-0.11040585023006178,True,8,True,45,True,7.0,False,0.0
LOPE,distance -6.98% outside band,2026-09-29,182.16000366210938,2026-01-22,-0.1897782533444775,True,3,True,3,True,3.0,True,116.0
LOW,distance -19.49% outside band,2026-09-29,293.05999755859375,2026-02-12,-0.3610182349455743,True,25,True,25,True,143.0,True,111.0
LPX,distance -14.60% outside band,2026-09-29,100.33999633789062,2026-02-10,-0.3446282186937053,True,4,True,28,True,28.0,True,65.0
LRCX,distance +18.87% outside band,2026-09-29,438.5,2026-06-30,-0.26143674948332385,False,0,False,0,False,0.0,False,0.0
LSCC,distance +12.37% outside band,2026-09-29,157.00999450683594,2026-06-22,-0.20100629681392468,False,0,False,0,True,30.0,False,0.0
LSTR,distance -3.64% outside band,2026-09-29,228.4600067138672,2026-06-08,-0.2628031461984437,True,26,True,47,True,30.0,True,13.0
LULU,distance -33.88% outside band,2026-09-29,217.22000122070312,2026-01-08,-0.5540465785737718,True,17,True,17,True,147.0,True,116.0
LUV,distance -3.28% outside band,2026-09-29,55.11000061035156,2026-02-17,-0.2364361937032784,False,0,True,36,True,31.0,True,30.0
LVS,distance -26.53% outside band,2026-09-29,65.62000274658203,2026-01-02,-0.4160317267463052,True,24,True,24,True,168.0,True,111.0
LYB,distance -5.90% outside band,2026-09-29,83.94000244140625,2026-03-31,-0.30688588738381395,True,9,True,8,True,8.0,True,7.0
LYV,distance +4.70% outside band,2026-09-29,189.25,2026-08-14,-0.09595774722382766,True,24,True,21,True,16.0,False,0.0
M,distance +7.72% outside band,2026-09-29,26.59000015258789,2026-08-04,-0.12485895734382302,False,0,False,0,False,0.0,False,0.0
MA,distance +5.85% outside band,2026-09-29,601.22998046875,2026-08-25,-0.06262156679138386,True,17,True,6,False,0.0,False,0.0
MAA,distance -9.80% outside band,2026-09-29,144.41000366210938,2026-07-07,-0.17990445743441452,True,25,True,43,True,25.0,True,25.0
MANH,distance +24.48% outside band,2026-09-29,227.02999877929688,2026-08-27,-0.11857463028537962,True,16,False,0,False,0.0,False,0.0
MAR,distance +3.75% outside band,2026-09-29,410.9800109863281,2026-06-15,-0.12010320343969882,False,0,False,0,True,41.0,False,0.0
MAS,distance -2.43% outside band,2026-09-29,83.63999938964844,2026-07-28,-0.1825681104076654,True,36,True,34,True,21.0,True,5.0
MAT,distance -17.28% outside band,2026-09-29,22.479999542236328,2026-02-10,-0.4119216843314192,True,20,True,16,True,18.0,True,116.0
MCD,distance -19.61% outside band,2026-09-29,341.75,2026-03-02,-0.31534748872702545,True,25,True,25,True,134.0,True,113.0
MCK,distance +2.18% outside band,2026-09-29,999.0,2026-03-03,-0.13431430698276403,True,10,True,4,False,0.0,False,0.0
MCO,distance -3.61% outside band,2026-09-29,546.8800048828125,2026-01-15,-0.16833674066822157,True,17,True,16,True,4.0,True,4.0
MDLZ,stale filing (2026-03-31),2026-09-29,66.6500015258789,2026-07-29,-0.10997751932846678,True,23,True,8,True,8.0,True,1.0
MEDP,distance +18.92% outside band,2026-09-29,677.9000244140625,2026-07-23,-0.08229832874061582,False,0,False,0,False,0.0,False,0.0
MET,distance +13.92% outside band,2026-09-29,100.93000030517578,2026-08-06,-0.056772053300387815,True,2,True,2,False,0.0,False,0.0
META,distance +17.79% outside band,2026-09-29,779.8200073242188,2026-09-24,-0.05261474303238323,False,0,False,0,False,0.0,False,0.0
MGM,distance -20.90% outside band,2026-09-29,51.59000015258789,2026-06-01,-0.38902887450015744,True,63,True,43,True,23.0,True,11.0
MIDD,distance -13.23% outside band,2026-09-29,148.5500030517578,2026-07-07,-0.2893975402894168,True,4,True,36,True,35.0,True,34.0
MKC,distance -13.32% outside band,2026-09-29,72.41000366210938,2026-02-13,-0.3315840480863612,True,20,True,18,True,12.0,True,116.0
MLI,distance -2.41% outside band,2026-09-29,71.12000274658203,2026-08-06,-0.14524748920304476,True,30,True,14,True,29.0,True,14.0
MLM,distance -19.04% outside band,2026-09-29,710.969970703125,2026-02-10,-0.32614594697426247,True,44,True,44,True,60.0,True,66.0
MMM,distance +4.85% outside band,2026-09-29,184.89999389648438,2026-07-28,-0.08875061625208813,False,0,True,20,False,0.0,False,0.0
MMS,distance -22.27% outside band,2026-09-29,100.0,2026-01-23,-0.4693000030517578,True,10,True,11,True,38.0,True,116.0
MNST,growth 2.6% below threshold,2026-09-29,50.16999816894531,2026-07-17,-0.16802863859175088,True,23,True,23,True,19.0,True,2.0
MO,distance +2.20% outside band,2026-09-29,77.05999755859375,2026-07-28,-0.10822731121356677,True,1,True,1,True,11.0,False,0.0
MOG-A,distance +13.84% outside band,2026-09-29,448.8500061035156,2026-08-17,-0.1364821408769168,False,0,True,28,False,0.0,False,0.0
MOH,distance +4.39% outside band,2026-09-29,244.88999938964844,2026-07-14,-0.2266731783461402,True,8,True,11,True,8.0,False,0.0
MORN,growth 0.7% below threshold,2026-09-29,221.22000122070312,2026-01-14,-0.15762586983443228,True,17,True,4,False,0.0,True,1.0
MOS,distance -8.69% outside band,2026-09-29,32.25,2026-03-12,-0.3048061991846839,True,8,True,3,True,2.0,True,5.0
MP,distance -20.11% outside band,2026-09-29,76.80000305175781,2026-05-08,-0.40846356119856986,True,21,True,5,True,22.0,True,22.0
MPC,distance +51.76% outside band,2026-09-29,431.0799865722656,2026-09-21,-0.09058640857692069,True,6,False,0,False,0.0,False,0.0
MPWR,distance +6.19% outside band,2026-09-29,1714.0899658203125,2026-05-26,-0.2089155077776571,False,0,False,0,True,33.0,False,0.0
MRK,distance +22.17% outside band,2026-09-29,156.9199981689453,2026-08-25,-0.048687225839901926,False,0,False,0,False,0.0,False,0.0
MRNA,distance +208.40% outside band,2026-09-29,208.9029998779297,2026-09-29,-0.02605512207695948,False,0,False,0,False,0.0,False,0.0
MRSH,distance -3.92% outside band,2026-09-29,198.49000549316406,2026-07-29,-0.14141773664863677,True,21,True,16,True,9.0,True,10.0
MRVL,distance +60.35% outside band,2026-09-29,329.8800048828125,2026-06-18,-0.20192195611493136,False,0,False,0,False,0.0,False,0.0
MS,growth 0.5% below threshold,2026-09-29,232.25,2026-07-15,-0.17003231643988836,True,14,True,15,True,12.0,True,2.0
MSA,distance +2.44% outside band,2026-09-29,208.9199981689453,2026-02-12,-0.13574574410735896,True,22,True,14,False,0.0,False,0.0
MSCI,distance -5.79% outside band,2026-09-29,644.77001953125,2026-07-17,-0.1628642873965629,True,16,True,50,True,43.0,True,17.0
MSFT,distance +17.73% outside band,2026-09-29,519.4000244140625,2026-09-25,-0.02010017802898989,False,0,False,0,False,0.0,False,0.0
MSI,distance +3.81% outside band,2026-09-29,494.8500061035156,2026-09-01,-0.09847430612365093,True,18,True,4,False,0.0,False,0.0
MSM,distance +18.95% outside band,2026-09-29,130.4600067138672,2026-08-05,-0.04530126749933072,False,0,False,0,False,0.0,False,0.0
MTB,distance -2.78% outside band,2026-09-29,255.9499969482422,2026-08-17,-0.15022464312049777,True,29,True,28,True,10.0,True,5.0
MTD,distance +16.70% outside band,2026-09-29,1552.8199462890625,2026-09-29,-0.009975393651654896,False,0,False,0,False,0.0,False,0.0
MTDR,distance -4.13% outside band,2026-09-29,66.83999633789062,2026-03-30,-0.24162176235827293,True,10,True,7,True,7.0,True,3.0
MTG,expected growth -5.8% below threshold,2026-09-29,31.889999389648438,2026-07-30,-0.11414234742287233,True,16,True,11,True,2.0,False,0.0
MTN,distance +2.56% outside band,2026-09-29,160.49000549316406,2026-07-29,-0.1196336939987771,False,0,True,23,False,0.0,False,0.0
MTSI,distance +4.72% outside band,2026-09-29,418.8999938964844,2026-05-27,-0.3213893694065828,False,0,False,0,True,30.0,False,0.0
MTZ,distance -31.17% outside band,2026-09-29,441.42999267578125,2026-05-06,-0.523752352092787,True,30,True,62,True,54.0,True,30.0
MU,distance +59.18% outside band,2026-09-29,1255.0,2026-06-25,-0.1513307123070219,False,0,False,0,False,0.0,False,0.0
MUR,expected growth -77.7% below threshold,2026-09-29,43.34000015258789,2026-04-07,-0.17051221420466867,True,3,True,3,True,3.0,False,0.0
MUSA,expected growth -24.7% below threshold,2026-09-29,636.0499877929688,2026-06-11,-0.2022324924674046,True,1,True,30,True,25.0,False,0.0
MZTI,distance -24.29% outside band,2026-09-29,176.25999450683594,2026-02-02,-0.43322362056465136,True,21,True,20,True,24.0,True,116.0
NBIX,distance -6.17% outside band,2026-09-29,186.1199951171875,2026-07-30,-0.2566623160697713,True,11,True,42,True,17.0,True,8.0
NCLH,distance -24.23% outside band,2026-09-29,25.1299991607666,2026-01-08,-0.41106244787143154,False,0,True,38,True,31.0,True,38.0
NDAQ,growth -2.3% below threshold,2026-09-29,101.79000091552734,2026-01-16,-0.09765205179293768,True,4,True,4,False,0.0,False,0.0
NDSN,distance +15.32% outside band,2026-09-29,339.1199951171875,2026-08-26,-0.028279064861913228,False,0,False,0,False,0.0,False,0.0
NEE,distance -13.26% outside band,2026-09-29,98.75,2026-05-01,-0.2314936770668513,True,44,True,42,True,93.0,True,42.0
NEM,distance +5.24% outside band,2026-09-29,135.2899932861328,2026-08-25,-0.13452581751371617,True,5,False,0,False,0.0,False,0.0
NEU,distance +21.72% outside band,2026-09-29,981.6599731445312,2026-08-17,-0.07846909354465192,False,0,False,0,False,0.0,False,0.0
NFG,distance -7.71% outside band,2026-09-29,97.05999755859375,2026-03-16,-0.20523386225020135,True,15,True,13,True,7.0,True,15.0
NFLX,distance -16.77% outside band,2026-09-29,108.94999694824219,2026-04-16,-0.3547498391839832,True,11,True,9,True,11.0,True,114.0
NI,distance -12.39% outside band,2026-09-29,49.209999084472656,2026-06-29,-0.20097540283777515,True,12,True,59,True,55.0,True,44.0
NJR,distance -5.57% outside band,2026-09-29,60.86000061035156,2026-07-28,-0.16480444756339507,True,42,True,39,True,39.0,True,14.0
NKE,distance -27.17% outside band,2026-09-29,68.48999786376953,2026-02-20,-0.47671191019927217,True,43,True,51,True,152.0,True,116.0
NLY,distance -9.58% outside band,2026-09-29,24.520000457763672,2026-01-28,-0.1712887717997421,True,24,True,20,True,14.0,True,14.0
NNN,distance -6.47% outside band,2026-09-29,50.0,2026-07-17,-0.17319999694824217,True,43,True,36,True,24.0,True,14.0
NOC,distance -15.85% outside band,2026-09-29,774.0,2026-03-03,-0.348049114532865,True,27,True,21,True,28.0,True,112.0
NOV,expected growth -19.4% below threshold,2026-09-29,21.93000030517578,2026-09-09,-0.134518956766417,True,10,True,8,True,4.0,True,1.0
NOVT,growth -40.6% below threshold,2026-09-29,176.3800048828125,2026-08-06,-0.1993423443063731,True,2,True,29,True,29.0,False,0.0
NOW,distance +11.80% outside band,2026-09-29,153.1999969482422,2026-01-02,-0.15182764340846688,True,4,False,0,False,0.0,False,0.0
NRG,distance -31.51% outside band,2026-09-29,189.9600067138672,2026-02-25,-0.48847128482517654,True,15,True,40,True,107.0,True,107.0
NSC,expected growth 9.6% below threshold,2026-09-29,358.6000061035156,2026-07-23,-0.12716119723197228,True,20,True,20,True,15.0,False,0.0
NTAP,distance +52.41% outside band,2026-09-29,210.0399932861328,2026-09-29,-0.004094461235199187,False,0,False,0,False,0.0,False,0.0
NTNX,distance +39.75% outside band,2026-09-29,74.41999816894531,2026-08-27,-0.05818331009932154,False,0,False,0,False,0.0,False,0.0
NTRS,distance +6.53% outside band,2026-09-29,195.77999877929688,2026-08-13,-0.11666154091480097,True,12,True,12,True,6.0,False,0.0
NUE,distance +10.61% outside band,2026-09-29,280.1099853515625,2026-08-05,-0.15661697958870613,True,8,True,8,True,3.0,False,0.0
NVDA,distance +13.66% outside band,2026-09-29,236.5399932861328,2026-05-14,-0.039443590247250526,False,0,False,0,False,0.0,False,0.0
NVR,distance -7.11% outside band,2026-09-29,8200.0,2026-02-12,-0.2396792825838414,True,1,True,5,True,2.0,True,116.0
NVST,distance -9.02% outside band,2026-09-29,30.420000076293945,2026-02-11,-0.2330703528864574,True,23,True,16,True,14.0,True,11.0
NVT,distance +15.82% outside band,2026-09-29,184.63999938964844,2026-06-22,-0.12435012342810048,False,0,False,0,False,0.0,False,0.0
NWE,growth -60.6% below threshold,2026-09-29,75.18000030517578,2026-04-15,-0.08632612180666255,True,15,True,15,True,15.0,True,5.0
NWS,distance +4.49% outside band,2026-09-29,35.7599983215332,2026-08-27,-0.11912747543301772,True,17,True,8,True,1.0,False,0.0
NWSA,distance +7.54% outside band,2026-09-29,31.65999984741211,2026-08-27,-0.09917875567851908,True,10,True,5,False,0.0,False,0.0
NXPI,distance -3.70% outside band,2026-09-29,339.95001220703125,2026-05-27,-0.3043977269320064,False,0,False,0,True,45.0,True,42.0
NXST,distance -18.15% outside band,2026-09-29,254.3000030517578,2026-02-09,-0.36500199060291416,True,24,True,21,True,24.0,True,104.0
NXT,distance -26.48% outside band,2026-09-29,163.1300048828125,2026-05-29,-0.5138233606039087,True,31,True,69,True,69.0,True,53.0
NYT,distance -15.46% outside band,2026-09-29,87.0999984741211,2026-04-07,-0.2845005650219321,True,6,True,6,True,43.0,True,39.0
O,distance -10.89% outside band,2026-09-29,67.94000244140625,2026-02-27,-0.18840156891070126,True,25,True,32,True,25.0,True,21.0
OC,distance -6.16% outside band,2026-09-29,159.91000366210938,2026-06-30,-0.25983366956549614,True,28,True,23,True,16.0,True,5.0
ODFL,distance -11.06% outside band,2026-09-29,252.02999877929688,2026-06-09,-0.29587744485421663,True,45,True,44,True,36.0,True,20.0
OGE,distance -2.70% outside band,2026-09-29,50.59000015258789,2026-07-28,-0.10298476119309008,True,12,True,44,True,44.0,True,13.0
OGS,distance -11.09% outside band,2026-09-29,90.77999877929688,2026-04-09,-0.2046706552202775,True,15,True,15,True,94.0,True,87.0
OHI,expected growth -59.0% below threshold,2026-09-29,52.38999938964844,2026-07-30,-0.1116625031928703,True,6,True,36,True,35.0,False,0.0
OKE,expected growth 0.7% below threshold,2026-09-29,99.8499984741211,2026-09-01,-0.13009512330775097,True,11,True,7,True,3.0,False,0.0
OKTA,distance +85.72% outside band,2026-09-29,212.5,2026-09-24,-0.035858800551470615,False,0,False,0,False,0.0,False,0.0
OLED,distance -21.08% outside band,2026-09-29,134.60000610351562,2026-02-12,-0.43417533277422227,True,24,True,12,True,24.0,True,116.0
OLLI,distance -3.36% outside band,2026-09-29,121.0,2026-01-12,-0.2828099274438275,False,0,False,0,False,0.0,True,116.0
OLN,distance -32.94% outside band,2026-09-29,30.459999084472656,2026-03-31,-0.4934339865741688,True,42,True,47,True,82.0,True,48.0
OMC,distance -5.43% outside band,2026-09-29,89.56999969482422,2026-08-24,-0.17226750427316795,True,20,True,17,True,9.0,True,8.0
ON,distance -5.15% outside band,2026-09-29,134.9199981689453,2026-06-03,-0.4370738365031813,False,0,True,66,True,48.0,True,29.0
ONB,growth 8.6% below threshold,2026-09-29,27.360000610351562,2026-08-04,-0.09210527783432276,True,2,True,29,True,2.0,False,0.0
ONTO,distance +21.28% outside band,2026-09-29,386.4599914550781,2026-06-30,-0.21158720390640173,False,0,False,0,False,0.0,False,0.0
OPCH,distance -14.44% outside band,2026-09-29,36.79999923706055,2026-01-23,-0.38016304514020516,True,6,True,5,False,0.0,True,116.0
ORA,distance -20.12% outside band,2026-09-29,146.38999938964844,2026-06-03,-0.37652847172892123,True,26,True,15,True,67.0,True,65.0
ORCL,distance -15.81% outside band,2026-09-29,250.25,2026-06-01,-0.44939063621924946,True,8,True,4,True,69.0,True,78.0
ORI,distance -7.51% outside band,2026-09-29,44.650001525878906,2026-07-29,-0.14781639559391802,True,17,True,17,True,9.0,True,17.0
ORLY,distance -5.51% outside band,2026-09-29,102.11000061035156,2026-01-26,-0.15708550406081634,False,0,True,23,True,25.0,True,36.0
OSK,distance -10.36% outside band,2026-09-29,180.49000549316406,2026-02-11,-0.27043055754813783,True,16,True,14,True,7.0,True,13.0
OTIS,distance -16.32% outside band,2026-09-29,94.56500244140625,2026-02-20,-0.30598006070921213,True,32,True,31,True,143.0,True,116.0
OVV,distance +8.09% outside band,2026-09-29,67.51000213623047,2026-09-02,-0.12857354511202868,True,10,True,8,True,2.0,False,0.0
OXY,distance +2.16% outside band,2026-09-29,67.44999694824219,2026-03-31,-0.18547070255811515,True,10,True,7,True,2.0,False,0.0
OZK,distance -4.81% outside band,2026-09-29,53.38999938964844,2026-07-01,-0.13466938956554897,True,16,True,30,True,16.0,True,10.0
P,distance +67.44% outside band,2026-09-29,132.43499755859375,2026-09-29,-0.018008793376393828,False,0,False,0,False,0.0,False,0.0
PAG,distance +13.32% outside band,2026-09-29,227.0,2026-07-29,-0.11110132696344988,True,14,True,8,False,0.0,False,0.0
PANW,distance +57.13% outside band,2026-09-29,398.8800048828125,2026-08-13,-0.02624849852721778,False,0,False,0,False,0.0,False,0.0
PATH,distance -3.30% outside band,2026-09-29,18.829999923706055,2026-09-03,-0.34572492061914784,True,17,True,11,True,4.0,True,4.0
PAYX,distance -4.55% outside band,2026-09-29,127.9800033569336,2026-09-01,-0.22401941745836484,True,17,True,10,True,5.0,True,4.0
PB,distance -5.34% outside band,2026-09-29,77.19999694824219,2026-02-12,-0.13329007374225177,True,29,True,29,True,11.0,True,10.0
PBF,distance +58.36% outside band,2026-09-29,82.61000061035156,2026-09-11,-0.0893353976382032,False,0,False,0,False,0.0,False,0.0
PCAR,distance -7.44% outside band,2026-09-29,139.24000549316406,2026-07-28,-0.19706981728576134,True,34,True,23,True,10.0,True,10.0
PCG,distance -26.50% outside band,2026-09-29,19.15999984741211,2026-03-02,-0.3643006053144149,True,22,True,22,True,22.0,True,22.0
PCTY,distance +13.62% outside band,2026-09-29,161.92999267578125,2026-09-01,-0.12190447185345532,True,16,True,5,False,0.0,False,0.0
PEG,distance -14.38% outside band,2026-09-29,87.62999725341797,2026-02-26,-0.22766173198144257,True,58,True,46,True,58.0,True,58.0
PEGA,distance -17.41% outside band,2026-09-29,62.150001525878906,2026-01-07,-0.46950924519326676,True,8,True,2,True,1.0,True,116.0
PEN,distance -2.41% outside band,2026-09-29,362.4100036621094,2026-01-21,-0.12016781510024332,True,26,True,16,True,18.0,True,23.0
PEP,distance -12.82% outside band,2026-09-29,171.47999572753906,2026-02-12,-0.24953344035604552,True,21,True,17,True,99.0,True,96.0
PFE,distance +8.92% outside band,2026-09-29,29.209999084472656,2026-09-03,-0.016775069718459434,False,0,False,0,False,0.0,False,0.0
PFG,distance +12.52% outside band,2026-09-29,121.18000030517578,2026-09-03,-0.059498259335824644,True,6,False,0,False,0.0,False,0.0
PFGC,distance -5.06% outside band,2026-09-29,117.4749984741211,2026-07-29,-0.21693978243349987,True,34,True,34,True,22.0,True,16.0
PG,growth -23.1% below threshold,2026-09-29,167.25,2026-02-27,-0.11318381271020184,False,0,False,0,False,0.0,False,0.0
PGR,expected growth -25.8% below threshold,2026-09-29,239.3800048828125,2026-07-07,-0.12056145050410483,True,10,True,8,True,6.0,False,0.0
PH,distance +2.82% outside band,2026-09-29,1099.93994140625,2026-08-06,-0.11779729184432564,False,0,True,21,False,0.0,False,0.0
PHM,distance -5.08% outside band,2026-09-29,144.5,2026-02-17,-0.17993079584775085,True,5,True,23,True,20.0,True,20.0
PII,distance -18.16% outside band,2026-09-29,77.9800033569336,2026-07-28,-0.32623751405807355,True,36,True,34,True,28.0,True,28.0
PINS,distance -13.08% outside band,2026-09-29,27.735000610351562,2026-01-13,-0.3315305387587538,True,31,True,21,True,20.0,True,21.0
PK,distance +23.05% outside band,2026-09-29,16.200000762939453,2026-08-26,-0.0388889529904517,False,0,False,0,False,0.0,False,0.0
PKG,distance +3.17% outside band,2026-09-29,259.9800109863281,2026-08-13,-0.1027002503220732,True,1,True,22,True,1.0,False,0.0
PLD,distance -3.87% outside band,2026-09-29,153.35000610351562,2026-07-17,-0.13524619933281234,True,22,True,23,True,23.0,True,15.0
PLNT,distance -40.79% outside band,2026-09-29,110.52999877929688,2026-01-02,-0.6314122670007871,True,17,True,21,True,180.0,True,116.0
PLTR,distance +22.97% outside band,2026-09-29,194.67999267578125,2026-09-24,-0.039603409416181234,False,0,False,0,False,0.0,False,0.0
PM,distance +9.31% outside band,2026-09-29,207.75999450683594,2026-07-28,-0.0667115949981194,False,0,False,0,False,0.0,False,0.0
PNC,distance -2.76% outside band,2026-09-29,258.9599914550781,2026-08-17,-0.14407630054724463,True,29,True,29,True,10.0,True,5.0
PNFP,distance -3.52% outside band,2026-09-29,110.33000183105469,2026-08-04,-0.15236114301646597,True,30,True,26,True,11.0,True,10.0
PNR,distance -34.65% outside band,2026-09-29,109.08999633789062,2026-01-22,-0.5098542211415292,True,31,True,54,True,169.0,True,116.0
PNW,distance -5.61% outside band,2026-09-29,111.16000366210938,2026-07-17,-0.1597697152855011,True,51,True,44,True,44.0,True,23.0
PODD,distance -32.16% outside band,2026-09-29,299.79998779296875,2026-01-07,-0.5569045972422613,True,16,True,39,True,208.0,True,116.0
POR,distance -11.82% outside band,2026-09-29,54.619998931884766,2026-04-09,-0.18546315363445598,True,22,True,44,True,46.0,True,29.0
POST,distance -22.38% outside band,2026-09-29,117.27999877929688,2026-02-06,-0.3738915324908907,True,15,True,37,True,43.0,True,95.0
PPC,distance -19.25% outside band,2026-09-29,44.84000015258789,2026-02-04,-0.39183763682057404,True,16,True,6,True,6.0,True,116.0
PPG,distance -5.30% outside band,2026-09-29,133.42999267578125,2026-02-12,-0.20542604764520833,True,34,True,36,True,21.0,True,16.0
PPL,distance -9.81% outside band,2026-09-29,40.11000061035156,2026-04-13,-0.18773369894573222,True,15,True,30,True,101.0,True,61.0
PR,distance +10.01% outside band,2026-09-29,24.645000457763672,2026-09-15,-0.13978493125728364,True,10,True,6,False,0.0,False,0.0
PRI,growth 6.4% below threshold,2026-09-29,327.2799987792969,2026-08-06,-0.15705204744621826,True,36,True,29,True,9.0,True,6.0
PRU,distance +5.78% outside band,2026-09-29,127.72000122070312,2026-08-05,-0.09912310946687664,True,2,True,15,False,0.0,False,0.0
PSA,distance -4.65% outside band,2026-09-29,335.54998779296875,2026-07-29,-0.14891969315622255,True,28,True,24,True,23.0,True,8.0
PSKY,distance -5.95% outside band,2026-09-29,14.100000381469727,2026-03-02,-0.2914893971033462,True,9,False,0,False,0.0,True,9.0
PSN,distance -26.01% outside band,2026-09-29,74.62999725341797,2026-01-23,-0.44325337309110513,True,16,True,44,True,44.0,True,116.0
PSX,distance +38.43% outside band,2026-09-29,277.1199951171875,2026-09-18,-0.08974449897298309,True,5,False,0,False,0.0,False,0.0
PTC,distance -5.52% outside band,2026-09-29,176.1999969482422,2026-01-06,-0.21929625459073498,True,1,True,4,False,0.0,True,17.0
PVH,non-positive profit,2026-09-29,100.75,2026-06-03,-0.24823823460278382,False,0,True,31,True,34.0,True,23.0
PWR,distance +8.19% outside band,2026-09-29,788.75,2026-05-06,-0.17364186620938982,False,0,False,0,True,28.0,False,0.0
PYPL,distance +6.96% outside band,2026-09-29,62.72999954223633,2026-08-20,-0.14092141267490188,False,0,True,17,False,0.0,False,0.0
Q,growth -17.9% below threshold,2026-09-29,177.27999877929688,2026-06-22,-0.2914598292234388,False,0,True,62,True,32.0,False,0.0
QCOM,distance +8.81% outside band,2026-09-29,259.9200134277344,2026-05-29,-0.2917051531520446,False,0,False,0,True,2.0,False,0.0
QLYS,distance +40.26% outside band,2026-09-29,201.5399932861328,2026-08-05,-0.11506394738087355,False,0,False,0,False,0.0,False,0.0
RBA,distance -20.42% outside band,2026-09-29,119.33000183105469,2026-02-11,-0.3179418575315287,True,10,True,39,True,39.0,True,39.0
RBC,distance -8.48% outside band,2026-09-29,667.6900024414062,2026-06-25,-0.2482439446358874,False,0,True,60,True,46.0,True,29.0
RCL,distance -9.20% outside band,2026-09-29,356.3900146484375,2026-02-10,-0.2685821636027781,False,0,True,31,True,23.0,True,23.0
RDDT,distance -14.36% outside band,2026-09-29,263.5,2026-01-09,-0.44834914379373225,True,5,True,31,True,30.0,True,31.0
REG,distance -4.72% outside band,2026-09-29,83.66000366210938,2026-07-17,-0.13148457468908803,True,43,True,40,True,38.0,True,17.0
REXR,non-positive profit,2026-09-29,41.599998474121094,2026-02-04,-0.10096146880522028,True,3,True,2,False,0.0,False,0.0
RF,distance -6.33% outside band,2026-09-29,32.470001220703125,2026-07-16,-0.17185098926010622,True,29,True,28,True,10.0,True,10.0
RGA,distance +15.89% outside band,2026-09-29,257.80999755859375,2026-09-03,-0.018889861383597717,False,0,False,0,False,0.0,False,0.0
RGEN,distance +35.92% outside band,2026-09-29,198.8699951171875,2026-09-28,-0.02162210438248824,False,0,False,0,False,0.0,False,0.0
RGLD,growth -15.9% below threshold,2026-09-29,306.25,2026-01-29,-0.21982043207908164,True,5,False,0,False,0.0,True,2.0
RH,distance -23.87% outside band,2026-09-29,239.39999389648438,2026-01-22,-0.48951544611435627,True,31,True,28,True,26.0,True,28.0
RJF,growth 9.8% below threshold,2026-09-29,182.72999572753906,2026-08-06,-0.1252120076560327,True,16,True,14,True,6.0,True,1.0
RL,distance -2.59% outside band,2026-09-29,421.6000061035156,2026-06-15,-0.15578745665305993,False,0,True,33,True,28.0,True,25.0
RLI,distance -4.21% outside band,2026-09-29,67.0,2026-08-24,-0.15701493220542795,True,21,True,17,True,5.0,True,7.0
RMBS,distance -4.28% outside band,2026-09-29,174.10000610351562,2026-06-03,-0.4076967310083298,False,0,False,0,True,62.0,True,56.0
RMD,growth -3.8% below threshold,2026-09-29,277.6700134277344,2026-02-10,-0.1975006624579294,True,10,False,0,False,0.0,True,8.0
RNR,distance +7.05% outside band,2026-09-29,340.239990234375,2026-09-03,-0.046173265653623674,True,3,True,2,False,0.0,False,0.0
ROIV,distance +21.80% outside band,2026-09-29,42.5,2026-09-08,-0.14117647058823535,True,5,True,1,False,0.0,False,0.0
ROK,expected growth 1.0% below threshold,2026-09-29,497.3599853515625,2026-06-30,-0.13235883165336115,False,0,True,40,True,30.0,False,0.0
ROKU,distance +24.11% outside band,2026-09-29,159.88999938964844,2026-08-25,-0.048470823876316516,True,11,True,1,False,0.0,False,0.0
ROL,distance -39.10% outside band,2026-09-29,66.13999938964844,2026-02-11,-0.5388569658079926,True,25,True,92,True,145.0,True,116.0
ROP,distance -5.68% outside band,2026-09-29,445.0,2026-01-02,-0.21471907369206455,True,17,True,11,True,4.0,True,8.0
ROST,distance +7.95% outside band,2026-09-29,257.0,2026-08-03,-0.08793776693974953,False,0,True,23,False,0.0,False,0.0
RPM,distance -5.85% outside band,2026-09-29,121.77999877929688,2026-02-12,-0.1790934289473941,True,30,True,27,True,21.0,True,21.0
RRC,distance -6.25% outside band,2026-09-29,48.310001373291016,2026-03-27,-0.23659697744275054,True,10,True,10,True,10.0,True,10.0
RRX,distance -17.32% outside band,2026-09-29,247.8000030517578,2026-07-01,-0.3709039650129149,False,0,True,39,True,39.0,True,39.0
RS,distance +8.87% outside band,2026-09-29,433.0199890136719,2026-08-11,-0.10583803920150814,True,8,True,8,True,8.0,False,0.0
RSG,growth 7.8% below threshold,2026-09-29,233.4199981689453,2026-03-03,-0.09210864608283764,True,10,True,8,True,5.0,True,7.0
RTX,distance -4.05% outside band,2026-09-29,226.8800048828125,2026-08-10,-0.17604020443333457,True,28,True,20,True,9.0,True,6.0
RVTY,distance +44.80% outside band,2026-09-29,153.05999755859375,2026-09-29,-0.001894637990058734,False,0,False,0,False,0.0,False,0.0
RYAN,distance -6.15% outside band,2026-09-29,53.49300003051758,2026-01-06,-0.29243081426489825,True,21,True,17,True,5.0,True,16.0
RYN,distance -12.97% outside band,2026-09-29,24.81999969482422,2026-01-22,-0.2514101469718958,True,32,True,31,True,24.0,True,32.0
SAIA,distance -13.48% outside band,2026-09-29,494.7099914550781,2026-06-09,-0.32016734423533855,True,5,True,72,True,45.0,True,30.0
SAIC,distance +19.58% outside band,2026-09-29,142.66000366210938,2026-08-31,-0.10128975590430411,True,1,False,0,False,0.0,False,0.0
SANM,distance +18.71% outside band,2026-09-29,288.67999267578125,2026-06-03,-0.22845364632633602,False,0,False,0,False,0.0,False,0.0
SARO,distance -21.06% outside band,2026-09-29,34.47999954223633,2026-01-20,-0.3691995275882384,True,36,True,34,True,30.0,True,34.0
SBAC,distance -15.10% outside band,2026-09-29,224.4600067138672,2026-04-20,-0.27465921460949816,True,14,True,12,True,74.0,True,74.0
SBRA,non-positive profit,2026-09-29,22.770000457763672,2026-07-28,-0.13131311862133455,True,13,True,13,True,10.0,True,8.0
SBUX,distance -3.23% outside band,2026-09-29,110.51000213623047,2026-08-13,-0.13645825300469105,True,18,True,17,True,16.0,True,11.0
SCHW,expected growth 8.4% below threshold,2026-09-29,114.52999877929688,2026-08-24,-0.1347245304255168,True,17,True,6,True,3.0,False,0.0
SCI,distance -3.86% outside band,2026-09-29,90.98999786376953,2026-07-30,-0.15562145692008067,True,23,True,12,True,9.0,True,9.0
SEIC,distance +13.97% outside band,2026-09-29,112.1500015258789,2026-08-28,-0.07846636586738864,True,16,True,2,False,0.0,False,0.0
SF,distance -10.86% outside band,2026-09-29,89.82666778564453,2026-01-05,-0.224061198456466,True,17,True,14,True,11.0,True,12.0
SFM,distance -17.23% outside band,2026-09-29,94.88999938964844,2026-05-19,-0.3186847724552564,True,23,True,20,True,20.0,True,16.0
SGI,distance -19.04% outside band,2026-09-29,98.55999755859375,2026-02-12,-0.36830357281086845,True,11,True,15,True,52.0,True,112.0
SHC,distance +9.63% outside band,2026-09-29,19.850000381469727,2026-01-09,-0.06297229098125834,True,9,False,0,False,0.0,False,0.0
SHW,expected growth 7.6% below threshold,2026-09-29,377.7699890136719,2026-02-13,-0.12528784167276108,False,0,True,21,False,0.0,True,20.0
SIGI,distance -2.63% outside band,2026-09-29,100.4000015258789,2026-07-06,-0.15707175331462608,True,17,True,35,True,16.0,True,5.0
SIRI,growth -2.4% below threshold,2026-09-29,32.65999984741211,2026-07-29,-0.21126759494081904,True,10,True,17,True,10.0,False,0.0
SITM,distance +24.27% outside band,2026-09-29,901.8099975585938,2026-05-11,-0.27764163799541874,False,0,False,0,False,0.0,False,0.0
SJM,distance +11.36% outside band,2026-09-29,135.88999938964844,2026-08-27,-0.11178160651727376,True,16,True,4,False,0.0,False,0.0
SLAB,distance +9.85% outside band,2026-09-29,222.49000549316406,2026-09-04,-0.005932883687484569,False,0,False,0,False,0.0,False,0.0
SLB,growth 4.5% below threshold,2026-09-29,60.459999084472656,2026-08-31,-0.17515713385625264,True,12,True,9,True,10.0,True,1.0
SLGN,distance -16.06% outside band,2026-09-29,49.54999923706055,2026-02-06,-0.29182642395799285,True,21,True,38,True,17.0,True,21.0
SLM,distance -5.48% outside band,2026-09-29,29.329999923706055,2026-01-23,-0.21957042450765463,True,16,True,10,True,6.0,True,6.0
SMCI,distance +28.76% outside band,2026-09-29,51.400001525878906,2026-06-02,-0.20194554007725285,False,0,False,0,False,0.0,False,0.0
SMG,distance -20.76% outside band,2026-09-29,75.33999633789062,2026-07-17,-0.3429784655417478,True,40,True,38,True,38.0,True,24.0
SMTC,distance +56.31% outside band,2026-09-29,190.63999938964844,2026-09-21,-0.05528741775009216,False,0,False,0,False,0.0,False,0.0
SN,distance +36.22% outside band,2026-09-29,194.5399932861328,2026-08-28,-0.062197960636966254,False,0,False,0,False,0.0,False,0.0
SNA,distance -3.18% outside band,2026-09-29,423.0199890136719,2026-08-06,-0.13223961962610298,True,34,True,31,True,21.0,True,11.0
SNDK,distance +54.05% outside band,2026-09-29,2354.389892578125,2026-06-22,-0.2653043511533735,False,0,False,0,False,0.0,False,0.0
SNPS,distance -6.67% outside band,2026-09-29,539.47998046875,2026-05-26,-0.2305738648962986,False,0,False,0,True,22.0,True,22.0
SNX,distance +20.74% outside band,2026-09-29,298.7699890136719,2026-09-23,-0.13582350324486125,True,4,False,0,False,0.0,False,0.0
SO,distance -9.48% outside band,2026-09-29,99.58000183105469,2026-03-17,-0.16198036338840727,True,43,True,41,True,43.0,True,31.0
SOLS,distance -18.87% outside band,2026-09-29,90.80000305175781,2026-05-13,-0.3831498189531295,True,12,True,12,True,61.0,True,38.0
SOLV,distance +14.71% outside band,2026-09-29,94.16000366210938,2026-09-01,-0.051401909293179116,True,14,False,0,False,0.0,False,0.0
SON,distance -4.36% outside band,2026-09-29,60.66999816894531,2026-07-28,-0.18229764121296688,True,24,True,21,True,18.0,True,16.0
SPG,growth 0.7% below threshold,2026-09-29,238.5,2026-07-29,-0.14348008897569442,True,40,True,28,True,21.0,False,0.0
SPGI,distance -7.74% outside band,2026-09-29,522.46923828125,2026-01-15,-0.24885527519656225,True,16,True,15,True,11.0,True,16.0
SPXC,distance -19.59% outside band,2026-09-29,251.0800018310547,2026-06-25,-0.320415789236671,True,30,True,60,True,30.0,True,30.0
SR,distance -9.44% outside band,2026-09-29,95.30999755859375,2026-04-09,-0.1945231496216281,True,15,True,14,True,15.0,True,86.0
SRE,distance -13.33% outside band,2026-09-29,101.04000091552734,2026-04-09,-0.22624703486951914,True,14,True,46,True,47.0,True,46.0
SSB,growth 1.9% below threshold,2026-09-29,112.19999694824219,2026-08-17,-0.107932272190149,True,16,True,10,True,1.0,False,0.0
SSD,distance -5.71% outside band,2026-09-29,213.49000549316406,2026-06-25,-0.18502037090099188,True,2,True,30,True,28.0,True,23.0
ST,distance +2.08% outside band,2026-09-29,53.88999938964844,2026-06-03,-0.2223046887719492,True,2,True,39,True,30.0,False,0.0
STAG,distance -2.99% outside band,2026-09-29,42.61000061035156,2026-07-17,-0.13424081527268328,True,5,True,43,True,40.0,True,40.0
STE,distance -7.94% outside band,2026-09-29,269.44000244140625,2026-01-16,-0.2181933195228004,True,23,True,17,True,16.0,True,21.0
STLD,distance +2.71% outside band,2026-09-29,288.739990234375,2026-06-15,-0.23148853154575333,True,8,True,8,True,8.0,False,0.0
STRL,distance -5.86% outside band,2026-09-29,1005.6799926757812,2026-06-04,-0.4979118545473613,False,0,True,62,True,46.0,True,27.0
STT,distance +15.27% outside band,2026-09-29,195.92999267578125,2026-08-27,-0.09263509710082218,True,12,True,11,False,0.0,False,0.0
STWD,distance -16.54% outside band,2026-09-29,18.59000015258789,2026-01-09,-0.2275417138886786,True,26,True,34,True,99.0,True,116.0
STX,distance +42.39% outside band,2026-09-29,1145.0,2026-06-18,-0.20222706357464515,False,0,False,0,False,0.0,False,0.0
STZ,distance -21.55% outside band,2026-09-29,168.60000610351562,2026-04-13,-0.33113883415977563,True,23,True,25,True,104.0,True,65.0
SUI,distance -10.15% outside band,2026-09-29,137.85000610351562,2026-03-02,-0.18832067874101543,True,21,True,19,True,23.0,True,24.0
SW,distance +2.78% outside band,2026-09-29,52.650001525878906,2026-02-12,-0.1570750278838784,True,1,True,20,True,1.0,False,0.0
SWK,distance +6.21% outside band,2026-09-29,104.68000030517578,2026-08-11,-0.1517959432873901,True,26,True,16,True,2.0,False,0.0
SWKS,distance +34.36% outside band,2026-09-29,92.80000305175781,2026-09-23,-0.05129312478120984,False,0,False,0,False,0.0,False,0.0
SWX,distance -6.08% outside band,2026-09-29,94.47000122070312,2026-07-17,-0.12945912140258753,True,28,True,27,True,23.0,True,14.0
SYF,distance -4.19% outside band,2026-09-29,88.7699966430664,2026-01-09,-0.19206934850881296,True,16,True,14,True,10.0,True,10.0
SYK,distance -15.88% outside band,2026-09-29,389.3299865722656,2026-03-02,-0.28397503755614806,True,28,True,21,True,20.0,True,33.0
SYNA,distance +2.50% outside band,2026-09-29,149.11000061035156,2026-05-27,-0.32405606261844344,False,0,True,2,True,42.0,False,0.0
SYY,expected growth 3.7% below threshold,2026-09-29,91.8499984741211,2026-02-17,-0.14545455451603262,True,11,True,11,True,11.0,True,10.0
T,distance -2.67% outside band,2026-09-29,29.440000534057617,2026-03-24,-0.1684782915028592,True,9,True,1,False,0.0,True,2.0
TCBI,distance -5.47% outside band,2026-09-29,108.91999816894531,2026-02-04,-0.1433162033857085,True,11,True,39,True,30.0,True,12.0
TDG,distance -12.06% outside band,2026-09-29,1463.030029296875,2026-01-16,-0.24827924441779659,True,31,True,39,True,30.0,True,40.0
TDY,distance -2.65% outside band,2026-09-29,697.6699829101562,2026-08-10,-0.13198210946470557,True,1,True,28,True,28.0,True,4.0
TECH,distance +17.04% outside band,2026-09-29,72.69000244140625,2026-09-22,-0.004264756879574616,False,0,False,0,False,0.0,False,0.0
TEL,growth -12.5% below threshold,2026-09-29,252.55999755859375,2026-04-21,-0.158259429866482,False,0,False,0,False,0.0,True,2.0
TER,distance +21.50% outside band,2026-09-29,487.9100036621094,2026-06-30,-0.17398703451718134,False,0,False,0,False,0.0,False,0.0
TEX,distance -14.11% outside band,2026-09-29,74.69000244140625,2026-06-25,-0.2854465499080264,True,25,True,30,True,22.0,True,14.0
TFC,distance -6.84% outside band,2026-09-29,56.20000076293945,2026-02-06,-0.1736655160806796,True,16,True,16,True,10.0,True,10.0
TGT,distance +22.29% outside band,2026-09-29,170.75,2026-08-24,-0.08386534304081261,True,15,False,0,False,0.0,False,0.0
THC,distance +21.16% outside band,2026-09-29,283.04998779296875,2026-08-24,-0.08991338204214305,True,14,True,1,False,0.0,False,0.0
THG,distance +11.88% outside band,2026-09-29,236.07000732421875,2026-08-03,-0.07671453403006534,True,8,True,7,False,0.0,False,0.0
THO,distance -18.46% outside band,2026-09-29,122.83000183105469,2026-02-12,-0.42880401680193525,True,5,True,16,True,16.0,True,116.0
TJX,distance -12.50% outside band,2026-09-29,170.0,2026-06-11,-0.2129411585190717,False,0,True,35,True,35.0,True,34.0
TKO,distance -9.88% outside band,2026-09-29,226.94000244140625,2026-02-26,-0.21750242389768126,True,4,True,4,True,9.0,True,28.0
TKR,distance +2.73% outside band,2026-09-29,146.3699951171875,2026-06-30,-0.1988795105011163,True,40,True,40,True,28.0,False,0.0
TLN,distance -10.68% outside band,2026-09-29,449.84100341796875,2026-06-18,-0.3001082739330506,False,0,True,47,True,31.0,True,33.0
TMO,distance +25.54% outside band,2026-09-29,682.97998046875,2026-09-24,-0.004934251681688484,False,0,False,0,False,0.0,False,0.0
TMUS,distance -15.00% outside band,2026-09-29,224.75,2026-02-24,-0.2748387286872567,True,11,True,11,True,17.0,True,116.0
TNL,distance -10.22% outside band,2026-09-29,81.0,2026-02-18,-0.2101234624415268,True,36,True,31,True,23.0,True,22.0
TOL,distance -5.92% outside band,2026-09-29,168.36000061035156,2026-02-13,-0.192919907399561,True,2,True,34,True,21.0,True,21.0
TPL,distance -17.05% outside band,2026-09-29,547.2000122070312,2026-02-23,-0.39930554664777906,True,6,True,40,True,48.0,True,39.0
TPR,distance -17.73% outside band,2026-09-29,164.8000030517578,2026-08-10,-0.3075242680017366,True,33,True,33,True,33.0,True,33.0
TREX,distance +4.99% outside band,2026-09-29,50.959999084472656,2026-08-13,-0.13540027149027256,False,0,True,24,True,2.0,False,0.0
TRGP,distance +10.81% outside band,2026-09-29,307.94000244140625,2026-08-21,-0.11187248143763417,True,7,True,3,True,1.0,False,0.0
TRMB,distance -9.03% outside band,2026-09-29,81.94999694824219,2026-01-07,-0.3003050361453635,True,4,True,2,False,0.0,True,116.0
TROW,expected growth -7.3% below threshold,2026-09-29,122.0,2026-07-28,-0.14336063822761913,True,42,True,34,True,15.0,False,0.0
TRU,distance -15.15% outside band,2026-09-29,89.12000274658203,2026-01-09,-0.2786131178839868,True,17,True,16,True,10.0,True,10.0
TRV,distance +13.85% outside band,2026-09-29,398.70001220703125,2026-07-28,-0.08901434578718892,True,7,True,6,False,0.0,False,0.0
TSCO,distance -21.66% outside band,2026-09-29,56.279998779296875,2026-01-26,-0.44012080823866173,True,15,True,11,True,1.0,True,116.0
TSLA,distance -10.60% outside band,2026-09-29,458.3399963378906,2026-01-02,-0.23017847197045582,True,2,False,0,True,4.0,True,60.0
TSN,distance -15.23% outside band,2026-09-29,69.4800033569336,2026-05-05,-0.26626371503839463,True,28,True,26,True,86.0,True,42.0
TTC,distance +4.61% outside band,2026-09-29,105.19000244140625,2026-03-05,-0.07386637600649404,False,0,False,0,False,0.0,False,0.0
TTWO,distance -9.93% outside band,2026-09-29,265.94000244140625,2026-07-07,-0.23749719140513748,True,29,True,27,True,21.0,True,21.0
TWLO,distance +67.43% outside band,2026-09-29,304.75,2026-09-24,-0.04584085716391506,False,0,False,0,False,0.0,False,0.0
TXN,distance +13.94% outside band,2026-09-29,334.0299987792969,2026-06-22,-0.1566925022577782,False,0,False,0,True,30.0,False,0.0
TXNM,only 2 analysts,2026-09-29,59.529998779296875,2026-05-27,-0.017302180420253666,False,0,False,0,False,0.0,False,0.0
TXRH,distance -12.55% outside band,2026-09-29,216.3000030517578,2026-08-13,-0.2731853698760751,True,31,True,21,True,16.0,True,11.0
TXT,distance -13.52% outside band,2026-09-29,101.56999969482422,2026-02-18,-0.23569954231895285,True,45,True,45,True,45.0,True,44.0
TYL,distance -8.96% outside band,2026-09-29,460.67999267578125,2026-01-08,-0.3134930650478598,True,11,True,7,True,1.0,True,11.0
UAL,distance +3.29% outside band,2026-09-29,138.77000427246094,2026-06-30,-0.18822513470056568,False,0,True,31,True,5.0,False,0.0
UBER,distance -7.49% outside band,2026-09-29,88.23999786376953,2026-01-08,-0.21396189608442762,True,21,True,16,True,16.0,True,21.0
UBSI,distance +4.98% outside band,2026-09-29,49.619998931884766,2026-08-04,-0.06993142847038858,True,10,True,10,True,1.0,False,0.0
UDR,distance -8.31% outside band,2026-09-29,42.0,2026-07-07,-0.19166664850144155,True,24,True,43,True,23.0,True,21.0
UFPI,distance -13.77% outside band,2026-09-29,118.0,2026-02-12,-0.33245765556723383,True,5,True,24,True,24.0,True,34.0
UGI,non-positive profit,2026-09-29,41.34000015258789,2026-01-29,-0.12554423337088672,True,8,True,6,False,0.0,True,5.0
UHS,distance -3.20% outside band,2026-09-29,243.86000061035156,2026-02-12,-0.27938163172431507,False,0,False,0,False,0.0,True,116.0
ULS,distance -22.35% outside band,2026-09-29,107.54000091552734,2026-05-06,-0.39631767141289165,True,40,True,61,True,42.0,True,40.0
ULTA,growth -17.2% below threshold,2026-09-29,714.969970703125,2026-02-18,-0.23368807488568444,False,0,False,0,False,0.0,True,6.0
UMBF,growth 6.3% below threshold,2026-09-29,153.32000732421875,2026-08-17,-0.14009920401911624,True,29,True,22,True,11.0,False,0.0
UNH,distance +5.34% outside band,2026-09-29,461.6199951171875,2026-07-16,-0.18777347946935563,True,15,True,38,True,15.0,False,0.0
UNM,distance +6.94% outside band,2026-09-29,96.7699966430664,2026-09-04,-0.08814714348662789,True,4,True,2,True,1.0,False,0.0
UNP,distance +3.75% outside band,2026-09-29,315.989990234375,2026-07-23,-0.1324092459601559,True,20,True,20,True,8.0,False,0.0
UPS,distance -10.63% outside band,2026-09-29,122.41000366210938,2026-02-12,-0.23266075079572324,True,21,True,39,True,32.0,True,21.0
URI,distance +7.41% outside band,2026-09-29,1179.1800537109375,2026-08-07,-0.13962250732232395,False,0,True,26,True,20.0,False,0.0
USB,expected growth -3.3% below threshold,2026-09-29,66.08000183105469,2026-08-17,-0.12015741860459206,True,12,True,16,True,6.0,False,0.0
USFD,expected growth 1.1% below threshold,2026-09-29,111.41999816894531,2026-08-12,-0.15903788827777954,True,22,True,16,True,13.0,False,0.0
UTHR,distance -8.20% outside band,2026-09-29,609.3499755859375,2026-05-06,-0.20986293507646048,True,22,True,59,True,57.0,True,22.0
V,distance +8.48% outside band,2026-09-29,385.57000732421875,2026-08-26,-0.05106725644468835,True,10,True,3,False,0.0,False,0.0
VAL,distance -4.19% outside band,2026-09-29,114.12000274658203,2026-05-18,-0.31256576358090027,True,10,True,5,True,10.0,True,3.0
VC,distance -14.47% outside band,2026-09-29,126.94999694824219,2026-06-22,-0.31421819888591007,True,26,True,31,True,30.0,True,16.0
VEEV,distance +39.02% outside band,2026-09-29,296.239990234375,2026-08-27,-0.05964752731788969,False,0,False,0,False,0.0,False,0.0
VFC,distance -16.04% outside band,2026-09-29,22.270000457763672,2026-04-21,-0.348899878673102,False,0,False,0,True,44.0,True,44.0
VIAV,distance +14.91% outside band,2026-09-29,60.43000030517578,2026-04-30,-0.3079596312488787,False,0,False,0,True,30.0,False,0.0
VICI,distance -15.68% outside band,2026-09-29,30.485000610351562,2026-02-27,-0.23896997544879162,True,25,True,25,True,74.0,True,116.0
VICR,distance +36.23% outside band,2026-09-29,382.6499938964844,2026-06-30,-0.24035019649205358,False,0,False,0,False,0.0,False,0.0
VLO,distance +50.97% outside band,2026-09-29,419.0400085449219,2026-09-21,-0.07474228399568483,False,0,False,0,False,0.0,False,0.0
VLTO,distance +3.86% outside band,2026-09-29,103.41500091552734,2026-01-16,-0.06541603567914,False,0,False,0,False,0.0,False,0.0
VLY,distance -4.48% outside band,2026-09-29,15.199999809265137,2026-07-16,-0.16315786666817245,True,29,True,29,True,23.0,True,6.0
VMC,distance -14.79% outside band,2026-09-29,331.0899963378906,2026-02-10,-0.2668156613458539,True,31,True,44,True,34.0,True,52.0
VMI,expected growth -6.5% below threshold,2026-09-29,585.7100219726562,2026-06-25,-0.20231859806406094,True,12,True,52,True,30.0,True,7.0
VMRK,distance -4.24% outside band,2026-09-29,71.5,2026-07-07,-0.14195806329900573,True,11,True,24,True,23.0,True,10.0
VNO,non-positive profit,2026-09-29,41.599998474121094,2026-08-04,-0.18533652325177274,True,24,True,24,True,16.0,False,0.0
VNOM,distance -8.35% outside band,2026-09-29,51.130001068115234,2026-05-05,-0.21611576386121667,True,10,True,10,True,10.0,True,10.0
VNT,distance -7.91% outside band,2026-09-29,48.20000076293945,2026-02-12,-0.34502076358683154,True,16,True,10,False,0.0,True,37.0
VOYA,distance +13.28% outside band,2026-09-29,105.63999938964844,2026-09-03,-0.09986750390677868,True,10,True,6,False,0.0,False,0.0
VRSK,distance -13.02% outside band,2026-09-29,226.38999938964844,2026-01-09,-0.2670170816344206,True,11,True,17,True,11.0,True,42.0
VRSN,distance +5.51% outside band,2026-09-29,312.4800109863281,2026-05-22,-0.10445472830537506,True,5,True,3,True,2.0,False,0.0
VRT,distance -5.73% outside band,2026-09-29,379.93499755859375,2026-05-14,-0.3463618831282014,True,15,True,15,True,47.0,True,14.0
VRTX,distance +11.43% outside band,2026-09-29,560.25,2026-09-03,-0.0598304677041499,False,0,False,0,False,0.0,False,0.0
VST,distance -9.37% outside band,2026-09-29,182.55999755859375,2026-01-15,-0.2285823635276154,True,8,True,14,True,40.0,True,47.0
VTR,expected growth -21.4% below threshold,2026-09-29,101.5999984741211,2026-07-28,-0.1445865652818239,True,17,True,22,True,12.0,False,0.0
VTRS,distance +18.99% outside band,2026-09-29,18.43000030517578,2026-09-29,-0.01682037226311517,False,0,False,0,False,0.0,False,0.0
VVV,distance -13.44% outside band,2026-09-29,41.08000183105469,2026-07-17,-0.2782376266566724,False,0,True,39,True,38.0,True,36.0
VZ,growth -24.0% below threshold,2026-09-29,51.68000030517578,2026-03-24,-0.11029413175852076,True,10,True,7,True,2.0,True,1.0
WAB,distance +11.83% outside band,2026-09-29,306.6400146484375,2026-07-29,-0.050254379487220335,False,0,False,0,False,0.0,False,0.0
WAL,distance -6.75% outside band,2026-09-29,97.2300033569336,2026-02-10,-0.22081662531560609,True,8,True,30,True,16.0,True,30.0
WAT,distance +22.14% outside band,2026-09-29,445.4800109863281,2026-09-28,-0.00498339132161707,False,0,False,0,False,0.0,False,0.0
WBD,distance +11.53% outside band,2026-09-29,30.920000076293945,2026-09-21,-0.002263896980966962,False,0,False,0,False,0.0,False,0.0
WCC,distance +15.15% outside band,2026-09-29,385.3699951171875,2026-08-06,-0.052702591836236934,False,0,False,0,False,0.0,False,0.0
WDAY,distance +19.92% outside band,2026-09-29,227.49000549316406,2026-08-13,-0.16844699283006626,True,8,False,0,False,0.0,False,0.0
WDC,distance +14.50% outside band,2026-09-29,799.8699951171875,2026-06-18,-0.4330578547081396,False,0,True,47,True,29.0,False,0.0
WEC,distance -7.85% outside band,2026-09-29,119.91000366210938,2026-07-07,-0.14452507131838932,True,29,True,45,True,46.0,True,44.0
WELL,distance +9.10% outside band,2026-09-29,255.1999969482422,2026-07-28,-0.08738245814431,True,15,True,17,False,0.0,False,0.0
WEX,distance +6.21% outside band,2026-09-29,203.99000549316406,2026-08-24,-0.1594685911236322,True,9,True,6,False,0.0,False,0.0
WFC,distance -5.25% outside band,2026-09-29,97.76000213623047,2026-01-05,-0.1767593944527217,True,10,True,10,True,6.0,True,6.0
WFRD,distance -13.68% outside band,2026-09-29,113.1500015258789,2026-05-18,-0.28935039701507614,True,14,True,12,True,16.0,True,14.0
WH,distance -7.54% outside band,2026-09-29,90.3499984741211,2026-04-21,-0.19822906845808963,False,0,True,61,True,60.0,True,52.0
WHR,distance -43.31% outside band,2026-09-29,94.81999969482422,2026-02-12,-0.6765450308478742,True,31,True,20,True,151.0,True,116.0
WING,distance -39.18% outside band,2026-09-29,302.79998779296875,2026-02-18,-0.6412813503121804,False,0,True,55,True,147.0,True,116.0
WLK,distance -28.32% outside band,2026-09-29,124.2300033569336,2026-04-07,-0.4897367972572748,True,26,True,18,True,100.0,True,74.0
WM,distance -7.97% outside band,2026-09-29,248.1300048828125,2026-03-06,-0.16539720202038588,True,43,True,34,True,25.0,True,25.0
WMB,distance -3.38% outside band,2026-09-29,80.08000183105469,2026-05-20,-0.1429820718759831,True,14,True,14,True,14.0,True,4.0
WMG,distance -3.43% outside band,2026-09-29,35.41999816894531,2026-05-22,-0.22021450403548037,True,9,False,0,True,10.0,True,10.0
WMS,distance -11.98% outside band,2026-09-29,179.31500244140625,2026-02-11,-0.2834397359744062,True,1,True,28,True,28.0,True,30.0
WMT,distance -9.88% outside band,2026-09-29,135.16000366210938,2026-05-19,-0.20982539095847907,True,1,True,4,True,90.0,True,67.0
WPC,distance -7.11% outside band,2026-09-29,77.22000122070312,2026-07-28,-0.14555811559293297,True,42,True,42,True,40.0,True,23.0
WRB,growth -12.2% below threshold,2026-09-29,77.44999694824219,2026-07-28,-0.11917360995775417,True,7,True,10,True,7.0,True,7.0
WSM,distance +10.45% outside band,2026-09-29,254.88999938964844,2026-08-11,-0.09780686859224696,False,0,True,5,False,0.0,False,0.0
WSO,distance -19.25% outside band,2026-09-29,459.0,2026-04-28,-0.3446623359630311,True,2,True,54,True,60.0,True,52.0
WST,distance +25.18% outside band,2026-09-29,386.0,2026-07-23,-0.024274598749190468,False,0,False,0,False,0.0,False,0.0
WTFC,distance -4.27% outside band,2026-09-29,167.22000122070312,2026-07-16,-0.14190883599037496,True,30,True,30,True,29.0,True,10.0
WTRG,growth -52.9% below threshold,2026-09-29,42.5099983215332,2026-09-10,-0.07715829002127739,True,8,True,6,False,0.0,False,0.0
WTS,distance +10.87% outside band,2026-09-29,394.5400085449219,2026-06-30,-0.09339992220160331,False,0,True,16,False,0.0,False,0.0
WTW,distance -3.61% outside band,2026-09-29,351.510009765625,2026-08-25,-0.17905607434443338,True,17,True,10,True,2.0,True,5.0
WWD,distance -9.18% outside band,2026-09-29,450.9200134277344,2026-06-25,-0.2686507829350354,True,44,True,44,True,43.0,True,28.0
WY,distance -19.30% outside band,2026-09-29,27.75,2026-02-12,-0.2954955229888091,True,32,True,24,True,24.0,True,24.0
WYNN,distance -24.65% outside band,2026-09-29,123.54000091552734,2026-01-05,-0.3667637787179171,True,29,True,26,True,30.0,True,116.0
XEL,distance -9.53% outside band,2026-09-29,84.2300033569336,2026-02-26,-0.16075033094977031,True,27,True,28,True,44.0,True,28.0
XOM,distance +8.71% outside band,2026-09-29,176.41000366210938,2026-03-30,-0.08536929451823627,True,7,False,0,False,0.0,False,0.0
XPO,distance -7.68% outside band,2026-09-29,232.0500030517578,2026-06-12,-0.2356389020273969,True,30,True,30,True,30.0,True,15.0
XRAY,distance -22.92% outside band,2026-09-29,14.760000228881836,2026-02-27,-0.39159895643737264,True,16,True,36,True,31.0,True,36.0
XYL,distance -16.97% outside band,2026-09-29,146.5500030517578,2026-01-16,-0.3112930862954003,True,4,True,30,True,30.0,True,116.0
XYZ,distance +5.80% outside band,2026-09-29,86.91999816894531,2026-08-27,-0.1480671351622932,True,16,True,16,True,5.0,False,0.0
YETI,distance -4.28% outside band,2026-09-29,53.9900016784668,2026-08-05,-0.21189112957499578,False,0,True,33,True,32.0,True,28.0
YUM,distance -10.68% outside band,2026-09-29,170.13999938964844,2026-07-07,-0.19049020676134576,True,16,True,20,True,23.0,True,24.0
ZBH,growth -16.7% below threshold,2026-09-29,102.86000061035156,2026-09-01,-0.11199692984739873,True,18,True,9,True,1.0,True,1.0
ZBRA,distance +41.56% outside band,2026-09-29,386.2300109863281,2026-08-12,-0.026564506832143064,False,0,False,0,False,0.0,False,0.0
ZION,expected growth -46.1% below threshold,2026-09-29,73.33999633789062,2026-07-16,-0.1463048304243708,True,11,True,29,True,10.0,True,2.0
ZTS,distance -29.06% outside band,2026-09-29,132.49000549316406,2026-02-12,-0.46939391548757237,True,17,True,16,True,146.0,True,116.0
