ticker,reason,last_session,ytd_high,ytd_high_date,off_ytd_high,below20,days20,below50,days50,below100,days100,below200,days200
A,distance +26.31% outside band,2026-10-02,177.0500030517578,2026-09-29,-0.05235811416366365,False,0.0,False,0.0,False,0.0,False,0.0
AA,distance -27.67% outside band,2026-10-02,84.37999725341797,2026-06-02,-0.5028442506705558,True,17.0,True,17.0,True,77.0,True,71.0
AAL,distance -6.55% outside band,2026-10-02,18.790000915527344,2026-07-02,-0.31133587281040653,True,2.0,True,39.0,True,33.0,True,27.0
AAON,distance -14.87% outside band,2026-10-02,150.4600067138672,2026-06-03,-0.44656391780293725,False,0.0,False,0.0,True,54.0,True,48.0
AAPL,distance +15.40% outside band,2026-10-02,345.3399963378906,2026-09-22,-0.033734852667009596,False,0.0,False,0.0,False,0.0,False,0.0
ABBV,distance +13.52% outside band,2026-10-02,269.3900146484375,2026-09-23,-0.024388458988700124,False,0.0,False,0.0,False,0.0,False,0.0
ABNB,distance +13.20% outside band,2026-10-02,193.4530029296875,2026-08-24,-0.16036458356338823,True,20.0,True,12.0,False,0.0,False,0.0
ABT,distance -6.26% outside band,2026-10-02,129.4600067138672,2026-01-06,-0.24687165963543678,True,24.0,True,17.0,True,2.0,True,19.0
ACGL,distance -2.87% outside band,2026-10-02,107.08999633789062,2026-07-28,-0.12596879563993868,True,20.0,True,26.0,True,10.0,True,10.0
ACI,distance -23.60% outside band,2026-10-02,18.829999923706055,2026-02-17,-0.37599574893214305,True,11.0,True,13.0,True,94.0,True,116.0
ACM,distance -25.34% outside band,2026-10-02,109.0,2026-02-10,-0.45266055185860454,True,18.0,True,24.0,True,216.0,True,116.0
ACN,expected growth 3.8% below threshold,2026-10-02,291.0899963378906,2026-01-14,-0.3167061857199456,False,0.0,False,0.0,False,0.0,False,0.0
ADBE,distance -8.54% outside band,2026-10-02,351.1199951171875,2026-01-02,-0.32305193168484636,True,20.0,True,13.0,True,9.0,True,20.0
ADC,distance -12.25% outside band,2026-10-02,82.08000183105469,2026-03-03,-0.19736847242012978,True,46.0,True,43.0,True,43.0,True,39.0
ADI,distance +16.03% outside band,2026-10-02,445.9100036621094,2026-06-22,-0.06449734145775754,False,0.0,False,0.0,False,0.0,False,0.0
ADM,distance +8.12% outside band,2026-10-02,88.75,2026-09-10,-0.09352116114656694,True,10.0,True,9.0,True,5.0,False,0.0
ADP,distance +8.28% outside band,2026-10-02,288.0,2026-09-01,-0.10527780320909286,True,20.0,True,8.0,False,0.0,False,0.0
ADSK,distance -11.28% outside band,2026-10-02,296.79998779296875,2026-01-07,-0.285714256336562,True,23.0,True,20.0,True,14.0,True,23.0
AEE,distance -7.33% outside band,2026-10-02,118.31999969482422,2026-06-26,-0.15534142411109209,True,49.0,True,47.0,True,47.0,True,30.0
AEIS,stale filing (2026-03-31),2026-10-02,397.44000244140625,2026-04-21,-0.23440016880496006,False,0.0,False,0.0,True,33.0,True,32.0
AEP,distance -5.89% outside band,2026-10-02,140.5800018310547,2026-07-07,-0.1494522824197977,True,17.0,True,47.0,True,47.0,True,41.0
AES,growth -12.5% below threshold,2026-10-02,17.649999618530273,2026-02-27,-0.1552407835885452,False,0.0,False,0.0,False,0.0,False,0.0
AFG,distance +2.83% outside band,2026-10-02,148.7100067138672,2026-08-18,-0.06462242066091861,True,13.0,True,13.0,True,7.0,False,0.0
AFL,distance -3.04% outside band,2026-10-02,130.22000122070312,2026-07-29,-0.1434495479194169,True,11.0,True,32.0,True,28.0,True,7.0
AGCO,expected growth -19.3% below threshold,2026-10-02,143.77999877929688,2026-02-12,-0.2028793880692782,True,7.0,False,0.0,False,0.0,True,4.0
AGNC,distance -17.97% outside band,2026-10-02,12.1899995803833,2026-01-28,-0.2789171235084952,True,24.0,True,24.0,True,23.0,True,24.0
AHR,only 1 analysts,2026-10-02,58.70000076293945,2026-07-28,-0.13543442350274593,True,20.0,True,20.0,True,11.0,True,2.0
AIG,distance -2.82% outside band,2026-10-02,85.69000244140625,2026-01-05,-0.12556893254365376,True,1.0,True,38.0,True,26.0,True,38.0
AIT,distance +13.21% outside band,2026-10-02,374.79998779296875,2026-08-13,-0.08364454804426125,False,0.0,False,0.0,False,0.0,False,0.0
AIZ,distance +6.74% outside band,2026-10-02,303.94000244140625,2026-08-06,-0.12048428908020137,True,13.0,True,10.0,True,8.0,False,0.0
AJG,distance -2.94% outside band,2026-10-02,272.7900085449219,2026-08-25,-0.1711206659788027,True,19.0,True,19.0,True,9.0,True,9.0
AKAM,distance -2.47% outside band,2026-10-02,165.4499969482422,2026-05-13,-0.3416742207434502,True,4.0,True,5.0,True,33.0,True,5.0
ALB,distance -32.68% outside band,2026-10-02,221.0,2026-05-07,-0.5267420980185944,True,21.0,True,18.0,True,89.0,True,70.0
ALGM,non-positive profit,2026-10-02,71.7699966430664,2026-06-30,-0.4492127542391935,False,0.0,False,0.0,True,48.0,True,32.0
ALGN,distance -15.60% outside band,2026-10-02,200.44000244140625,2026-04-21,-0.282877650457109,True,34.0,True,34.0,True,34.0,True,33.0
ALK,distance -12.99% outside band,2026-10-02,60.630001068115234,2026-02-09,-0.3480125666683298,True,5.0,True,37.0,True,34.0,True,34.0
ALL,expected growth -48.5% below threshold,2026-10-02,277.2200012207031,2026-07-29,-0.19291535780985025,True,14.0,True,14.0,True,9.0,True,3.0
ALLE,distance +2.61% outside band,2026-10-02,183.11000061035156,2026-02-12,-0.15782859374230485,False,0.0,True,13.0,False,0.0,False,0.0
ALLY,distance -11.13% outside band,2026-10-02,47.290000915527344,2026-06-29,-0.19835062141086524,True,19.0,True,34.0,True,32.0,True,19.0
ALV,distance -6.01% outside band,2026-10-02,132.1699981689453,2026-06-02,-0.15374139348061677,True,19.0,True,19.0,True,16.0,True,15.0
AM,distance -4.25% outside band,2026-10-02,23.834999084472656,2026-03-26,-0.14579394200123497,True,17.0,True,17.0,True,15.0,True,6.0
AMAT,distance +26.28% outside band,2026-10-02,739.6699829101562,2026-06-30,-0.26989063973826355,False,0.0,False,0.0,False,0.0,False,0.0
AMCR,distance -2.21% outside band,2026-10-02,50.939998626708984,2026-02-24,-0.17824888616303525,True,26.0,True,20.0,True,7.0,True,7.0
AMD,distance +69.17% outside band,2026-10-02,645.4600219726562,2026-10-02,-0.017894290017878567,False,0.0,False,0.0,False,0.0,False,0.0
AME,distance +9.41% outside band,2026-10-02,261.1600036621094,2026-08-13,-0.03534236045681016,False,0.0,False,0.0,False,0.0,False,0.0
AMG,distance +14.83% outside band,2026-10-02,392.9200134277344,2026-08-04,-0.05469311823666001,False,0.0,False,0.0,False,0.0,False,0.0
AMGN,distance +10.56% outside band,2026-10-02,447.0299987792969,2026-08-25,-0.09840500716841893,False,0.0,True,2.0,False,0.0,False,0.0
AMH,distance -4.44% outside band,2026-10-02,35.06999969482422,2026-08-06,-0.1371542488679366,True,27.0,True,26.0,True,21.0,True,17.0
AMKR,distance -2.19% outside band,2026-10-02,96.68000030517578,2026-06-16,-0.42056267810370884,False,0.0,False,0.0,True,50.0,True,33.0
AMP,expected growth -1.7% below threshold,2026-10-02,572.5599975585938,2026-08-14,-0.14260513176722345,True,13.0,True,13.0,True,8.0,True,1.0
AMT,distance -8.30% outside band,2026-10-02,196.0800018310547,2026-06-05,-0.17278664099566865,True,12.0,True,8.0,True,12.0,True,13.0
AMZN,distance +4.21% outside band,2026-10-02,287.20001220703125,2026-08-03,-0.12423400563385067,True,9.0,True,9.0,True,9.0,False,0.0
AN,distance -18.21% outside band,2026-10-02,235.80999755859375,2026-07-29,-0.31105547518824195,True,13.0,True,14.0,True,13.0,True,13.0
ANET,distance +30.48% outside band,2026-10-02,214.88999938964844,2026-08-05,-0.035087688154630925,False,0.0,False,0.0,False,0.0,False,0.0
ANF,distance +34.02% outside band,2026-10-02,155.22000122070312,2026-09-09,-0.12440405493321305,True,11.0,False,0.0,False,0.0,False,0.0
AON,distance -18.79% outside band,2026-10-02,382.3399963378906,2026-07-28,-0.2952607239947075,True,24.0,True,24.0,True,24.0,True,24.0
AOS,distance -11.82% outside band,2026-10-02,81.87000274658203,2026-02-12,-0.3068279211414924,True,4.0,True,25.0,True,19.0,True,116.0
APA,distance +23.61% outside band,2026-10-02,47.439998626708984,2026-09-15,-0.07925797703156556,True,10.0,False,0.0,False,0.0,False,0.0
APD,distance -2.84% outside band,2026-10-02,314.8699951171875,2026-07-06,-0.1184615503903017,True,21.0,True,19.0,True,18.0,True,7.0
APG,distance -3.33% outside band,2026-10-02,49.9900016784668,2026-04-30,-0.19023808395523423,False,0.0,False,0.0,True,32.0,True,30.0
APH,distance +17.29% outside band,2026-10-02,89.26000213623047,2026-06-30,-0.02576745459010299,False,0.0,False,0.0,False,0.0,False,0.0
APO,distance -9.96% outside band,2026-10-02,153.2899932861328,2026-01-06,-0.25618108397829065,True,23.0,True,14.0,True,15.0,True,9.0
APP,distance -41.21% outside band,2026-10-02,683.5,2026-01-02,-0.6075786375702954,True,8.0,True,60.0,True,59.0,True,63.0
APPF,distance +9.28% outside band,2026-10-02,239.86000061035156,2026-01-07,-0.1537980459258632,True,12.0,True,5.0,False,0.0,False,0.0
APTV,distance -31.23% outside band,2026-10-02,88.93000030517578,2026-01-13,-0.5104014307195128,True,7.0,True,69.0,True,81.0,True,84.0
AR,distance -6.16% outside band,2026-10-02,45.75,2026-03-30,-0.2550819271900615,True,13.0,True,13.0,True,13.0,True,13.0
ARE,distance -5.82% outside band,2026-10-02,59.7599983215332,2026-01-23,-0.20732931287891243,True,8.0,True,7.0,True,6.0,True,6.0
ARES,distance -9.48% outside band,2026-10-02,177.72500610351562,2026-01-09,-0.3385848979333217,True,23.0,True,17.0,True,13.0,True,17.0
ARMK,distance +14.80% outside band,2026-10-02,62.650001525878906,2026-08-14,-0.11332804654259354,True,13.0,True,13.0,True,7.0,False,0.0
ARW,distance +34.31% outside band,2026-10-02,247.25,2026-10-02,-0.021193146585092304,False,0.0,False,0.0,False,0.0,False,0.0
ARWR,distance -11.45% outside band,2026-10-02,95.48999786376953,2026-07-22,-0.3277829733226857,True,25.0,True,18.0,True,14.0,True,14.0
ASB,distance +2.18% outside band,2026-10-02,32.459999084472656,2026-08-14,-0.10659270431488577,True,32.0,True,19.0,True,11.0,False,0.0
ASH,distance +11.07% outside band,2026-10-02,78.25,2026-08-07,-0.11156553810777758,True,21.0,True,17.0,False,0.0,False,0.0
ATI,distance +15.18% outside band,2026-10-02,243.57000732421875,2026-08-12,-0.2100012629518342,False,0.0,True,17.0,True,10.0,False,0.0
ATO,distance -9.92% outside band,2026-10-02,192.50999450683594,2026-04-09,-0.18357486544230162,True,20.0,True,45.0,True,97.0,True,46.0
ATR,distance -5.42% outside band,2026-10-02,146.91000366210938,2026-02-24,-0.18378598684198222,True,26.0,True,23.0,True,8.0,True,19.0
AVAV,distance -30.03% outside band,2026-10-02,408.25,2026-01-16,-0.6550642808959737,True,5.0,True,9.0,True,32.0,True,116.0
AVGO,distance -3.36% outside band,2026-10-02,495.0,2026-06-03,-0.28254542495265156,False,0.0,True,33.0,True,34.0,True,22.0
AVNT,distance +9.34% outside band,2026-10-02,46.63999938964844,2026-08-11,-0.1172813313097335,True,24.0,True,8.0,False,0.0,False,0.0
AVT,distance +39.83% outside band,2026-10-02,108.62999725341797,2026-10-02,-0.015557349302598333,False,0.0,False,0.0,False,0.0,False,0.0
AVTR,distance +42.89% outside band,2026-10-02,16.049999237060547,2026-09-17,-0.044236705185207725,False,0.0,False,0.0,False,0.0,False,0.0
AVY,expected growth -12.7% below threshold,2026-10-02,199.5399932861328,2026-02-24,-0.14869198740725453,True,1.0,True,7.0,False,0.0,True,19.0
AXON,distance -16.82% outside band,2026-10-02,665.0700073242188,2026-07-07,-0.37848647277517466,True,25.0,True,23.0,True,18.0,True,18.0
AXP,distance -8.87% outside band,2026-10-02,386.260009765625,2026-01-06,-0.21612387737726757,True,31.0,True,34.0,True,24.0,True,31.0
AXTA,growth -1.1% below threshold,2026-10-02,38.61000061035156,2026-08-07,-0.16601915944268464,True,24.0,True,18.0,True,12.0,False,0.0
AZO,distance -15.31% outside band,2026-10-02,3887.030029296875,2026-02-13,-0.28170608195637603,True,4.0,True,31.0,True,102.0,True,116.0
BA,distance -12.32% outside band,2026-10-02,254.35000610351562,2026-01-27,-0.23900140391654445,True,33.0,True,31.0,True,31.0,True,31.0
BAC,distance -2.81% outside band,2026-10-02,65.2300033569336,2026-08-17,-0.17599268382857336,True,15.0,True,15.0,True,11.0,True,4.0
BAH,distance -13.42% outside band,2026-10-02,109.0999984741211,2026-01-23,-0.3826764489818325,True,8.0,True,7.0,True,5.0,True,11.0
BALL,distance -6.14% outside band,2026-10-02,68.29000091552734,2026-02-11,-0.1745497411603092,True,20.0,True,20.0,True,11.0,True,8.0
BAX,distance +12.77% outside band,2026-10-02,30.0,2026-07-30,-0.21700000762939453,True,2.0,True,18.0,False,0.0,False,0.0
BBWI,distance -19.30% outside band,2026-10-02,24.940000534057617,2026-02-17,-0.3560545660770482,True,19.0,True,39.0,True,30.0,True,41.0
BBY,distance +20.59% outside band,2026-10-02,96.52999877929688,2026-09-23,-0.08867707103327593,True,5.0,False,0.0,False,0.0,False,0.0
BC,distance -16.86% outside band,2026-10-02,90.25,2026-02-18,-0.2750138470340634,True,28.0,True,28.0,True,27.0,True,26.0
BCO,distance -9.04% outside band,2026-10-02,136.3699951171875,2026-02-26,-0.25350145415582426,True,15.0,True,24.0,True,12.0,True,30.0
BDC,distance -5.66% outside band,2026-10-02,159.99000549316406,2026-02-12,-0.29708109742344024,True,15.0,True,15.0,True,15.0,True,15.0
BDX,distance +8.80% outside band,2026-10-02,193.07000732421875,2026-08-24,-0.08426997283497806,True,4.0,True,3.0,False,0.0,False,0.0
BE,distance +39.40% outside band,2026-10-02,351.2799987792969,2026-06-25,-0.1768674706750033,False,0.0,False,0.0,False,0.0,False,0.0
BEN,distance +11.11% outside band,2026-10-02,36.279998779296875,2026-08-05,-0.0956449151808133,True,18.0,True,17.0,True,5.0,False,0.0
BF-B,distance -2.91% outside band,2026-10-02,31.239999771118164,2026-04-09,-0.16261203460067208,True,28.0,True,20.0,True,20.0,True,20.0
BG,distance -8.12% outside band,2026-10-02,134.8699951171875,2026-06-03,-0.20871946997569812,True,11.0,True,11.0,True,11.0,True,10.0
BHF,distance -17.76% outside band,2026-10-02,66.80000305175781,2026-07-13,-0.25119763214670365,True,3.0,True,47.0,True,42.0,True,42.0
BIIB,distance +12.65% outside band,2026-10-02,230.49000549316406,2026-09-28,-0.04603236738031247,True,1.0,False,0.0,False,0.0,False,0.0
BILL,non-positive profit,2026-10-02,56.435001373291016,2026-01-07,-0.22707543420865772,True,12.0,True,10.0,False,0.0,False,0.0
BIO,distance +19.96% outside band,2026-10-02,396.2300109863281,2026-08-27,-0.06836937028181178,True,3.0,False,0.0,False,0.0,False,0.0
BJ,expected growth -9.1% below threshold,2026-10-02,105.77999877929688,2026-02-17,-0.10228776535911532,False,0.0,False,0.0,False,0.0,False,0.0
BKH,distance -2.29% outside band,2026-10-02,78.69000244140625,2026-04-15,-0.09823361439961154,True,18.0,True,18.0,True,18.0,True,17.0
BKNG,distance -12.93% outside band,2026-10-02,220.75360107421875,2026-01-09,-0.2796493307531712,True,26.0,True,20.0,True,19.0,True,19.0
BKR,distance -5.65% outside band,2026-10-02,70.41000366210938,2026-04-27,-0.20465847056707387,True,17.0,True,17.0,True,17.0,True,15.0
BLK,growth -13.5% below threshold,2026-10-02,1187.1700439453125,2026-08-27,-0.10743198896650663,True,23.0,True,18.0,True,5.0,True,1.0
BMRN,distance -2.54% outside band,2026-10-02,70.9800033569336,2026-08-12,-0.19442099745138675,True,14.0,True,9.0,True,5.0,True,2.0
BMY,distance +2.95% outside band,2026-10-02,68.63999938964844,2026-08-19,-0.10912001646811054,True,19.0,True,13.0,False,0.0,False,0.0
BNY,distance +6.31% outside band,2026-10-02,165.83999633789062,2026-09-04,-0.12325134402295079,True,15.0,True,15.0,True,9.0,False,0.0
BR,distance -8.29% outside band,2026-10-02,224.50999450683594,2026-01-12,-0.30101110634073347,True,20.0,True,12.0,True,1.0,True,20.0
BRK-B,distance +2.01% outside band,2026-10-02,537.739990234375,2026-08-10,-0.06525457837457205,True,10.0,True,7.0,False,0.0,False,0.0
BRKR,distance +28.28% outside band,2026-10-02,66.9800033569336,2026-09-30,-0.05583758571250719,False,0.0,False,0.0,False,0.0,False,0.0
BRO,distance -11.80% outside band,2026-10-02,81.25,2026-01-08,-0.2626461557241586,True,20.0,True,19.0,True,10.0,True,19.0
BROS,distance -30.42% outside band,2026-10-02,74.02400207519531,2026-07-02,-0.4776018982375011,True,41.0,True,41.0,True,41.0,True,41.0
BRX,distance -6.80% outside band,2026-10-02,32.86000061035156,2026-07-22,-0.16646381981441483,True,47.0,True,43.0,True,41.0,True,20.0
BSX,distance -30.99% outside band,2026-10-02,100.9000015258789,2026-01-08,-0.5777998232914296,True,27.0,True,19.0,True,31.0,True,116.0
BSY,distance -6.73% outside band,2026-10-02,40.65999984741211,2026-01-12,-0.20732907862301253,False,0.0,True,20.0,True,19.0,True,20.0
BTSG,distance +15.23% outside band,2026-10-02,73.75,2026-07-27,-0.18305084745762712,False,0.0,True,45.0,True,17.0,False,0.0
BURL,distance -11.44% outside band,2026-10-02,378.3299865722656,2026-07-29,-0.27222264660404516,False,0.0,True,34.0,True,30.0,True,26.0
BWA,expected growth -6.3% below threshold,2026-10-02,78.81999969482422,2026-06-03,-0.23217456620038823,True,15.0,True,15.0,True,15.0,False,0.0
BWXT,distance -28.91% outside band,2026-10-02,241.82000732421875,2026-04-16,-0.44231247818325137,True,18.0,True,71.0,True,71.0,True,68.0
BX,distance -12.97% outside band,2026-10-02,165.13999938964844,2026-01-16,-0.3233014387003511,True,23.0,True,18.0,True,14.0,True,18.0
BXP,distance -3.84% outside band,2026-10-02,74.94000244140625,2026-07-29,-0.19335469984533526,True,24.0,True,24.0,True,18.0,True,5.0
BYD,distance -19.37% outside band,2026-10-02,91.41000366210938,2026-07-28,-0.26430371616016035,True,46.0,True,45.0,True,42.0,True,41.0
C,distance +2.09% outside band,2026-10-02,147.9600067138672,2026-06-18,-0.13152207239014235,True,9.0,True,5.0,True,5.0,False,0.0
CACI,distance +9.37% outside band,2026-10-02,683.5,2026-01-23,-0.10016096850425205,True,1.0,False,0.0,False,0.0,False,0.0
CAH,distance +4.71% outside band,2026-10-02,258.29998779296875,2026-08-11,-0.11614396499800217,True,17.0,True,14.0,False,0.0,False,0.0
CAR,distance -28.73% outside band,2026-10-02,847.7000122070312,2026-04-22,-0.8687979242431104,True,23.0,True,111.0,True,71.0,True,47.0
CARR,distance -10.56% outside band,2026-10-02,76.76000213623047,2026-06-25,-0.2819176993499808,True,48.0,True,48.0,True,41.0,True,32.0
CART,distance +3.89% outside band,2026-10-02,52.68000030517578,2026-09-03,-0.16002278390927682,True,19.0,True,14.0,True,9.0,False,0.0
CASY,distance -15.65% outside band,2026-10-02,927.8499755859375,2026-06-11,-0.3342026986900448,True,28.0,True,28.0,True,27.0,True,18.0
CAT,distance +6.33% outside band,2026-10-02,1073.4599609375,2026-06-30,-0.21243454467382872,False,0.0,False,0.0,True,33.0,False,0.0
CAVA,distance -24.75% outside band,2026-10-02,98.79000091552734,2026-04-21,-0.4492357592552648,False,0.0,True,28.0,True,67.0,True,28.0
CB,expected growth -11.9% below threshold,2026-10-02,365.9100036621094,2026-07-29,-0.09570656353525175,True,11.0,True,20.0,True,10.0,False,0.0
CBOE,distance -5.52% outside band,2026-10-02,371.17999267578125,2026-05-19,-0.26919549782262775,True,1.0,True,16.0,True,19.0,True,16.0
CBRE,distance -10.73% outside band,2026-10-02,174.27000427246094,2026-02-10,-0.256441162252662,True,24.0,True,19.0,True,8.0,True,19.0
CBSH,expected growth -1.3% below threshold,2026-10-02,60.91999816894531,2026-07-29,-0.09258042611897999,True,13.0,True,26.0,True,9.0,False,0.0
CBT,distance -2.50% outside band,2026-10-02,94.52999877929688,2026-06-26,-0.18597272884874827,True,43.0,True,34.0,True,25.0,True,5.0
CCI,distance -19.94% outside band,2026-10-02,95.06999969482422,2026-06-05,-0.30114649569076035,True,15.0,True,20.0,True,75.0,True,77.0
CCK,expected growth 1.2% below threshold,2026-10-02,122.91000366210938,2026-08-06,-0.13717354249456548,True,27.0,True,21.0,True,7.0,True,4.0
CCL,distance -6.26% outside band,2026-10-02,34.029998779296875,2026-02-06,-0.24302083006380626,False,0.0,False,0.0,True,32.0,True,34.0
CDE,distance -8.36% outside band,2026-10-02,27.770000457763672,2026-01-26,-0.3640619533200298,True,17.0,True,5.0,True,5.0,True,7.0
CDNS,distance +7.88% outside band,2026-10-02,416.69000244140625,2026-06-02,-0.15680720908843626,False,0.0,False,0.0,False,0.0,False,0.0
CDP,stale filing (2026-03-31),2026-10-02,38.900001525878906,2026-07-29,-0.13701803655480094,True,25.0,True,25.0,True,14.0,False,0.0
CEG,distance -10.53% outside band,2026-10-02,378.5,2026-01-05,-0.319709404928996,True,15.0,True,15.0,True,15.0,True,18.0
CELH,distance -26.57% outside band,2026-10-02,59.310001373291016,2026-02-26,-0.5489799463729859,True,20.0,True,19.0,True,19.0,True,116.0
CF,distance +2.24% outside band,2026-10-02,141.9600067138672,2026-03-30,-0.18984223234052677,True,11.0,True,10.0,True,7.0,False,0.0
CFG,expected growth 6.9% below threshold,2026-10-02,75.33000183105469,2026-08-17,-0.14602415681165248,True,13.0,True,32.0,True,13.0,True,5.0
CFR,distance +5.82% outside band,2026-10-02,170.8000030517578,2026-08-17,-0.09227171829059755,True,14.0,True,14.0,False,0.0,False,0.0
CG,distance -19.68% outside band,2026-10-02,67.30000305175781,2026-01-15,-0.4083209823304138,True,24.0,True,19.0,True,19.0,True,35.0
CGNX,distance +16.51% outside band,2026-10-02,72.87999725341797,2026-06-30,-0.10853452704190214,False,0.0,False,0.0,False,0.0,False,0.0
CHD,stale filing (2026-03-31),2026-10-02,106.04000091552734,2026-02-24,-0.11061866517973573,True,25.0,True,21.0,True,19.0,True,5.0
CHDN,distance -16.64% outside band,2026-10-02,116.04000091552734,2026-01-06,-0.3446225228219423,True,20.0,True,20.0,True,20.0,True,107.0
CHE,distance +11.51% outside band,2026-10-02,557.0,2026-08-10,-0.0888689407540395,True,3.0,True,17.0,False,0.0,False,0.0
CHH,distance -3.46% outside band,2026-10-02,123.81999969482422,2026-04-21,-0.1721854284232841,False,0.0,True,26.0,True,27.0,True,24.0
CHRD,distance +9.13% outside band,2026-10-02,157.05999755859375,2026-09-15,-0.127658241203511,True,13.0,True,10.0,False,0.0,False,0.0
CHRW,distance -8.46% outside band,2026-10-02,210.3300018310547,2026-07-22,-0.2501307476458351,False,0.0,False,0.0,True,49.0,True,46.0
CHTR,distance -37.51% outside band,2026-10-02,254.11000061035156,2026-04-23,-0.5699106660382447,True,19.0,True,15.0,True,19.0,True,116.0
CHWY,distance -25.81% outside band,2026-10-02,34.849998474121094,2026-01-16,-0.4786226435623341,True,19.0,True,18.0,True,18.0,True,116.0
CI,distance -3.37% outside band,2026-10-02,305.44000244140625,2026-07-14,-0.11429414413001227,True,13.0,True,13.0,True,13.0,True,12.0
CIEN,expected growth -11.6% below threshold,2026-10-02,637.510009765625,2026-06-03,-0.38614297761102867,False,0.0,False,0.0,True,59.0,False,0.0
CINF,distance -3.29% outside band,2026-10-02,194.80999755859375,2026-07-07,-0.16867717787670589,True,12.0,True,39.0,True,14.0,True,10.0
CL,distance -4.76% outside band,2026-10-02,99.33000183105469,2026-02-27,-0.15171649468461712,True,26.0,True,26.0,True,20.0,True,16.0
CLF,non-positive profit,2026-10-02,15.350000381469727,2026-01-26,-0.26254075482046635,True,5.0,True,5.0,True,5.0,True,1.0
CLH,distance +9.49% outside band,2026-10-02,335.94000244140625,2026-07-29,-0.05188424286810367,False,0.0,False,0.0,False,0.0,False,0.0
CLX,distance -20.68% outside band,2026-10-02,128.89999389648438,2026-02-26,-0.37618302971616757,True,27.0,True,24.0,True,23.0,True,25.0
CMC,distance -9.00% outside band,2026-10-02,84.87000274658203,2026-02-11,-0.25085425034211817,True,17.0,True,17.0,True,18.0,True,18.0
CMCSA,distance -19.23% outside band,2026-10-02,32.86000061035156,2026-02-12,-0.34357884071282596,True,19.0,True,15.0,True,15.0,True,24.0
CME,distance -5.49% outside band,2026-10-02,329.1600036621094,2026-03-03,-0.20057111519977677,True,14.0,True,6.0,True,1.0,True,14.0
CMG,distance -7.21% outside band,2026-10-02,41.41999816894531,2026-01-21,-0.2187348613980986,True,14.0,True,14.0,True,13.0,True,14.0
CMI,distance -12.43% outside band,2026-10-02,737.760009765625,2026-06-18,-0.28388635825888975,True,66.0,True,63.0,True,40.0,True,31.0
CMS,distance -12.48% outside band,2026-10-02,80.36000061035156,2026-04-09,-0.20681929822862477,True,58.0,True,46.0,True,58.0,True,46.0
CNC,distance +19.32% outside band,2026-10-02,69.62999725341797,2026-09-14,-0.09536113509792266,True,11.0,True,11.0,True,9.0,False,0.0
CNH,distance +21.14% outside band,2026-10-02,14.460000038146973,2026-09-04,-0.06846471428122014,True,7.0,False,0.0,False,0.0,False,0.0
CNM,distance -15.96% outside band,2026-10-02,59.65999984741211,2026-02-12,-0.3069058233342462,True,5.0,True,68.0,True,80.0,True,80.0
CNO,distance +13.68% outside band,2026-10-02,57.59000015258789,2026-07-31,-0.064768180801415,True,10.0,True,10.0,False,0.0,False,0.0
CNP,distance -8.68% outside band,2026-10-02,45.2599983215332,2026-07-28,-0.1650463473935191,True,18.0,True,47.0,True,47.0,True,42.0
CNX,distance -13.78% outside band,2026-10-02,43.619998931884766,2026-03-06,-0.27785417764018905,True,16.0,True,13.0,True,13.0,True,19.0
COF,distance -5.32% outside band,2026-10-02,259.6400146484375,2026-01-06,-0.250038552476738,True,19.0,True,18.0,True,9.0,True,15.0
COHR,distance +16.61% outside band,2026-10-02,440.0,2026-06-03,-0.23399998057972304,False,0.0,False,0.0,False,0.0,False,0.0
COIN,non-positive profit,2026-10-02,263.07000732421875,2026-01-14,-0.3043676781653678,True,1.0,False,0.0,False,0.0,True,1.0
COKE,distance +5.39% outside band,2026-10-02,219.64999389648438,2026-03-16,-0.12569998350814193,False,0.0,False,0.0,False,0.0,False,0.0
COLB,distance -3.00% outside band,2026-10-02,33.68000030517578,2026-07-16,-0.14133017178596463,True,32.0,True,32.0,True,19.0,True,9.0
COLM,distance -3.60% outside band,2026-10-02,69.05999755859375,2026-06-15,-0.17072107613132903,True,1.0,True,4.0,True,45.0,True,27.0
COO,distance -20.27% outside band,2026-10-02,85.04000091552734,2026-01-07,-0.33078552169887165,True,28.0,True,26.0,True,19.0,True,28.0
COP,distance +8.77% outside band,2026-10-02,141.6199951171875,2026-09-15,-0.10499926302696805,True,13.0,True,5.0,False,0.0,False,0.0
COR,distance -2.87% outside band,2026-10-02,376.9200134277344,2026-03-02,-0.18006479681869725,True,14.0,True,12.0,False,0.0,True,13.0
CORT,distance +66.22% outside band,2026-10-02,126.37999725341797,2026-08-25,-0.08031329416894628,False,0.0,False,0.0,False,0.0,False,0.0
COST,distance -4.24% outside band,2026-10-02,1096.5,2026-05-19,-0.16037389474321706,False,0.0,True,26.0,True,88.0,True,27.0
CPAY,distance +13.81% outside band,2026-10-02,427.4599914550781,2026-09-03,-0.07687265711045088,True,14.0,True,6.0,False,0.0,False,0.0
CPRT,distance -18.74% outside band,2026-10-02,41.790000915527344,2026-01-21,-0.348648032614885,True,18.0,True,12.0,True,14.0,True,116.0
CPT,distance -10.24% outside band,2026-10-02,119.80999755859375,2026-07-07,-0.1990651778659549,True,46.0,True,45.0,True,28.0,True,26.0
CR,distance +5.66% outside band,2026-10-02,230.5,2026-07-27,-0.09674621714428555,False,0.0,True,33.0,False,0.0,False,0.0
CRBG,distance +15.72% outside band,2026-10-02,35.63999938964844,2026-09-17,-0.045173979739718595,True,5.0,False,0.0,False,0.0,False,0.0
CRH,distance -24.37% outside band,2026-10-02,131.5500030517578,2026-01-09,-0.37711896206367024,True,37.0,True,68.0,True,68.0,True,106.0
CRL,distance +38.21% outside band,2026-10-02,303.30999755859375,2026-08-27,-0.04325605889285922,False,0.0,False,0.0,False,0.0,False,0.0
CRM,distance +17.05% outside band,2026-10-02,268.2699890136719,2026-09-03,-0.1251723560124136,True,11.0,False,0.0,False,0.0,False,0.0
CROX,distance +10.91% outside band,2026-10-02,141.27999877929688,2026-08-04,-0.1641421478041838,True,1.0,True,5.0,True,3.0,False,0.0
CRS,distance -11.99% outside band,2026-10-02,625.989990234375,2026-07-06,-0.37943096969448786,True,39.0,True,39.0,True,31.0,True,15.0
CRUS,distance -13.33% outside band,2026-10-02,180.4199981689453,2026-05-27,-0.3284004024017243,False,0.0,False,0.0,True,70.0,True,58.0
CRWD,distance +75.87% outside band,2026-10-02,273.5350036621094,2026-10-02,-0.01277714029428123,False,0.0,False,0.0,False,0.0,False,0.0
CSCO,distance +14.82% outside band,2026-10-02,130.3699951171875,2026-06-04,-0.13937254621059536,False,0.0,False,0.0,True,23.0,False,0.0
CSGP,distance -31.67% outside band,2026-10-02,70.56999969482422,2026-01-27,-0.6120164477941081,True,22.0,True,13.0,True,27.0,True,116.0
CSL,distance -6.47% outside band,2026-10-02,432.9100036621094,2026-02-12,-0.2392414276595377,False,0.0,True,25.0,True,24.0,True,19.0
CSX,distance +7.07% outside band,2026-10-02,53.599998474121094,2026-07-27,-0.1151119094140326,True,24.0,True,23.0,True,13.0,False,0.0
CTAS,distance +2.62% outside band,2026-10-02,219.1699981689453,2026-07-29,-0.11931374784393112,True,4.0,True,14.0,False,0.0,False,0.0
CTRE,distance -7.05% outside band,2026-10-02,43.619998931884766,2026-07-28,-0.1678129269616635,True,20.0,True,38.0,True,38.0,True,17.0
CTSH,distance -4.04% outside band,2026-10-02,87.02999877929688,2026-01-14,-0.3277031007444774,True,1.0,True,1.0,False,0.0,True,13.0
CTVA,distance -84.75% outside band,2026-10-02,90.97000122070312,2026-07-29,-0.8689677924992578,True,15.0,True,13.0,True,13.0,True,5.0
CUBE,distance -4.58% outside band,2026-10-02,43.2599983215332,2026-07-28,-0.1326860399093538,True,11.0,True,30.0,True,26.0,True,9.0
CUZ,distance +4.71% outside band,2026-10-02,32.95000076293945,2026-07-29,-0.14992414020256684,True,5.0,True,40.0,True,19.0,False,0.0
CVLT,distance +30.09% outside band,2026-10-02,154.8300018310547,2026-07-08,-0.02938708905217624,False,0.0,False,0.0,False,0.0,False,0.0
CVNA,distance -11.37% outside band,2026-10-02,97.37799835205078,2026-01-23,-0.345129274199949,True,17.0,True,14.0,True,14.0,True,17.0
CVS,growth 1.2% below threshold,2026-10-02,110.68000030517578,2026-07-22,-0.21882906716589978,True,14.0,True,42.0,True,18.0,True,4.0
CVX,distance +10.75% outside band,2026-10-02,217.77999877929688,2026-09-15,-0.05092293323561581,True,10.0,False,0.0,False,0.0,False,0.0
CW,distance -19.38% outside band,2026-10-02,808.1599731445312,2026-07-07,-0.3248366254451267,True,36.0,True,41.0,True,41.0,True,32.0
CXT,distance +3.23% outside band,2026-10-02,57.77000045776367,2026-08-06,-0.15561713012343648,False,0.0,True,15.0,False,0.0,False,0.0
CYTK,distance -6.48% outside band,2026-10-02,88.30999755859375,2026-06-30,-0.2571622660209514,True,18.0,True,40.0,True,25.0,True,14.0
D,distance -4.73% outside band,2026-10-02,72.98999786376953,2026-07-17,-0.16002187741227736,True,46.0,True,42.0,True,26.0,True,11.0
DAL,distance +10.94% outside band,2026-10-02,95.68000030517578,2026-07-02,-0.12113298422155416,False,0.0,False,0.0,False,0.0,False,0.0
DAR,distance +11.98% outside band,2026-10-02,69.9800033569336,2026-08-20,-0.10060023424573172,True,10.0,True,10.0,False,0.0,False,0.0
DASH,growth 8.7% below threshold,2026-10-02,238.8280029296875,2026-08-28,-0.20800747158543487,True,21.0,True,19.0,False,0.0,False,0.0
DBX,distance +20.22% outside band,2026-10-02,38.16999816894531,2026-09-15,-0.11186787654971464,True,9.0,True,7.0,False,0.0,False,0.0
DCI,distance -2.80% outside band,2026-10-02,112.83999633789062,2026-02-12,-0.21437429632288052,False,0.0,True,25.0,True,15.0,True,24.0
DD,distance -5.57% outside band,2026-10-02,157.97999572753906,2026-02-12,-0.1772376298090952,False,0.0,True,33.0,True,33.0,True,24.0
DDOG,distance +49.98% outside band,2026-10-02,292.7200012207031,2026-08-05,-0.0529516259065379,False,0.0,False,0.0,False,0.0,False,0.0
DE,distance +16.86% outside band,2026-10-02,721.219970703125,2026-09-23,-0.047447342133029924,False,0.0,False,0.0,False,0.0,False,0.0
DECK,distance -21.88% outside band,2026-10-02,122.29000091552734,2026-02-20,-0.3530133113562186,True,47.0,True,54.0,True,54.0,True,46.0
DELL,distance +91.89% outside band,2026-10-02,595.510009765625,2026-09-18,-0.05539787693469478,False,0.0,False,0.0,False,0.0,False,0.0
DG,distance -6.24% outside band,2026-10-02,158.22999572753906,2026-02-26,-0.24830938726553098,True,14.0,True,4.0,False,0.0,True,14.0
DGX,distance +13.22% outside band,2026-10-02,248.83999633789062,2026-09-21,-0.062329186365102984,True,9.0,True,4.0,False,0.0,False,0.0
DHI,distance -9.11% outside band,2026-10-02,170.7899932861328,2026-06-25,-0.2095555635169567,True,5.0,True,31.0,True,27.0,True,27.0
DHR,distance +6.18% outside band,2026-10-02,242.8000030517578,2026-01-22,-0.11836904914304114,False,0.0,False,0.0,False,0.0,False,0.0
DINO,distance +59.40% outside band,2026-10-02,118.38999938964844,2026-09-21,-0.042486686419703434,False,0.0,False,0.0,False,0.0,False,0.0
DKS,distance -31.81% outside band,2026-10-02,244.3800048828125,2026-06-22,-0.44316229187281875,False,0.0,True,63.0,True,54.0,True,38.0
DLB,growth -69.9% below threshold,2026-10-02,69.94999694824219,2026-02-12,-0.1581129098086641,True,15.0,True,12.0,False,0.0,True,13.0
DLR,stale filing (2026-03-31),2026-10-02,208.13999938964844,2026-04-24,-0.1421639109477303,True,9.0,True,15.0,True,25.0,True,6.0
DLTR,distance -4.37% outside band,2026-10-02,142.39999389648438,2026-01-15,-0.21235949108507357,True,19.0,True,19.0,True,14.0,True,14.0
DOC,distance +3.21% outside band,2026-10-02,22.950000762939453,2026-07-28,-0.1507625654378466,True,20.0,True,26.0,True,9.0,False,0.0
DOCN,distance +32.88% outside band,2026-10-02,187.5,2026-06-17,-0.25295996093749995,False,0.0,False,0.0,False,0.0,False,0.0
DOCS,distance +4.26% outside band,2026-10-02,46.75,2026-01-06,-0.40256683839196195,False,0.0,False,0.0,False,0.0,False,0.0
DOCU,distance +28.61% outside band,2026-10-02,74.06500244140625,2026-09-15,-0.06825086260106261,False,0.0,False,0.0,False,0.0,False,0.0
DOV,distance -9.69% outside band,2026-10-02,237.5399932861328,2026-02-12,-0.2014397246660189,False,0.0,True,55.0,True,55.0,True,37.0
DOW,distance -12.60% outside band,2026-10-02,42.7400016784668,2026-03-31,-0.3455779547279172,True,21.0,True,20.0,True,84.0,True,28.0
DPZ,distance -15.88% outside band,2026-10-02,425.4100036621094,2026-01-02,-0.30039257996956203,True,20.0,True,18.0,True,18.0,True,116.0
DRI,expected growth -35.8% below threshold,2026-10-02,229.75999450683594,2026-08-13,-0.12809015224321674,True,7.0,True,7.0,True,6.0,True,6.0
DT,distance +39.37% outside band,2026-10-02,60.2400016784668,2026-10-02,-0.015272276859371936,False,0.0,False,0.0,False,0.0,False,0.0
DTE,distance -11.70% outside band,2026-10-02,155.75,2026-07-07,-0.2009631014559089,True,58.0,True,48.0,True,48.0,True,42.0
DTM,distance -9.95% outside band,2026-10-02,152.8800048828125,2026-05-26,-0.20852959095108325,True,50.0,True,49.0,True,49.0,True,32.0
DUK,distance -7.96% outside band,2026-10-02,134.49000549316406,2026-03-17,-0.15138677528555056,True,46.0,True,45.0,True,46.0,True,35.0
DUOL,distance +13.26% outside band,2026-10-02,192.9199981689453,2026-01-05,-0.2521770389707356,True,1.0,False,0.0,False,0.0,False,0.0
DVA,distance +5.07% outside band,2026-10-02,247.49000549316406,2026-08-03,-0.2779910361012867,True,7.0,True,42.0,True,42.0,False,0.0
DVN,distance +6.85% outside band,2026-10-02,52.709999084472656,2026-03-30,-0.09599691987253944,True,6.0,False,0.0,False,0.0,False,0.0
DXCM,distance +16.85% outside band,2026-10-02,92.58999633789062,2026-08-24,-0.07808614335780384,True,8.0,True,1.0,False,0.0,False,0.0
DY,distance -29.53% outside band,2026-10-02,566.469970703125,2026-05-27,-0.5167440214699984,True,32.0,True,65.0,True,33.0,True,30.0
EAT,distance +18.90% outside band,2026-10-02,254.99000549316406,2026-08-25,-0.20781208812744878,True,26.0,True,16.0,False,0.0,False,0.0
EBAY,distance +5.30% outside band,2026-10-02,119.30999755859375,2026-05-20,-0.10820548400711083,True,4.0,True,5.0,True,10.0,False,0.0
ECHO,distance -13.32% outside band,2026-10-02,147.25,2026-05-18,-0.35993208828522916,False,0.0,False,0.0,True,75.0,True,71.0
ED,distance -4.18% outside band,2026-10-02,116.2300033569336,2026-03-17,-0.11047064954351304,True,18.0,True,45.0,True,20.0,True,17.0
EEFT,distance -11.32% outside band,2026-10-02,83.97000122070312,2026-07-29,-0.2437775505909623,True,14.0,True,35.0,True,15.0,True,19.0
EFX,distance -23.31% outside band,2026-10-02,228.6699981689453,2026-01-09,-0.3877640218610331,True,20.0,True,20.0,True,19.0,True,20.0
EG,distance +5.74% outside band,2026-10-02,401.07000732421875,2026-07-28,-0.08178127935662827,True,11.0,True,11.0,False,0.0,False,0.0
EGP,growth -20.2% below threshold,2026-10-02,226.7100067138672,2026-07-17,-0.13642983114374552,True,3.0,True,43.0,True,33.0,True,2.0
EHC,distance +10.74% outside band,2026-10-02,127.5,2026-08-11,-0.06039213292738965,True,3.0,True,2.0,False,0.0,False,0.0
EIX,distance -20.96% outside band,2026-10-02,81.62000274658203,2026-07-28,-0.33974519019597593,True,25.0,True,26.0,True,25.0,True,24.0
EL,non-positive profit,2026-10-02,121.63999938964844,2026-02-03,-0.24391646101463427,True,8.0,True,3.0,False,0.0,True,2.0
ELAN,distance -6.99% outside band,2026-10-02,27.979999542236328,2026-08-05,-0.20872052352153547,True,18.0,True,21.0,True,18.0,True,18.0
ELF,distance +33.73% outside band,2026-10-02,110.04000091552734,2026-09-08,-0.04870956530131432,False,0.0,False,0.0,False,0.0,False,0.0
ELS,distance -8.50% outside band,2026-10-02,69.0,2026-03-13,-0.1557971014492754,True,27.0,True,27.0,True,26.0,True,25.0
ELV,distance +5.64% outside band,2026-10-02,436.239990234375,2026-07-14,-0.11418026470208009,True,9.0,True,6.0,True,6.0,False,0.0
EME,expected growth -8.1% below threshold,2026-10-02,951.9600219726562,2026-05-06,-0.1736943073286361,False,0.0,False,0.0,True,32.0,False,0.0
EMR,distance +11.74% outside band,2026-10-02,166.35000610351562,2026-08-12,-0.02849417084009287,False,0.0,False,0.0,False,0.0,False,0.0
ENS,distance +3.54% outside band,2026-10-02,244.3000030517578,2026-05-21,-0.19647973557262155,False,0.0,False,0.0,True,56.0,False,0.0
ENSG,distance -5.50% outside band,2026-10-02,218.0,2026-03-02,-0.21201835422340887,True,3.0,True,8.0,False,0.0,True,38.0
ENTG,distance +25.99% outside band,2026-10-02,186.94000244140625,2026-06-22,-0.10950037955155778,False,0.0,False,0.0,False,0.0,False,0.0
EOG,distance +7.09% outside band,2026-10-02,154.16000366210938,2026-09-15,-0.08290087231256371,True,13.0,True,11.0,False,0.0,False,0.0
EPR,growth 8.0% below threshold,2026-10-02,64.97000122070312,2026-07-29,-0.13113745263481258,True,20.0,True,28.0,True,16.0,True,3.0
EQH,distance +16.22% outside band,2026-10-02,55.060001373291016,2026-09-17,-0.04395208723726063,True,5.0,False,0.0,False,0.0,False,0.0
EQIX,distance +3.87% outside band,2026-10-02,1128.6800537109375,2026-04-24,-0.0912216732007397,True,6.0,True,8.0,True,8.0,False,0.0
EQT,distance -9.61% outside band,2026-10-02,68.23999786376953,2026-03-27,-0.2648007072171682,True,16.0,True,13.0,True,16.0,True,91.0
ERIE,distance -11.20% outside band,2026-10-02,292.69000244140625,2026-02-06,-0.2446274403166513,True,20.0,True,13.0,True,9.0,True,14.0
ES,distance -8.04% outside band,2026-10-02,76.56999969482422,2026-07-28,-0.1576335345818226,True,18.0,True,34.0,True,18.0,True,17.0
ESAB,distance -28.72% outside band,2026-10-02,137.4199981689453,2026-02-12,-0.4913403983607739,False,0.0,True,39.0,True,42.0,True,116.0
ESNT,distance -4.35% outside band,2026-10-02,70.37000274658203,2026-08-18,-0.14423761730451123,True,14.0,True,11.0,True,6.0,True,3.0
ESS,growth -41.2% below threshold,2026-10-02,303.3500061035156,2026-07-07,-0.11438935720736454,True,26.0,True,27.0,True,23.0,False,0.0
ETN,distance +12.08% outside band,2026-10-02,478.0,2026-08-12,-0.0876360139088651,False,0.0,False,0.0,False,0.0,False,0.0
ETR,distance -5.02% outside band,2026-10-02,118.44999694824219,2026-05-01,-0.14807930551317006,True,17.0,True,48.0,True,47.0,True,16.0
EVR,distance -19.44% outside band,2026-10-02,388.7099914550781,2026-01-16,-0.32679890296562464,True,18.0,True,55.0,True,47.0,True,47.0
EVRG,distance -2.37% outside band,2026-10-02,88.62000274658203,2026-07-07,-0.10663511943979476,True,18.0,True,47.0,True,31.0,True,11.0
EW,stale filing (2026-03-31),2026-10-02,96.29000091552734,2026-07-07,-0.11569217243461516,True,3.0,True,8.0,True,3.0,False,0.0
EWBC,distance +3.66% outside band,2026-10-02,137.47000122070312,2026-08-17,-0.08190879490975589,True,32.0,True,32.0,True,13.0,False,0.0
EXC,distance -10.76% outside band,2026-10-02,50.650001525878906,2026-03-17,-0.19585393257242234,True,46.0,True,46.0,True,46.0,True,46.0
EXE,distance -13.10% outside band,2026-10-02,114.80999755859375,2026-03-26,-0.25511716347332103,True,16.0,True,13.0,True,13.0,True,116.0
EXEL,distance +18.98% outside band,2026-10-02,61.13999938964844,2026-09-30,-0.04497873777319006,False,0.0,False,0.0,False,0.0,False,0.0
EXLS,distance +8.21% outside band,2026-10-02,43.189998626708984,2026-01-26,-0.17226207138863026,False,0.0,False,0.0,False,0.0,False,0.0
EXP,distance -17.33% outside band,2026-10-02,245.52999877929688,2026-06-25,-0.30208120611614375,True,37.0,True,41.0,True,34.0,True,37.0
EXPD,distance +18.28% outside band,2026-10-02,194.58999633789062,2026-09-15,-0.010894676792666647,False,0.0,False,0.0,False,0.0,False,0.0
EXPE,non-positive profit,2026-10-02,342.0,2026-08-26,-0.22514619883040932,True,24.0,True,19.0,True,8.0,False,0.0
EXPO,growth -0.6% below threshold,2026-10-02,81.94999694824219,2026-02-09,-0.17876747336228682,False,0.0,True,1.0,False,0.0,False,0.0
EXR,distance -6.00% outside band,2026-10-02,158.8800048828125,2026-07-29,-0.16131674279414077,True,35.0,True,31.0,True,27.0,True,24.0
F,distance -10.33% outside band,2026-10-02,17.780000686645508,2026-05-29,-0.31946007231833284,True,19.0,True,19.0,True,15.0,True,11.0
FAF,distance -7.06% outside band,2026-10-02,79.87000274658203,2026-07-29,-0.21760361174970655,True,14.0,True,14.0,True,11.0,True,7.0
FANG,expected growth -25.4% below threshold,2026-10-02,216.89999389648438,2026-08-20,-0.1484093503385706,True,13.0,True,13.0,True,11.0,False,0.0
FAST,distance +9.78% outside band,2026-10-02,52.91999816894531,2026-08-11,-0.04100525782366182,False,0.0,False,0.0,False,0.0,False,0.0
FBIN,distance -16.69% outside band,2026-10-02,64.83999633789062,2026-02-11,-0.40530531228982103,True,41.0,True,35.0,True,23.0,True,34.0
FCFS,distance +3.96% outside band,2026-10-02,238.92999267578125,2026-08-25,-0.11957474131009604,True,14.0,True,4.0,True,8.0,False,0.0
FCN,distance -16.00% outside band,2026-10-02,189.3000030517578,2026-04-28,-0.2794506513600514,True,20.0,True,28.0,True,45.0,True,46.0
FCX,distance +13.25% outside band,2026-10-02,80.23999786376953,2026-08-26,-0.10219338442859927,False,0.0,False,0.0,False,0.0,False,0.0
FDS,distance +6.79% outside band,2026-10-02,320.4800109863281,2026-09-03,-0.1699950359420459,True,19.0,True,9.0,False,0.0,False,0.0
FDX,distance -2.90% outside band,2026-10-02,345.3699951171875,2026-06-15,-0.15927848551800095,True,23.0,True,19.0,True,19.0,True,10.0
FDXF,insufficient price history,2026-10-02,200.0,2026-05-28,-0.43555000305175784,True,34.0,True,41.0,,,,
FE,distance -8.62% outside band,2026-10-02,52.34000015258789,2026-04-09,-0.17195261699965825,True,19.0,True,41.0,True,42.0,True,41.0
FERG,distance -6.08% outside band,2026-10-02,271.6400146484375,2026-02-12,-0.17784571569805974,False,0.0,True,29.0,True,29.0,True,29.0
FFIN,stale filing (2026-03-31),2026-10-02,36.52000045776367,2026-07-16,-0.11966042927460485,True,13.0,True,32.0,True,13.0,True,9.0
FFIV,distance +31.58% outside band,2026-10-02,462.0,2026-09-23,-0.017229418733935353,False,0.0,False,0.0,False,0.0,False,0.0
FHI,stale filing (2026-03-31),2026-10-02,67.19999694824219,2026-08-05,-0.16562496664978055,True,24.0,True,17.0,True,14.0,True,3.0
FHN,distance -4.05% outside band,2026-10-02,26.559999465942383,2026-02-06,-0.11822287096333817,True,32.0,True,32.0,True,19.0,True,13.0
FICO,distance -45.74% outside band,2026-10-02,1691.030029296875,2026-01-02,-0.6089661398414399,True,20.0,True,46.0,True,23.0,True,116.0
FIS,distance -30.66% outside band,2026-10-02,68.37000274658203,2026-01-08,-0.5255229293035134,True,19.0,True,20.0,True,35.0,True,116.0
FISV,distance -21.84% outside band,2026-10-02,70.41000366210938,2026-01-08,-0.36997587980209734,True,19.0,True,19.0,True,35.0,True,115.0
FITB,stale filing (2026-03-31),2026-10-02,59.5,2026-07-16,-0.14504203475823918,True,33.0,True,32.0,True,13.0,True,5.0
FIVE,distance +2.99% outside band,2026-10-02,263.8800048828125,2026-08-24,-0.1617780872043133,True,14.0,True,8.0,False,0.0,False,0.0
FIX,distance +11.06% outside band,2026-10-02,2073.989990234375,2026-05-14,-0.16681853919152811,False,0.0,False,0.0,True,33.0,False,0.0
FLEX,distance +17.06% outside band,2026-10-02,166.86000061035156,2026-06-03,-0.3011506641267663,False,0.0,False,0.0,True,33.0,False,0.0
FLG,distance -14.15% outside band,2026-10-02,15.4399995803833,2026-07-16,-0.24222797103374782,True,55.0,True,50.0,True,34.0,True,26.0
FLR,distance +2.24% outside band,2026-10-02,58.349998474121094,2026-09-03,-0.14481571840982754,True,9.0,True,7.0,True,7.0,False,0.0
FLS,distance -2.61% outside band,2026-10-02,92.41000366210938,2026-02-26,-0.19521697003161398,False,0.0,True,7.0,True,6.0,True,7.0
FN,distance -12.81% outside band,2026-10-02,748.8900146484375,2026-05-14,-0.38083030435506193,False,0.0,False,0.0,True,33.0,True,33.0
FNB,distance -2.40% outside band,2026-10-02,19.59000015258789,2026-07-02,-0.10923937585399857,True,32.0,True,32.0,True,19.0,True,9.0
FND,distance -19.53% outside band,2026-10-02,77.45999908447266,2026-01-16,-0.41272912191932165,True,8.0,True,31.0,True,25.0,True,35.0
FNF,distance -20.69% outside band,2026-10-02,58.40999984741211,2026-02-12,-0.3278548463603079,True,40.0,True,34.0,True,33.0,True,40.0
FOUR,distance -26.04% outside band,2026-10-02,68.56999969482422,2026-01-14,-0.47250986831088626,True,14.0,True,27.0,True,14.0,True,42.0
FOX,no consensus estimate,2026-10-02,68.17500305175781,2026-01-06,-0.1801980654519768,True,13.0,True,6.0,False,0.0,True,6.0
FR,distance -3.21% outside band,2026-10-02,69.87999725341797,2026-07-17,-0.14911274439747702,True,8.0,True,41.0,True,27.0,True,8.0
FRT,distance -5.15% outside band,2026-10-02,128.2100067138672,2026-07-28,-0.16784964624866006,True,21.0,True,43.0,True,33.0,True,12.0
FSLR,distance -22.13% outside band,2026-10-02,320.95001220703125,2026-06-03,-0.45595889088884645,True,34.0,True,39.0,True,37.0,True,37.0
FTI,distance +2.78% outside band,2026-10-02,80.69999694824219,2026-09-03,-0.14721186744328296,True,17.0,True,13.0,True,11.0,False,0.0
FTNT,distance +52.60% outside band,2026-10-02,183.08999633789062,2026-10-02,-0.011688237656081957,False,0.0,False,0.0,False,0.0,False,0.0
G,distance -8.93% outside band,2026-10-02,48.41999816894531,2026-01-09,-0.31247413931382084,True,1.0,True,11.0,False,0.0,True,20.0
GAP,distance -4.27% outside band,2026-10-02,29.360000610351562,2026-02-20,-0.23331063484564774,False,0.0,False,0.0,False,0.0,True,88.0
GATX,distance -4.79% outside band,2026-10-02,205.55999755859375,2026-04-17,-0.16798014783715054,True,4.0,True,4.0,True,4.0,True,4.0
GBCI,distance -8.08% outside band,2026-10-02,54.58000183105469,2026-07-16,-0.19549288431081746,True,34.0,True,41.0,True,32.0,True,31.0
GD,distance -7.07% outside band,2026-10-02,400.0,2026-07-29,-0.17477500915527344,True,31.0,True,24.0,True,20.0,True,11.0
GDDY,distance +4.06% outside band,2026-10-02,123.93000030517578,2026-01-02,-0.21560559311631988,True,6.0,False,0.0,False,0.0,False,0.0
GE,distance -4.41% outside band,2026-10-02,388.8399963378906,2026-08-06,-0.20388848761948053,True,5.0,True,32.0,True,18.0,True,5.0
GEF,distance +12.07% outside band,2026-10-02,90.56999969482422,2026-08-05,-0.0926355241020046,True,7.0,True,7.0,False,0.0,False,0.0
GEHC,distance -9.80% outside band,2026-10-02,89.7699966430664,2026-01-08,-0.2838364340019953,True,3.0,True,19.0,True,3.0,True,26.0
GEN,distance -10.61% outside band,2026-10-02,31.649999618530273,2026-09-03,-0.3052132689997388,True,11.0,True,9.0,True,8.0,True,7.0
GEV,distance +7.76% outside band,2026-10-02,1195.93994140625,2026-07-06,-0.1732862345541658,False,0.0,False,0.0,True,33.0,False,0.0
GGG,distance -4.68% outside band,2026-10-02,95.69000244140625,2026-02-12,-0.1848678230752303,False,0.0,True,24.0,False,0.0,True,31.0
GHC,only 1 analysts,2026-10-02,1262.3499755859375,2026-07-30,-0.08930961493625822,False,0.0,True,27.0,True,1.0,False,0.0
GILD,distance +5.88% outside band,2026-10-02,157.2899932861328,2026-02-11,-0.07978885071308095,True,3.0,False,0.0,False,0.0,False,0.0
GIS,distance -17.51% outside band,2026-10-02,49.59000015258789,2026-02-12,-0.3545069928808472,True,21.0,True,19.0,True,10.0,True,21.0
GL,distance +5.27% outside band,2026-10-02,191.5500030517578,2026-07-17,-0.13505617313400065,True,10.0,True,32.0,True,9.0,False,0.0
GLPI,distance -16.51% outside band,2026-10-02,49.95000076293945,2026-03-02,-0.24564565105807634,True,28.0,True,46.0,True,77.0,True,46.0
GLW,distance +9.09% outside band,2026-10-02,271.7799987792969,2026-06-30,-0.3958716492057266,False,0.0,False,0.0,True,56.0,False,0.0
GM,distance -2.98% outside band,2026-10-02,91.8499984741211,2026-07-29,-0.14784977742684313,True,11.0,True,11.0,True,5.0,True,5.0
GME,distance +10.94% outside band,2026-10-02,26.8799991607666,2026-05-01,-0.08110113340364311,False,0.0,False,0.0,False,0.0,False,0.0
GMED,distance -10.68% outside band,2026-10-02,101.4000015258789,2026-01-08,-0.2544378960899053,False,0.0,True,23.0,True,28.0,True,29.0
GNRC,expected growth 1.3% below threshold,2026-10-02,296.44000244140625,2026-06-25,-0.2686546981977911,False,0.0,False,0.0,True,63.0,False,0.0
GNTX,distance -5.58% outside band,2026-10-02,26.479999542236328,2026-06-15,-0.1661631304604878,True,5.0,True,54.0,True,26.0,True,26.0
GOOG,expected growth -66.7% below threshold,2026-10-02,404.4700012207031,2026-05-18,-0.1585284320806768,False,0.0,True,8.0,True,38.0,False,0.0
GOOGL,expected growth -66.8% below threshold,2026-10-02,408.6099853515625,2026-05-18,-0.1593450666545575,False,0.0,True,2.0,True,38.0,False,0.0
GPC,distance +6.11% outside band,2026-10-02,151.57000732421875,2026-02-12,-0.1605199464588376,True,19.0,True,11.0,False,0.0,False,0.0
GPK,distance -22.68% outside band,2026-10-02,16.110000610351562,2026-01-09,-0.4549969335612838,True,29.0,True,23.0,True,20.0,True,116.0
GPN,distance +2.48% outside band,2026-10-02,95.87999725341797,2026-08-24,-0.1825198216656827,True,19.0,True,13.0,True,1.0,False,0.0
GRMN,distance +14.14% outside band,2026-10-02,314.2799987792969,2026-08-10,-0.10538371912253319,True,1.0,True,2.0,False,0.0,False,0.0
GS,distance -5.95% outside band,2026-10-02,1153.989990234375,2026-07-15,-0.21787883326848956,True,18.0,True,27.0,True,15.0,True,9.0
GWW,distance +6.11% outside band,2026-10-02,1419.9100341796875,2026-07-17,-0.09832312047306446,False,0.0,True,43.0,True,19.0,False,0.0
GXO,distance -11.25% outside band,2026-10-02,66.8499984741211,2026-02-12,-0.30351529639428076,False,0.0,True,42.0,True,42.0,True,51.0
H,distance -6.20% outside band,2026-10-02,206.86000061035156,2026-06-18,-0.23184765818601283,True,1.0,True,48.0,True,28.0,True,24.0
HAE,distance +39.53% outside band,2026-10-02,110.44999694824219,2026-09-18,-0.05224080400627151,True,2.0,False,0.0,False,0.0,False,0.0
HAL,distance -10.10% outside band,2026-10-02,43.59000015258789,2026-05-20,-0.26932782128979127,True,15.0,True,12.0,True,17.0,True,13.0
HALO,distance +40.26% outside band,2026-10-02,116.8499984741211,2026-09-23,-0.059820264912691545,True,3.0,False,0.0,False,0.0,False,0.0
HAS,growth -18.9% below threshold,2026-10-02,106.9800033569336,2026-02-12,-0.16302114314970184,False,0.0,True,14.0,False,0.0,True,13.0
HBAN,distance -9.40% outside band,2026-10-02,19.459999084472656,2026-02-06,-0.21223018268597826,True,32.0,True,32.0,True,19.0,True,19.0
HCA,distance -4.32% outside band,2026-10-02,556.52001953125,2026-03-12,-0.23328903279921176,False,0.0,False,0.0,False,0.0,True,112.0
HD,distance -16.58% outside band,2026-10-02,397.6300048828125,2026-02-12,-0.28866030573604284,True,31.0,True,31.0,True,26.0,True,37.0
HGV,distance -23.60% outside band,2026-10-02,55.400001525878906,2026-06-25,-0.3707581290576776,True,46.0,True,46.0,True,46.0,True,34.0
HIG,distance -7.25% outside band,2026-10-02,146.07000732421875,2026-07-30,-0.1370575975122963,True,19.0,True,20.0,True,13.0,True,14.0
HII,distance -21.96% outside band,2026-10-02,460.0,2026-03-02,-0.41621737272843073,True,32.0,True,25.0,True,34.0,True,105.0
HIMS,distance +5.30% outside band,2026-10-02,39.04999923706055,2026-07-06,-0.25736234144462056,False,0.0,True,2.0,True,2.0,False,0.0
HL,distance -10.34% outside band,2026-10-02,34.16999816894531,2026-01-26,-0.4966344253839816,True,17.0,True,5.0,True,5.0,True,15.0
HLI,distance -15.47% outside band,2026-10-02,195.05999755859375,2026-01-21,-0.3521480348187641,True,13.0,True,13.0,True,47.0,True,116.0
HLNE,distance -15.64% outside band,2026-10-02,155.66000366210938,2026-01-16,-0.44083259111014306,True,23.0,True,14.0,True,13.0,True,23.0
HOG,distance +5.43% outside band,2026-10-02,28.860000610351562,2026-09-04,-0.14934169376784756,True,15.0,True,12.0,True,7.0,False,0.0
HOMB,growth 0.9% below threshold,2026-10-02,31.700000762939453,2026-07-29,-0.09558361557479489,True,13.0,True,19.0,True,5.0,False,0.0
HON,distance -7.14% outside band,2026-10-02,260.2831726074219,2026-03-02,-0.17785693424015758,False,0.0,True,34.0,True,35.0,True,33.0
HONA,insufficient price history,2026-10-02,297.5,2026-06-16,-0.480235277704832,True,7.0,True,28.0,,,,
HOOD,distance +19.52% outside band,2026-10-02,126.73999786376953,2026-09-23,-0.11046236575645474,True,3.0,False,0.0,False,0.0,False,0.0
HPE,distance +87.87% outside band,2026-10-02,70.29000091552734,2026-10-02,-0.013657690595656136,False,0.0,False,0.0,False,0.0,False,0.0
HPQ,distance +35.94% outside band,2026-10-02,36.22999954223633,2026-09-11,-0.11344191725865727,True,9.0,False,0.0,False,0.0,False,0.0
HQY,growth -5.4% below threshold,2026-10-02,107.62000274658203,2026-08-10,-0.16335254954835077,True,26.0,True,26.0,True,9.0,False,0.0
HR,distance -7.01% outside band,2026-10-02,22.040000915527344,2026-07-28,-0.20735033631297406,True,45.0,True,44.0,True,38.0,True,14.0
HRB,distance +7.40% outside band,2026-10-02,58.66999816894531,2026-08-12,-0.2895857916144018,True,23.0,True,18.0,True,6.0,False,0.0
HRL,distance -12.58% outside band,2026-10-02,26.600000381469727,2026-06-26,-0.2387218154287436,True,41.0,True,39.0,True,26.0,True,26.0
HSIC,distance +5.75% outside band,2026-10-02,92.18000030517578,2026-08-04,-0.07919291633315306,True,19.0,True,14.0,False,0.0,False,0.0
HST,distance +5.56% outside band,2026-10-02,25.709999084472656,2026-07-30,-0.12252040959552934,False,0.0,True,41.0,True,27.0,False,0.0
HSY,distance -16.11% outside band,2026-10-02,239.47999572753906,2026-03-02,-0.33109234466641024,True,26.0,True,24.0,True,26.0,True,87.0
HUBB,distance -2.52% outside band,2026-10-02,565.4998779296875,2026-04-23,-0.15911566461417248,False,0.0,False,0.0,True,33.0,True,33.0
HUBS,distance -12.92% outside band,2026-10-02,405.1050109863281,2026-01-07,-0.4704336086661317,True,14.0,True,12.0,True,1.0,True,116.0
HUM,distance +32.43% outside band,2026-10-02,428.8800048828125,2026-07-16,-0.09447868650887958,True,5.0,False,0.0,False,0.0,False,0.0
HWC,distance +4.12% outside band,2026-10-02,80.12999725341797,2026-08-14,-0.08785724643497417,True,10.0,True,30.0,True,5.0,False,0.0
HWM,distance -6.93% outside band,2026-10-02,310.0,2026-08-06,-0.2539677281533518,False,0.0,True,31.0,True,25.0,True,19.0
HXL,distance -3.84% outside band,2026-10-02,111.73999786376953,2026-07-27,-0.22668690429493132,True,46.0,True,32.0,True,31.0,True,12.0
IBKR,distance +8.63% outside band,2026-10-02,98.75,2026-08-25,-0.10582275390624996,True,9.0,True,7.0,True,7.0,False,0.0
IBM,distance -12.86% outside band,2026-10-02,332.4599914550781,2026-06-02,-0.3303254373098561,True,11.0,True,7.0,True,13.0,True,58.0
IBOC,distance -2.38% outside band,2026-10-02,78.45999908447266,2026-06-26,-0.10986493559987742,True,13.0,True,41.0,True,34.0,True,14.0
ICE,distance -3.13% outside band,2026-10-02,176.0500030517578,2026-01-29,-0.14711734567626766,True,19.0,True,5.0,False,0.0,True,6.0
IDA,distance -5.02% outside band,2026-10-02,154.91000366210938,2026-07-06,-0.1427926528503921,False,0.0,True,47.0,True,42.0,True,30.0
IDCC,distance +5.60% outside band,2026-10-02,387.29998779296875,2026-04-17,-0.1347017416846492,False,0.0,False,0.0,False,0.0,False,0.0
IDXX,distance -11.83% outside band,2026-10-02,726.4099731445312,2026-01-13,-0.2863671565460525,False,0.0,True,31.0,True,31.0,True,116.0
IESC,distance +16.90% outside band,2026-10-02,408.2550048828125,2026-08-12,-0.16880383025482704,False,0.0,False,0.0,False,0.0,False,0.0
IEX,distance +10.47% outside band,2026-10-02,243.8000030517578,2026-07-29,-0.044339612072518464,False,0.0,False,0.0,False,0.0,False,0.0
IFF,distance +7.95% outside band,2026-10-02,89.31999969482422,2026-08-05,-0.07725035321824725,True,3.0,True,3.0,False,0.0,False,0.0
ILMN,distance +67.81% outside band,2026-10-02,280.1700134277344,2026-09-30,-0.025448850844459026,False,0.0,False,0.0,False,0.0,False,0.0
INCY,distance +7.90% outside band,2026-10-02,132.60000610351562,2026-07-28,-0.13046758865344532,True,8.0,True,4.0,False,0.0,False,0.0
INGR,distance -11.09% outside band,2026-10-02,123.48999786376953,2026-02-04,-0.2280346304951767,True,24.0,True,21.0,True,22.0,True,116.0
INTC,distance +47.00% outside band,2026-10-02,142.35000610351562,2026-06-30,-0.1617141080817447,False,0.0,False,0.0,False,0.0,False,0.0
INTU,distance -28.61% outside band,2026-10-02,661.989990234375,2026-01-02,-0.5754014551296307,True,23.0,True,13.0,True,13.0,True,116.0
INVH,distance -6.50% outside band,2026-10-02,30.89299964904785,2026-08-06,-0.1570905638381439,True,27.0,True,27.0,True,24.0,True,17.0
IP,distance -15.90% outside band,2026-10-02,50.25,2026-02-12,-0.3637811081919504,True,26.0,True,25.0,True,19.0,True,24.0
IPGP,distance -17.01% outside band,2026-10-02,155.82000732421875,2026-02-13,-0.46059556474751806,False,0.0,False,0.0,True,72.0,True,52.0
IQV,distance +25.45% outside band,2026-10-02,277.3999938964844,2026-09-23,-0.06917809251490925,True,2.0,False,0.0,False,0.0,False,0.0
IR,distance -6.73% outside band,2026-10-02,100.95999908447266,2026-02-13,-0.2465332766972701,False,0.0,True,33.0,True,26.0,True,33.0
IRM,growth -29.4% below threshold,2026-10-02,134.67999267578125,2026-06-24,-0.158078366824572,True,8.0,True,32.0,True,30.0,False,0.0
IRT,distance -11.08% outside band,2026-10-02,17.700000762939453,2026-07-07,-0.18022601110486347,True,28.0,True,28.0,True,26.0,True,26.0
ISRG,distance -12.36% outside band,2026-10-02,603.8800048828125,2026-01-07,-0.35094719308831546,False,0.0,False,0.0,True,1.0,True,116.0
IT,distance +6.77% outside band,2026-10-02,252.6300048828125,2026-01-09,-0.2684954301549375,False,0.0,False,0.0,False,0.0,False,0.0
ITT,distance +4.64% outside band,2026-10-02,230.32000732421875,2026-08-06,-0.10485415242835483,False,0.0,False,0.0,False,0.0,False,0.0
ITW,distance -2.15% outside band,2026-10-02,303.1600036621094,2026-02-12,-0.1327351555227746,True,4.0,True,24.0,True,4.0,True,4.0
IVZ,distance +10.20% outside band,2026-10-02,33.65999984741211,2026-08-28,-0.08912656011882458,True,19.0,True,9.0,False,0.0,False,0.0
J,distance +3.72% outside band,2026-10-02,153.3000030517578,2026-08-26,-0.09941294970502168,True,23.0,True,8.0,False,0.0,False,0.0
JAZZ,distance +11.21% outside band,2026-10-02,266.3800048828125,2026-08-25,-0.11528645600625065,True,27.0,True,23.0,True,8.0,False,0.0
JBHT,distance -3.79% outside band,2026-10-02,299.760009765625,2026-07-16,-0.2187083356070163,True,13.0,True,14.0,True,13.0,True,13.0
JCI,distance +13.52% outside band,2026-10-02,157.05999755859375,2026-08-05,-0.005220884236444623,False,0.0,False,0.0,False,0.0,False,0.0
JEF,distance -12.67% outside band,2026-10-02,66.5999984741211,2026-01-05,-0.3097597256167237,True,16.0,True,17.0,True,16.0,True,16.0
JKHY,distance -9.59% outside band,2026-10-02,193.38999938964844,2026-01-15,-0.2629402050985138,True,19.0,True,12.0,True,4.0,True,14.0
JLL,distance -6.35% outside band,2026-10-02,393.8399963378906,2026-08-19,-0.22097806111248908,True,24.0,True,18.0,True,8.0,True,8.0
JNJ,distance +5.93% outside band,2026-10-02,281.07000732421875,2026-09-02,-0.08908815559263084,True,4.0,True,3.0,False,0.0,False,0.0
JPM,distance +3.30% outside band,2026-10-02,366.5,2026-08-13,-0.09309684888727832,True,19.0,True,13.0,True,4.0,False,0.0
KBH,distance -16.91% outside band,2026-10-02,67.56999969482422,2026-02-13,-0.32292437166453924,True,27.0,True,27.0,True,24.0,True,27.0
KBR,distance -9.04% outside band,2026-10-02,45.369998931884766,2026-01-15,-0.245316233534141,True,24.0,True,13.0,True,9.0,True,29.0
KD,distance -22.39% outside band,2026-10-02,27.739999771118164,2026-01-09,-0.5832732330570336,True,13.0,True,11.0,True,11.0,True,116.0
KDP,distance +3.21% outside band,2026-10-02,33.81999969482422,2026-06-29,-0.10201061167125924,True,5.0,True,4.0,True,3.0,False,0.0
KEX,distance +2.43% outside band,2026-10-02,157.69000244140625,2026-04-30,-0.1256896887396738,False,0.0,False,0.0,True,20.0,False,0.0
KEY,distance -7.07% outside band,2026-10-02,24.06999969482422,2026-07-17,-0.16576650692588646,True,32.0,True,33.0,True,32.0,True,13.0
KEYS,distance +27.14% outside band,2026-10-02,387.92999267578125,2026-10-02,-0.008480855023997647,False,0.0,False,0.0,False,0.0,False,0.0
KHC,distance -7.33% outside band,2026-10-02,28.09000015258789,2026-07-29,-0.2100391451221375,True,20.0,True,20.0,True,11.0,True,8.0
KIM,distance -4.43% outside band,2026-10-02,26.649999618530273,2026-07-28,-0.16547842065805318,True,46.0,True,43.0,True,33.0,True,14.0
KKR,distance -12.32% outside band,2026-10-02,137.27999877929688,2026-01-07,-0.3422931110256978,True,20.0,True,17.0,True,9.0,True,18.0
KLAC,insufficient price history,,,,,,,,,,,,
KMB,distance -8.04% outside band,2026-10-02,116.81999969482422,2026-07-07,-0.1922615917064393,True,21.0,True,24.0,True,19.0,True,19.0
KMI,growth -11.1% below threshold,2026-10-02,34.810001373291016,2026-05-19,-0.10744043467164066,True,9.0,True,10.0,True,22.0,True,7.0
KNF,distance -34.17% outside band,2026-10-02,96.27999877929688,2026-06-25,-0.47725381731229133,True,63.0,True,54.0,True,55.0,True,43.0
KNSL,insufficient price history,,,,,,,,,,,,
KNX,distance +2.54% outside band,2026-10-02,82.86000061035156,2026-06-12,-0.19430362485551012,True,18.0,True,51.0,True,19.0,False,0.0
KO,distance +7.05% outside band,2026-10-02,92.48999786376953,2026-08-24,-0.07395390308004335,True,14.0,True,5.0,False,0.0,False,0.0
KR,distance -7.05% outside band,2026-10-02,76.58000183105469,2026-03-12,-0.2291721419708943,True,1.0,False,0.0,True,3.0,True,91.0
KRC,distance -3.52% outside band,2026-10-02,40.849998474121094,2026-07-17,-0.17674412914800486,True,19.0,True,41.0,True,19.0,True,18.0
KRG,distance -6.34% outside band,2026-10-02,29.920000076293945,2026-07-20,-0.18482622568664386,True,47.0,True,44.0,True,41.0,True,14.0
KRYS,distance +6.94% outside band,2026-10-02,382.5350036621094,2026-06-30,-0.15751500988399836,True,8.0,True,5.0,True,4.0,False,0.0
KTOS,distance -37.53% outside band,2026-10-02,134.0,2026-01-20,-0.67858209182967,True,29.0,True,25.0,True,31.0,True,116.0
KVUE,distance -4.63% outside band,2026-10-02,20.1299991607666,2026-07-07,-0.1455538261291992,True,21.0,True,24.0,True,19.0,True,18.0
L,distance -2.72% outside band,2026-10-02,121.01000213623047,2026-07-28,-0.12379144775214057,True,40.0,True,36.0,True,26.0,True,13.0
LAD,expected growth -12.7% below threshold,2026-10-02,439.489990234375,2026-07-29,-0.2997110381295791,True,19.0,True,14.0,True,12.0,True,5.0
LAMR,only 1 analysts,2026-10-02,166.3300018310547,2026-07-29,-0.1335297689494792,True,39.0,True,39.0,True,20.0,False,0.0
LDOS,distance -20.03% outside band,2026-10-02,205.0,2026-01-08,-0.42565854700600225,True,23.0,True,9.0,True,5.0,True,116.0
LEA,distance -5.99% outside band,2026-10-02,150.3300018310547,2026-06-02,-0.19610192907510304,True,14.0,True,19.0,True,19.0,True,14.0
LECO,distance +3.88% outside band,2026-10-02,310.0,2026-02-12,-0.11490321005544357,False,0.0,False,0.0,False,0.0,False,0.0
LEN,distance -15.34% outside band,2026-10-02,124.16000366210938,2026-02-13,-0.35720042522075224,True,1.0,True,26.0,True,28.0,True,116.0
LFUS,distance +18.05% outside band,2026-10-02,500.57000732421875,2026-06-03,-0.0879797189215078,False,0.0,False,0.0,False,0.0,False,0.0
LH,distance +10.04% outside band,2026-10-02,341.79998779296875,2026-08-27,-0.09745464818088267,True,20.0,True,9.0,False,0.0,False,0.0
LHX,distance -23.83% outside band,2026-10-02,379.2300109863281,2026-03-02,-0.37610421314455134,True,34.0,True,47.0,True,114.0,True,87.0
LII,distance -26.77% outside band,2026-10-02,587.27001953125,2026-07-01,-0.39329443706770184,True,5.0,True,47.0,True,47.0,True,47.0
LIN,growth 3.8% below threshold,2026-10-02,548.2000122070312,2026-07-07,-0.12535570903043058,False,0.0,True,55.0,True,45.0,True,20.0
LITE,distance +45.61% outside band,2026-10-02,1091.6099853515625,2026-10-02,-0.0056704697550531424,False,0.0,False,0.0,False,0.0,False,0.0
LIVN,distance +5.21% outside band,2026-10-02,85.76000213623047,2026-08-04,-0.12465021193009174,True,14.0,True,14.0,True,8.0,False,0.0
LLY,distance +6.43% outside band,2026-10-02,1292.6500244140625,2026-08-19,-0.11588600626532841,True,2.0,True,3.0,True,1.0,False,0.0
LMT,distance -10.21% outside band,2026-10-02,692.0,2026-03-02,-0.26963872303163383,True,31.0,True,23.0,True,22.0,True,23.0
LNT,distance -8.49% outside band,2026-10-02,78.80999755859375,2026-07-07,-0.18373298028303398,True,57.0,True,49.0,True,47.0,True,34.0
LNTH,distance +13.50% outside band,2026-10-02,111.86000061035156,2026-06-30,-0.10638299178390742,True,11.0,True,48.0,True,10.0,False,0.0
LOPE,growth -39.1% below threshold,2026-10-02,182.16000366210938,2026-01-22,-0.1447628999003019,False,0.0,False,0.0,False,0.0,True,116.0
LOW,distance -21.94% outside band,2026-10-02,293.05999755859375,2026-02-12,-0.38306147356188025,True,28.0,True,28.0,True,146.0,True,114.0
LPX,distance -15.10% outside band,2026-10-02,100.33999633789062,2026-02-10,-0.3512058914682471,True,7.0,True,31.0,True,31.0,True,68.0
LRCX,distance +26.33% outside band,2026-10-02,438.5,2026-06-30,-0.20754848293187,False,0.0,False,0.0,False,0.0,False,0.0
LSCC,distance +19.19% outside band,2026-10-02,157.00999450683594,2026-06-22,-0.14655114522556156,False,0.0,False,0.0,False,0.0,False,0.0
LULU,distance -34.83% outside band,2026-10-02,217.22000122070312,2026-01-08,-0.5651413380276249,True,20.0,True,20.0,True,150.0,True,116.0
LUV,distance -2.41% outside band,2026-10-02,55.11000061035156,2026-02-17,-0.22935944927705565,False,0.0,False,0.0,True,34.0,True,33.0
LVS,distance -29.95% outside band,2026-10-02,65.62000274658203,2026-01-02,-0.44788177345628877,True,27.0,True,27.0,True,171.0,True,114.0
LYB,distance -5.57% outside band,2026-10-02,83.94000244140625,2026-03-31,-0.3021205607904758,True,12.0,True,11.0,True,11.0,True,10.0
LYV,distance +3.04% outside band,2026-10-02,189.25,2026-08-14,-0.10821662207418259,True,27.0,True,24.0,True,19.0,False,0.0
M,distance +5.31% outside band,2026-10-02,26.59000015258789,2026-08-04,-0.14516737827005555,False,0.0,True,3.0,True,3.0,False,0.0
MA,distance +3.78% outside band,2026-10-02,601.22998046875,2026-08-25,-0.08144964871004179,True,20.0,True,9.0,False,0.0,False,0.0
MAA,distance -12.05% outside band,2026-10-02,144.41000366210938,2026-07-07,-0.2017866233645751,True,28.0,True,46.0,True,28.0,True,28.0
MANH,distance +26.63% outside band,2026-10-02,227.02999877929688,2026-08-27,-0.10077965469688821,True,19.0,False,0.0,False,0.0,False,0.0
MAR,distance +2.74% outside band,2026-10-02,410.9800109863281,2026-06-15,-0.1265755465975218,False,0.0,False,0.0,True,44.0,False,0.0
MAS,distance -2.51% outside band,2026-10-02,83.63999938964844,2026-07-28,-0.18268769596844325,True,39.0,True,37.0,True,24.0,True,8.0
MAT,distance -3.89% outside band,2026-10-02,22.479999542236328,2026-02-10,-0.32072950317130655,False,0.0,False,0.0,False,0.0,True,116.0
MCD,distance -19.99% outside band,2026-10-02,341.75,2026-03-02,-0.3214630595767419,True,28.0,True,28.0,True,137.0,True,116.0
MCHP,distance +3.08% outside band,2026-10-02,105.91000366210938,2026-05-08,-0.23217829399511702,False,0.0,False,0.0,True,39.0,False,0.0
MCK,distance +6.47% outside band,2026-10-02,999.0,2026-03-03,-0.09681678749061562,False,0.0,False,0.0,False,0.0,False,0.0
MCO,distance -6.34% outside band,2026-10-02,546.8800048828125,2026-01-15,-0.19294912702807854,True,20.0,True,19.0,True,7.0,True,7.0
MDLZ,distance -2.37% outside band,2026-10-02,66.6500015258789,2026-07-29,-0.12693177352569252,True,26.0,True,11.0,True,11.0,True,4.0
MDT,distance -2.56% outside band,2026-10-02,105.5,2026-02-04,-0.1812322535221046,True,11.0,True,7.0,False,0.0,True,4.0
MEDP,distance +14.44% outside band,2026-10-02,677.9000244140625,2026-07-23,-0.11569560537887269,True,2.0,True,2.0,False,0.0,False,0.0
MET,distance +12.76% outside band,2026-10-02,100.93000030517578,2026-08-06,-0.06440106985382299,True,5.0,True,5.0,False,0.0,False,0.0
META,distance +15.87% outside band,2026-10-02,779.8200073242188,2026-09-24,-0.0663486314129198,False,0.0,False,0.0,False,0.0,False,0.0
MGM,distance -23.32% outside band,2026-10-02,51.59000015258789,2026-06-01,-0.40918783771883027,True,66.0,True,46.0,True,26.0,True,14.0
MIDD,distance -13.89% outside band,2026-10-02,148.5500030517578,2026-07-07,-0.2960619485252388,True,7.0,True,39.0,True,38.0,True,37.0
MKC,distance -19.52% outside band,2026-10-02,72.41000366210938,2026-02-13,-0.383096313910005,True,23.0,True,21.0,True,15.0,True,116.0
MKSI,distance +2.61% outside band,2026-10-02,447.6199951171875,2026-06-30,-0.37636835498511956,False,0.0,False,0.0,True,33.0,False,0.0
MLI,growth 4.5% below threshold,2026-10-02,71.12000274658203,2026-08-06,-0.12035996966693596,False,0.0,True,17.0,True,32.0,False,0.0
MLM,distance -18.18% outside band,2026-10-02,710.969970703125,2026-02-10,-0.3216731945278598,True,47.0,True,47.0,True,63.0,True,69.0
MMS,distance -22.34% outside band,2026-10-02,100.0,2026-01-23,-0.4734999847412109,True,13.0,True,14.0,True,41.0,True,116.0
MNST,growth 2.6% below threshold,2026-10-02,50.16999816894531,2026-07-17,-0.14411002204723256,True,26.0,True,26.0,True,22.0,False,0.0
MO,growth 5.2% below threshold,2026-10-02,77.05999755859375,2026-07-28,-0.12600570194788174,True,4.0,True,4.0,True,14.0,True,2.0
MOG-A,distance +14.63% outside band,2026-10-02,448.8500061035156,2026-08-17,-0.1250306212633645,False,0.0,False,0.0,False,0.0,False,0.0
MOH,distance +4.32% outside band,2026-10-02,244.88999938964844,2026-07-14,-0.22601987113180289,True,11.0,True,14.0,True,11.0,False,0.0
MORN,growth 0.7% below threshold,2026-10-02,221.22000122070312,2026-01-14,-0.17028296700605894,True,20.0,True,7.0,True,1.0,True,1.0
MOS,distance -13.97% outside band,2026-10-02,32.25,2026-03-12,-0.34666667612948154,True,11.0,True,6.0,True,5.0,True,8.0
MP,distance -17.19% outside band,2026-10-02,76.80000305175781,2026-05-08,-0.38841146674110627,True,24.0,True,8.0,True,25.0,True,25.0
MPC,distance +61.37% outside band,2026-10-02,431.0799865722656,2026-09-21,-0.02029785717860777,False,0.0,False,0.0,False,0.0,False,0.0
MPWR,distance +12.19% outside band,2026-10-02,1714.0899658203125,2026-05-26,-0.16006160167926886,False,0.0,False,0.0,False,0.0,False,0.0
MRK,distance +17.45% outside band,2026-10-02,156.9199981689453,2026-08-25,-0.08042311537373581,True,3.0,False,0.0,False,0.0,False,0.0
MRNA,distance +177.85% outside band,2026-10-02,208.9029998779297,2026-09-29,-0.09043912907968621,False,0.0,False,0.0,False,0.0,False,0.0
MRSH,distance -4.00% outside band,2026-10-02,198.49000549316406,2026-07-29,-0.1432314330584742,True,24.0,True,19.0,True,12.0,True,13.0
MRVL,distance +63.13% outside band,2026-10-02,329.8800048828125,2026-06-18,-0.17457862096961307,False,0.0,False,0.0,False,0.0,False,0.0
MS,growth 0.5% below threshold,2026-10-02,232.25,2026-07-15,-0.1805812806949677,True,17.0,True,18.0,True,15.0,True,5.0
MSA,distance +2.67% outside band,2026-10-02,208.9199981689453,2026-02-12,-0.1325387836688302,True,25.0,True,17.0,False,0.0,False,0.0
MSCI,distance -6.43% outside band,2026-10-02,644.77001953125,2026-07-17,-0.16877336729045078,True,19.0,True,53.0,True,46.0,True,20.0
MSFT,distance +19.57% outside band,2026-10-02,522.8499755859375,2026-10-01,-0.010174900138611775,False,0.0,False,0.0,False,0.0,False,0.0
MSI,distance +3.81% outside band,2026-10-02,494.8500061035156,2026-09-01,-0.09586743832732714,True,21.0,True,7.0,False,0.0,False,0.0
MSM,distance +23.54% outside band,2026-10-02,132.3300018310547,2026-10-02,-0.0167007230657239,False,0.0,False,0.0,False,0.0,False,0.0
MTB,distance -2.13% outside band,2026-10-02,255.9499969482422,2026-08-17,-0.14381714396362122,True,32.0,True,31.0,True,13.0,True,8.0
MTD,distance +12.71% outside band,2026-10-02,1554.8299560546875,2026-09-30,-0.04414631605285535,False,0.0,False,0.0,False,0.0,False,0.0
MTDR,non-positive profit,2026-10-02,66.83999633789062,2026-03-30,-0.19958104531385756,True,13.0,True,10.0,True,10.0,False,0.0
MTG,distance -3.27% outside band,2026-10-02,31.889999389648438,2026-07-30,-0.15490745441382847,True,19.0,True,14.0,True,5.0,True,3.0
MTN,distance +2.68% outside band,2026-10-02,160.49000549316406,2026-07-29,-0.12044364863504242,False,0.0,True,26.0,False,0.0,False,0.0
MTSI,distance +17.68% outside band,2026-10-02,418.8999938964844,2026-05-27,-0.23227498021165605,False,0.0,False,0.0,False,0.0,False,0.0
MTZ,distance -29.27% outside band,2026-10-02,441.42999267578125,2026-05-06,-0.5108397792209463,True,33.0,True,65.0,True,57.0,True,33.0
MU,distance +57.70% outside band,2026-10-02,1255.0,2026-06-25,-0.14351393255104583,False,0.0,False,0.0,False,0.0,False,0.0
MUR,distance +4.82% outside band,2026-10-02,43.34000015258789,2026-04-07,-0.13105676707840574,False,0.0,False,0.0,False,0.0,False,0.0
MUSA,expected growth -24.7% below threshold,2026-10-02,636.0499877929688,2026-06-11,-0.19028373647436247,True,4.0,True,33.0,True,28.0,False,0.0
MZTI,distance -23.98% outside band,2026-10-02,176.25999450683594,2026-02-02,-0.43532280789083555,True,24.0,True,23.0,True,27.0,True,116.0
NBIX,distance -2.78% outside band,2026-10-02,186.1199951171875,2026-07-30,-0.23071138817927517,True,14.0,True,45.0,True,20.0,True,11.0
NCLH,distance -22.12% outside band,2026-10-02,25.1299991607666,2026-01-08,-0.3975327955060345,False,0.0,True,41.0,True,34.0,True,41.0
NDAQ,growth -2.3% below threshold,2026-10-02,101.79000091552734,2026-01-16,-0.11258472326749447,True,7.0,True,7.0,True,1.0,True,1.0
NDSN,distance +16.15% outside band,2026-10-02,339.1199951171875,2026-08-26,-0.016454313082710947,False,0.0,False,0.0,False,0.0,False,0.0
NEE,distance -12.10% outside band,2026-10-02,98.75,2026-05-01,-0.22197466500197782,True,47.0,True,45.0,True,96.0,True,45.0
NEM,distance +3.64% outside band,2026-10-02,135.2899932861328,2026-08-25,-0.14583484889241527,True,8.0,True,3.0,False,0.0,False,0.0
NEU,distance +23.94% outside band,2026-10-02,981.6599731445312,2026-08-17,-0.058676096776594355,False,0.0,False,0.0,False,0.0,False,0.0
NFG,distance -8.46% outside band,2026-10-02,97.05999755859375,2026-03-16,-0.21254891584933255,True,18.0,True,16.0,True,10.0,True,18.0
NFLX,distance -20.23% outside band,2026-10-02,108.94999694824219,2026-04-16,-0.38448830255175415,True,14.0,True,12.0,True,14.0,True,116.0
NI,distance -12.08% outside band,2026-10-02,49.209999084472656,2026-06-29,-0.19874007236839764,True,15.0,True,62.0,True,58.0,True,47.0
NJR,distance -4.30% outside band,2026-10-02,60.86000061035156,2026-07-28,-0.15231679863287673,True,45.0,True,42.0,True,42.0,True,17.0
NKE,distance -30.47% outside band,2026-10-02,68.48999786376953,2026-02-20,-0.5054752520323609,True,46.0,True,54.0,True,155.0,True,116.0
NLY,distance -17.48% outside band,2026-10-02,24.520000457763672,2026-01-28,-0.2455138803171426,True,27.0,True,23.0,True,17.0,True,17.0
NNN,distance -7.37% outside band,2026-10-02,50.0,2026-07-17,-0.18099998474121093,True,46.0,True,39.0,True,27.0,True,17.0
NOC,distance -20.11% outside band,2026-10-02,774.0,2026-03-03,-0.38242894056847543,True,30.0,True,24.0,True,31.0,True,115.0
NOV,distance -3.01% outside band,2026-10-02,21.93000030517578,2026-09-09,-0.14272690490462558,True,13.0,True,11.0,True,7.0,True,4.0
NOVT,distance +6.34% outside band,2026-10-02,176.3800048828125,2026-08-06,-0.15370223301877983,False,0.0,False,0.0,True,32.0,False,0.0
NOW,distance +16.08% outside band,2026-10-02,153.1999969482422,2026-01-02,-0.12284590365747805,True,1.0,False,0.0,False,0.0,False,0.0
NRG,distance -32.39% outside band,2026-10-02,189.9600067138672,2026-02-25,-0.4986839335061902,True,18.0,True,43.0,True,110.0,True,110.0
NSC,expected growth 9.4% below threshold,2026-10-02,358.6000061035156,2026-07-23,-0.11477970708742236,False,0.0,True,23.0,True,18.0,False,0.0
NTAP,distance +63.07% outside band,2026-10-02,231.89999389648438,2026-10-02,-0.02427766180337443,False,0.0,False,0.0,False,0.0,False,0.0
NTNX,distance +43.11% outside band,2026-10-02,74.41999816894531,2026-08-27,-0.02862130214761005,False,0.0,False,0.0,False,0.0,False,0.0
NTRS,distance +5.28% outside band,2026-10-02,195.77999877929688,2026-08-13,-0.12452755661877457,True,15.0,True,15.0,True,9.0,False,0.0
NUE,distance +11.99% outside band,2026-10-02,280.1099853515625,2026-08-05,-0.1418013924496908,True,11.0,True,11.0,True,6.0,False,0.0
NVDA,distance +16.56% outside band,2026-10-02,237.8800048828125,2026-10-02,-0.01652096794140545,False,0.0,False,0.0,False,0.0,False,0.0
NVR,distance -10.41% outside band,2026-10-02,8200.0,2026-02-12,-0.26904267101753043,True,4.0,True,8.0,True,5.0,True,116.0
NVST,distance -8.58% outside band,2026-10-02,30.420000076293945,2026-02-11,-0.22879687621188272,True,26.0,True,19.0,True,17.0,True,14.0
NVT,distance +20.68% outside band,2026-10-02,184.63999938964844,2026-06-22,-0.08167245386104638,False,0.0,False,0.0,False,0.0,False,0.0
NWE,growth -60.6% below threshold,2026-10-02,75.18000030517578,2026-04-15,-0.07861138119339028,False,0.0,True,18.0,True,18.0,True,8.0
NWS,distance +4.88% outside band,2026-10-02,35.7599983215332,2026-08-27,-0.11493285503114958,True,20.0,True,11.0,False,0.0,False,0.0
NWSA,distance +8.02% outside band,2026-10-02,31.65999984741211,2026-08-27,-0.09380920175832719,True,13.0,True,8.0,False,0.0,False,0.0
NXPI,growth -31.6% below threshold,2026-10-02,339.95001220703125,2026-05-27,-0.28324755136728974,False,0.0,False,0.0,True,48.0,True,45.0
NXST,distance -20.93% outside band,2026-10-02,254.3000030517578,2026-02-09,-0.38883210261970547,True,27.0,True,24.0,True,27.0,True,107.0
NXT,distance -21.76% outside band,2026-10-02,163.1300048828125,2026-05-29,-0.4832342271287474,False,0.0,True,72.0,True,72.0,True,56.0
NYT,distance -14.87% outside band,2026-10-02,87.0999984741211,2026-04-07,-0.28013775130468344,True,9.0,True,9.0,True,46.0,True,42.0
O,distance -12.44% outside band,2026-10-02,67.94000244140625,2026-02-27,-0.2032676019580839,True,28.0,True,35.0,True,28.0,True,24.0
OC,distance -6.18% outside band,2026-10-02,159.91000366210938,2026-06-30,-0.25983366956549614,True,31.0,True,26.0,True,19.0,True,8.0
ODFL,distance -9.67% outside band,2026-10-02,252.02999877929688,2026-06-09,-0.2838947879153635,False,0.0,True,47.0,True,39.0,True,23.0
OGE,distance -2.87% outside band,2026-10-02,50.59000015258789,2026-07-28,-0.10377544938061123,True,15.0,True,47.0,True,47.0,True,16.0
OGS,distance -10.54% outside band,2026-10-02,90.77999877929688,2026-04-09,-0.2005948372916876,True,18.0,True,18.0,True,97.0,True,90.0
OHI,expected growth -59.0% below threshold,2026-10-02,52.38999938964844,2026-07-30,-0.12731433950471116,True,9.0,True,39.0,True,38.0,True,3.0
OKE,expected growth 0.6% below threshold,2026-10-02,99.8499984741211,2026-09-01,-0.11987983378693279,True,14.0,True,10.0,True,6.0,False,0.0
OKTA,distance +88.60% outside band,2026-10-02,216.58999633789062,2026-10-02,-0.023546751608833905,False,0.0,False,0.0,False,0.0,False,0.0
OLED,distance -16.18% outside band,2026-10-02,134.60000610351562,2026-02-12,-0.4028974806674779,False,0.0,True,15.0,True,27.0,True,116.0
OLLI,expected growth -46.1% below threshold,2026-10-02,121.0,2026-01-12,-0.27227272475061337,False,0.0,False,0.0,False,0.0,True,116.0
OLN,distance -30.61% outside band,2026-10-02,30.459999084472656,2026-03-31,-0.47800393642705374,True,45.0,True,50.0,True,85.0,True,51.0
OMC,distance -5.31% outside band,2026-10-02,89.56999969482422,2026-08-24,-0.172155835899108,True,23.0,True,20.0,True,12.0,True,11.0
ON,distance +5.51% outside band,2026-10-02,134.9199981689453,2026-06-03,-0.3708123292193487,False,0.0,False,0.0,True,51.0,False,0.0
ONB,distance +2.19% outside band,2026-10-02,27.360000610351562,2026-08-04,-0.08771935205918358,True,5.0,True,32.0,True,5.0,False,0.0
ONTO,distance +29.24% outside band,2026-10-02,386.4599914550781,2026-06-30,-0.15186566200664098,False,0.0,False,0.0,False,0.0,False,0.0
OPCH,distance -14.56% outside band,2026-10-02,36.79999923706055,2026-01-23,-0.38478261252657464,True,9.0,True,8.0,False,0.0,True,116.0
ORA,distance -18.48% outside band,2026-10-02,146.38999938964844,2026-06-03,-0.36566704694639207,True,29.0,True,18.0,True,70.0,True,68.0
ORCL,distance -12.64% outside band,2026-10-02,250.25,2026-06-01,-0.431368619173795,True,11.0,True,7.0,True,72.0,True,81.0
ORI,distance -7.23% outside band,2026-10-02,44.650001525878906,2026-07-29,-0.1475923835919325,True,20.0,True,20.0,True,12.0,True,20.0
ORLY,distance -6.65% outside band,2026-10-02,102.11000061035156,2026-01-26,-0.16854371737931384,True,3.0,True,26.0,True,28.0,True,39.0
OSK,distance -8.88% outside band,2026-10-02,180.49000549316406,2026-02-11,-0.2584076567686453,True,19.0,True,17.0,True,10.0,True,16.0
OTIS,distance -17.96% outside band,2026-10-02,94.56500244140625,2026-02-20,-0.32268808334833965,True,35.0,True,34.0,True,146.0,True,116.0
OVV,distance +10.28% outside band,2026-10-02,67.51000213623047,2026-09-02,-0.10620651394994796,True,13.0,True,11.0,False,0.0,False,0.0
OXY,distance +7.51% outside band,2026-10-02,67.44999694824219,2026-03-31,-0.13891765072098627,True,13.0,True,10.0,False,0.0,False,0.0
OZK,distance -3.69% outside band,2026-10-02,53.38999938964844,2026-07-01,-0.12511707026673868,True,19.0,True,33.0,True,19.0,True,13.0
P,distance +78.27% outside band,2026-10-02,140.8300018310547,2026-10-02,-0.0048995415212307325,False,0.0,False,0.0,False,0.0,False,0.0
PAG,distance +14.26% outside band,2026-10-02,227.0,2026-07-29,-0.1011894326903221,True,17.0,True,11.0,False,0.0,False,0.0
PANW,distance +61.08% outside band,2026-10-02,409.5,2026-10-02,-0.015286959134615419,False,0.0,False,0.0,False,0.0,False,0.0
PATH,distance +3.48% outside band,2026-10-02,18.829999923706055,2026-09-03,-0.30323951467245414,True,20.0,True,14.0,False,0.0,False,0.0
PAYX,distance -4.69% outside band,2026-10-02,127.9800033569336,2026-09-01,-0.22691045596033765,True,20.0,True,13.0,True,8.0,True,7.0
PB,distance -4.55% outside band,2026-10-02,77.19999694824219,2026-02-12,-0.1272020736141728,True,32.0,True,32.0,True,14.0,True,13.0
PBF,distance +67.42% outside band,2026-10-02,83.36000061035156,2026-10-02,-0.030950117708304137,False,0.0,False,0.0,False,0.0,False,0.0
PCAR,distance -9.17% outside band,2026-10-02,139.24000549316406,2026-07-28,-0.21229534632156788,True,37.0,True,26.0,True,13.0,True,13.0
PCG,distance -25.46% outside band,2026-10-02,19.15999984741211,2026-03-02,-0.3569937477589151,True,25.0,True,25.0,True,25.0,True,25.0
PCTY,distance +15.51% outside band,2026-10-02,161.92999267578125,2026-09-01,-0.10782432066205794,True,1.0,True,1.0,False,0.0,False,0.0
PEG,distance -13.70% outside band,2026-10-02,87.62999725341797,2026-02-26,-0.22321120816685658,True,61.0,True,49.0,True,61.0,True,61.0
PEGA,distance -14.17% outside band,2026-10-02,62.150001525878906,2026-01-07,-0.45406275990118006,True,11.0,False,0.0,False,0.0,True,116.0
PEN,distance -2.84% outside band,2026-10-02,362.4100036621094,2026-01-21,-0.12378249887099024,True,29.0,True,19.0,True,21.0,True,26.0
PEP,distance -14.51% outside band,2026-10-02,171.47999572753906,2026-02-12,-0.26586189336234656,True,24.0,True,20.0,True,102.0,True,99.0
PFE,distance +5.31% outside band,2026-10-02,29.209999084472656,2026-09-03,-0.04827113630967661,True,1.0,False,0.0,False,0.0,False,0.0
PFG,distance +10.18% outside band,2026-10-02,121.18000030517578,2026-09-03,-0.0760851724499404,True,9.0,True,3.0,False,0.0,False,0.0
PFGC,distance -3.11% outside band,2026-10-02,117.4749984741211,2026-07-29,-0.20110662104162036,False,0.0,True,37.0,True,25.0,True,19.0
PG,growth -23.1% below threshold,2026-10-02,167.25,2026-02-27,-0.133572474367059,True,3.0,True,3.0,True,3.0,True,3.0
PGR,expected growth -25.8% below threshold,2026-10-02,239.3800048828125,2026-07-07,-0.12143874480431172,True,13.0,True,11.0,True,9.0,False,0.0
PH,distance +2.93% outside band,2026-10-02,1099.93994140625,2026-08-06,-0.11581537211060444,False,0.0,True,24.0,False,0.0,False,0.0
PHM,distance -7.18% outside band,2026-10-02,144.5,2026-02-17,-0.19910032278938694,True,8.0,True,26.0,True,23.0,True,23.0
PII,distance -16.03% outside band,2026-10-02,77.9800033569336,2026-07-28,-0.3112336910447564,True,39.0,True,37.0,True,31.0,True,31.0
PINS,distance -9.26% outside band,2026-10-02,27.735000610351562,2026-01-13,-0.3055705857207226,False,0.0,True,24.0,True,23.0,True,24.0
PK,distance +22.07% outside band,2026-10-02,16.200000762939453,2026-08-26,-0.041358086321885534,False,0.0,False,0.0,False,0.0,False,0.0
PLD,distance -6.53% outside band,2026-10-02,153.35000610351562,2026-07-17,-0.1593739906662185,True,25.0,True,26.0,True,26.0,True,18.0
PLNT,distance -37.45% outside band,2026-10-02,110.52999877929688,2026-01-02,-0.6163032632245371,True,20.0,True,24.0,True,183.0,True,116.0
PLTR,distance +24.09% outside band,2026-10-02,194.77999877929688,2026-10-02,-0.030957997828767847,False,0.0,False,0.0,False,0.0,False,0.0
PM,distance +5.37% outside band,2026-10-02,207.75999450683594,2026-07-28,-0.09770883870667801,True,2.0,True,2.0,False,0.0,False,0.0
PNC,distance -3.09% outside band,2026-10-02,258.9599914550781,2026-08-17,-0.1464704739240037,True,32.0,True,32.0,True,13.0,True,8.0
PNR,distance -34.56% outside band,2026-10-02,109.08999633789062,2026-01-22,-0.5138876106013969,True,34.0,True,57.0,True,172.0,True,116.0
PNW,distance -3.17% outside band,2026-10-02,111.16000366210938,2026-07-17,-0.1370997210425503,False,0.0,True,47.0,True,47.0,True,26.0
PODD,distance -31.90% outside band,2026-10-02,299.79998779296875,2026-01-07,-0.5607404676335521,True,19.0,True,42.0,True,211.0,True,116.0
POR,distance -11.60% outside band,2026-10-02,54.619998931884766,2026-04-09,-0.1843646995925845,True,25.0,True,47.0,True,49.0,True,32.0
POST,distance -22.99% outside band,2026-10-02,117.27999877929688,2026-02-06,-0.3813097005983038,True,18.0,True,40.0,True,46.0,True,98.0
PPC,distance -18.08% outside band,2026-10-02,44.84000015258789,2026-02-04,-0.38670829825113484,True,19.0,True,9.0,True,9.0,True,116.0
PPG,distance -6.10% outside band,2026-10-02,133.42999267578125,2026-02-12,-0.21194628421077188,True,37.0,True,39.0,True,24.0,True,19.0
PPL,distance -9.16% outside band,2026-10-02,40.11000061035156,2026-04-13,-0.18224884722151946,True,18.0,True,33.0,True,104.0,True,64.0
PR,distance +14.15% outside band,2026-10-02,24.645000457763672,2026-09-15,-0.10245484161615614,True,13.0,True,9.0,False,0.0,False,0.0
PRI,growth 6.4% below threshold,2026-10-02,327.2799987792969,2026-08-06,-0.15845754566423897,True,39.0,True,32.0,True,12.0,True,9.0
PRU,distance +3.58% outside band,2026-10-02,127.72000122070312,2026-08-05,-0.11838398529651062,True,5.0,True,18.0,True,3.0,False,0.0
PSA,distance -5.29% outside band,2026-10-02,335.54998779296875,2026-07-29,-0.1541945823770916,True,31.0,True,27.0,True,26.0,True,11.0
PSKY,distance -10.03% outside band,2026-10-02,14.100000381469727,2026-03-02,-0.32624115298004275,True,12.0,True,2.0,True,2.0,True,12.0
PSN,distance -26.92% outside band,2026-10-02,74.62999725341797,2026-01-23,-0.45343692326534013,True,19.0,True,47.0,True,47.0,True,116.0
PSX,distance +43.78% outside band,2026-10-02,277.1199951171875,2026-09-18,-0.04525118636646552,False,0.0,False,0.0,False,0.0,False,0.0
PTC,growth -79.9% below threshold,2026-10-02,176.1999969482422,2026-01-06,-0.18257661025042515,False,0.0,False,0.0,False,0.0,True,1.0
PVH,non-positive profit,2026-10-02,100.75,2026-06-03,-0.2503225927613213,False,0.0,True,34.0,True,37.0,True,26.0
PWR,distance +11.71% outside band,2026-10-02,788.75,2026-05-06,-0.14223772100336762,False,0.0,False,0.0,False,0.0,False,0.0
PYPL,distance +5.06% outside band,2026-10-02,62.72999954223633,2026-08-20,-0.15829747134765837,True,3.0,True,20.0,False,0.0,False,0.0
Q,distance +4.60% outside band,2026-10-02,177.27999877929688,2026-06-22,-0.25834839444451996,False,0.0,False,0.0,True,35.0,False,0.0
QCOM,distance +9.22% outside band,2026-10-02,259.9200134277344,2026-05-29,-0.2887427455885887,True,2.0,False,0.0,True,5.0,False,0.0
QLYS,distance +51.08% outside band,2026-10-02,201.5399932861328,2026-08-05,-0.04237369043675765,False,0.0,False,0.0,False,0.0,False,0.0
R,distance +2.37% outside band,2026-10-02,284.25,2026-06-12,-0.16538256642686344,True,33.0,True,41.0,True,31.0,False,0.0
RBA,distance -19.68% outside band,2026-10-02,119.33000183105469,2026-02-11,-0.31383561554501416,True,13.0,True,42.0,True,42.0,True,42.0
RBC,distance -6.11% outside band,2026-10-02,667.6900024414062,2026-06-25,-0.22784526400956984,False,0.0,True,63.0,True,49.0,True,32.0
RCL,distance -3.20% outside band,2026-10-02,356.3900146484375,2026-02-10,-0.2206852638440142,False,0.0,True,34.0,True,26.0,True,26.0
RDDT,distance -12.28% outside band,2026-10-02,263.5,2026-01-09,-0.4388614777595766,True,8.0,True,34.0,True,33.0,True,34.0
REG,distance -6.18% outside band,2026-10-02,83.66000366210938,2026-07-17,-0.14415496844462128,True,46.0,True,43.0,True,41.0,True,20.0
REXR,non-positive profit,2026-10-02,41.599998474121094,2026-02-04,-0.11802884681514036,True,6.0,True,5.0,False,0.0,False,0.0
RF,distance -5.56% outside band,2026-10-02,32.470001220703125,2026-07-16,-0.16538345048812142,True,32.0,True,31.0,True,13.0,True,13.0
RGA,distance +13.93% outside band,2026-10-02,257.80999755859375,2026-09-03,-0.032582110763859196,False,0.0,False,0.0,False,0.0,False,0.0
RGEN,distance +26.61% outside band,2026-10-02,198.8699951171875,2026-09-28,-0.08633780153123449,False,0.0,False,0.0,False,0.0,False,0.0
RGLD,distance -2.72% outside band,2026-10-02,306.25,2026-01-29,-0.23382857342155616,True,8.0,True,3.0,False,0.0,True,5.0
RH,distance -24.69% outside band,2026-10-02,239.39999389648438,2026-01-22,-0.49682538782119146,True,34.0,True,31.0,True,29.0,True,31.0
RJF,growth 9.8% below threshold,2026-10-02,182.72999572753906,2026-08-06,-0.13418699494872532,True,19.0,True,17.0,True,9.0,True,4.0
RL,expected growth -1.3% below threshold,2026-10-02,421.6000061035156,2026-06-15,-0.1381167223513533,False,0.0,False,0.0,True,31.0,True,28.0
RLI,distance -4.92% outside band,2026-10-02,67.0,2026-08-24,-0.1650746473625525,True,24.0,True,20.0,True,8.0,True,10.0
RMBS,distance +3.79% outside band,2026-10-02,174.10000610351562,2026-06-03,-0.35686388687356796,False,0.0,False,0.0,False,0.0,False,0.0
RMD,distance -3.02% outside band,2026-10-02,277.6700134277344,2026-02-10,-0.21169017609236318,True,13.0,True,3.0,False,0.0,True,11.0
RNR,distance +7.11% outside band,2026-10-02,340.239990234375,2026-09-03,-0.04323416375877842,True,6.0,False,0.0,False,0.0,False,0.0
ROIV,distance +18.36% outside band,2026-10-02,42.5,2026-09-08,-0.15952938304227937,True,8.0,True,2.0,False,0.0,False,0.0
ROK,distance +7.21% outside band,2026-10-02,497.3599853515625,2026-06-30,-0.08647655725187653,False,0.0,False,0.0,False,0.0,False,0.0
ROKU,distance +23.64% outside band,2026-10-02,159.88999938964844,2026-08-25,-0.04690724891256437,True,14.0,True,4.0,False,0.0,False,0.0
ROL,distance -39.24% outside band,2026-10-02,66.13999938964844,2026-02-11,-0.5439975789879967,True,28.0,True,95.0,True,148.0,True,116.0
ROP,distance -4.02% outside band,2026-10-02,445.0,2026-01-02,-0.20377526443995786,True,20.0,True,14.0,True,7.0,True,11.0
ROST,distance +4.90% outside band,2026-10-02,257.0,2026-08-03,-0.11073932573489176,True,1.0,True,26.0,True,1.0,False,0.0
RPM,distance -6.48% outside band,2026-10-02,121.77999877929688,2026-02-12,-0.18549841159738145,True,33.0,True,30.0,True,24.0,True,24.0
RRC,distance -2.87% outside band,2026-10-02,48.310001373291016,2026-03-27,-0.20865248487919907,True,13.0,True,13.0,True,13.0,True,13.0
RRX,distance -15.26% outside band,2026-10-02,247.8000030517578,2026-07-01,-0.35484264266213283,False,0.0,True,42.0,True,42.0,True,42.0
RS,distance +12.08% outside band,2026-10-02,433.0199890136719,2026-08-11,-0.07553921824621668,False,0.0,False,0.0,False,0.0,False,0.0
RSG,distance -2.61% outside band,2026-10-02,233.4199981689453,2026-03-03,-0.10221917915140288,True,13.0,True,11.0,True,8.0,True,10.0
RTX,distance -5.25% outside band,2026-10-02,226.8800048828125,2026-08-10,-0.18600146023810382,True,31.0,True,23.0,True,12.0,True,9.0
RVTY,distance +42.61% outside band,2026-10-02,158.27999877929688,2026-09-30,-0.042645944225789933,False,0.0,False,0.0,False,0.0,False,0.0
RYAN,distance -6.02% outside band,2026-10-02,53.49300003051758,2026-01-06,-0.2957957462199783,True,24.0,True,20.0,True,8.0,True,19.0
RYN,distance -15.18% outside band,2026-10-02,24.81999969482422,2026-01-22,-0.2723610117646986,True,35.0,True,34.0,True,27.0,True,35.0
SAIA,distance -9.67% outside band,2026-10-02,494.7099914550781,2026-06-09,-0.2902508516465434,False,0.0,True,75.0,True,48.0,True,33.0
SAIC,distance +16.40% outside band,2026-10-02,142.66000366210938,2026-08-31,-0.12196832384142409,True,4.0,True,2.0,False,0.0,False,0.0
SANM,distance +21.52% outside band,2026-10-02,288.67999267578125,2026-06-03,-0.2065955414396542,False,0.0,False,0.0,False,0.0,False,0.0
SARO,distance -23.33% outside band,2026-10-02,34.47999954223633,2026-01-20,-0.38950117411471197,True,39.0,True,37.0,True,33.0,True,37.0
SBAC,distance -17.13% outside band,2026-10-02,224.4600067138672,2026-04-20,-0.29390536954228597,True,17.0,True,15.0,True,77.0,True,77.0
SBRA,distance -3.95% outside band,2026-10-02,22.770000457763672,2026-07-28,-0.1585419647684151,True,16.0,True,16.0,True,13.0,True,11.0
SBUX,distance -4.09% outside band,2026-10-02,110.51000213623047,2026-08-13,-0.14297351141374937,True,21.0,True,20.0,True,19.0,True,14.0
SCHW,expected growth 8.3% below threshold,2026-10-02,114.52999877929688,2026-08-24,-0.15567975221420982,True,20.0,True,9.0,True,6.0,True,1.0
SCI,distance -3.43% outside band,2026-10-02,90.98999786376953,2026-07-30,-0.15221451587302315,True,26.0,True,15.0,True,12.0,True,12.0
SEIC,distance +12.58% outside band,2026-10-02,112.1500015258789,2026-08-28,-0.08666964858186121,True,19.0,True,5.0,False,0.0,False,0.0
SF,distance -9.84% outside band,2026-10-02,89.82666778564453,2026-01-05,-0.21760429823571248,True,20.0,True,17.0,True,14.0,True,15.0
SFM,distance -17.22% outside band,2026-10-02,94.88999938964844,2026-05-19,-0.3205817089747377,True,26.0,True,23.0,True,23.0,True,19.0
SGI,distance -18.92% outside band,2026-10-02,98.55999755859375,2026-02-12,-0.37124591359834336,True,14.0,True,18.0,True,55.0,True,115.0
SHC,distance +7.25% outside band,2026-10-02,19.850000381469727,2026-01-09,-0.08211592124889155,True,12.0,True,3.0,False,0.0,False,0.0
SHW,distance -4.12% outside band,2026-10-02,377.7699890136719,2026-02-13,-0.1542207717456836,True,3.0,True,24.0,True,3.0,True,23.0
SIGI,expected growth -14.3% below threshold,2026-10-02,100.4000015258789,2026-07-06,-0.14751000959069593,True,20.0,True,38.0,True,19.0,True,8.0
SIRI,growth -2.4% below threshold,2026-10-02,32.65999984741211,2026-07-29,-0.21249236272141392,True,13.0,True,20.0,True,13.0,False,0.0
SITM,distance +34.14% outside band,2026-10-02,901.8099975585938,2026-05-11,-0.21331543854911472,False,0.0,False,0.0,False,0.0,False,0.0
SJM,distance +7.88% outside band,2026-10-02,135.88999938964844,2026-08-27,-0.1376112814205125,True,19.0,True,7.0,False,0.0,False,0.0
SLAB,distance +9.95% outside band,2026-10-02,223.5,2026-10-02,-0.0033109865465953403,False,0.0,False,0.0,False,0.0,False,0.0
SLB,distance -3.47% outside band,2026-10-02,60.459999084472656,2026-08-31,-0.19384713171482315,True,15.0,True,12.0,True,13.0,True,4.0
SLGN,distance -16.43% outside band,2026-10-02,49.54999923706055,2026-02-06,-0.2962664082988721,True,24.0,True,41.0,True,20.0,True,24.0
SLM,distance -5.81% outside band,2026-10-02,29.329999923706055,2026-01-23,-0.22434367340000405,True,19.0,True,13.0,True,9.0,True,9.0
SMCI,distance +36.52% outside band,2026-10-02,51.400001525878906,2026-06-02,-0.15000005195112853,False,0.0,False,0.0,False,0.0,False,0.0
SMG,distance -21.38% outside band,2026-10-02,75.33999633789062,2026-07-17,-0.3493495773756745,True,43.0,True,41.0,True,41.0,True,27.0
SMTC,distance +66.72% outside band,2026-10-02,201.99000549316406,2026-10-02,-0.03519976442889983,False,0.0,False,0.0,False,0.0,False,0.0
SN,distance +35.30% outside band,2026-10-02,194.5399932861328,2026-08-28,-0.06152969247977924,False,0.0,False,0.0,False,0.0,False,0.0
SNA,distance -2.76% outside band,2026-10-02,423.0199890136719,2026-08-06,-0.12793720515046003,True,37.0,True,34.0,True,24.0,True,14.0
SNDK,distance +50.11% outside band,2026-10-02,2354.389892578125,2026-06-22,-0.2694540544637931,False,0.0,False,0.0,False,0.0,False,0.0
SNPS,distance +10.11% outside band,2026-10-02,539.47998046875,2026-05-26,-0.09190329273977127,False,0.0,False,0.0,False,0.0,False,0.0
SNX,distance +29.14% outside band,2026-10-02,298.7699890136719,2026-09-23,-0.068279929867892,False,0.0,False,0.0,False,0.0,False,0.0
SO,distance -9.16% outside band,2026-10-02,99.58000183105469,2026-03-17,-0.15926893270457354,True,46.0,True,44.0,True,46.0,True,34.0
SOLS,distance -16.56% outside band,2026-10-02,90.80000305175781,2026-05-13,-0.36453745788918857,True,15.0,True,15.0,True,64.0,True,41.0
SOLV,distance +12.71% outside band,2026-10-02,94.16000366210938,2026-09-01,-0.06701364637401208,True,17.0,True,2.0,False,0.0,False,0.0
SON,distance -6.20% outside band,2026-10-02,60.66999816894531,2026-07-28,-0.19663749547605935,True,27.0,True,24.0,True,21.0,True,19.0
SPG,growth 0.7% below threshold,2026-10-02,238.5,2026-07-29,-0.15744236080401597,True,43.0,True,31.0,True,24.0,True,3.0
SPGI,distance -8.92% outside band,2026-10-02,522.46923828125,2026-01-15,-0.2606837671737926,True,19.0,True,18.0,True,14.0,True,19.0
SPXC,distance -18.14% outside band,2026-10-02,251.0800018310547,2026-06-25,-0.3106181492926766,True,33.0,True,63.0,True,33.0,True,33.0
SR,distance -8.42% outside band,2026-10-02,95.30999755859375,2026-04-09,-0.18644420415751184,True,18.0,True,17.0,True,18.0,True,89.0
SRE,distance -12.95% outside band,2026-10-02,101.04000091552734,2026-04-09,-0.22426765099748824,True,17.0,True,49.0,True,50.0,True,49.0
SSB,distance +2.29% outside band,2026-10-02,112.19999694824219,2026-08-17,-0.0917111726026123,True,19.0,True,13.0,False,0.0,False,0.0
SSD,distance -5.96% outside band,2026-10-02,213.49000549316406,2026-06-25,-0.18703455387680368,True,5.0,True,33.0,True,31.0,True,26.0
ST,distance +5.69% outside band,2026-10-02,53.88999938964844,2026-06-03,-0.1926146072680991,False,0.0,True,42.0,True,33.0,False,0.0
STAG,distance -5.12% outside band,2026-10-02,42.61000061035156,2026-07-17,-0.15395450080555373,True,8.0,True,46.0,True,43.0,True,43.0
STE,distance -8.61% outside band,2026-10-02,269.44000244140625,2026-01-16,-0.22602437872422843,True,26.0,True,20.0,True,19.0,True,24.0
STLD,distance +6.97% outside band,2026-10-02,288.739990234375,2026-06-15,-0.1965435570429508,True,11.0,True,11.0,True,11.0,False,0.0
STT,distance +13.58% outside band,2026-10-02,195.92999267578125,2026-08-27,-0.10192408874816716,True,15.0,True,14.0,True,3.0,False,0.0
STWD,distance -23.80% outside band,2026-10-02,18.59000015258789,2026-01-09,-0.2980096781269693,True,29.0,True,37.0,True,102.0,True,116.0
STX,distance +30.47% outside band,2026-10-02,1145.0,2026-06-18,-0.2585240259961791,True,1.0,True,1.0,True,1.0,False,0.0
STZ,distance -21.21% outside band,2026-10-02,168.60000610351562,2026-04-13,-0.33054567816988656,True,26.0,True,28.0,True,107.0,True,68.0
SUI,distance -10.93% outside band,2026-10-02,137.85000610351562,2026-03-02,-0.19659053248909852,True,24.0,True,22.0,True,26.0,True,27.0
SWK,distance +8.98% outside band,2026-10-02,104.68000030517578,2026-08-11,-0.12743603294225037,False,0.0,True,19.0,False,0.0,False,0.0
SWKS,distance +29.25% outside band,2026-10-02,92.80000305175781,2026-09-23,-0.08372849156187345,True,2.0,False,0.0,False,0.0,False,0.0
SWX,distance -5.58% outside band,2026-10-02,94.47000122070312,2026-07-17,-0.12469565605039168,True,31.0,True,30.0,True,26.0,True,17.0
SYF,distance -3.88% outside band,2026-10-02,88.7699966430664,2026-01-09,-0.19150614670354194,True,19.0,True,17.0,True,13.0,True,13.0
SYK,distance -16.59% outside band,2026-10-02,389.3299865722656,2026-03-02,-0.2925538690181081,True,31.0,True,24.0,True,23.0,True,36.0
SYNA,distance +22.57% outside band,2026-10-02,149.11000061035156,2026-05-27,-0.18784791108294008,False,0.0,False,0.0,False,0.0,False,0.0
SYY,distance -2.95% outside band,2026-10-02,91.8499984741211,2026-02-17,-0.15634187097343855,True,14.0,True,14.0,True,14.0,True,13.0
T,distance -3.39% outside band,2026-10-02,29.440000534057617,2026-03-24,-0.1745924321927531,True,12.0,True,4.0,False,0.0,True,5.0
TCBI,distance -4.97% outside band,2026-10-02,108.91999816894531,2026-02-04,-0.1391846886482705,True,14.0,True,42.0,True,33.0,True,15.0
TDG,distance -12.59% outside band,2026-10-02,1463.030029296875,2026-01-16,-0.25471112482438674,True,34.0,True,42.0,True,33.0,True,43.0
TECH,distance +16.70% outside band,2026-10-02,72.69000244140625,2026-09-22,-0.003989557102589303,False,0.0,False,0.0,False,0.0,False,0.0
TEL,distance +2.80% outside band,2026-10-02,252.55999755859375,2026-04-21,-0.12749444591189385,False,0.0,False,0.0,False,0.0,False,0.0
TER,distance +34.02% outside band,2026-10-02,487.9100036621094,2026-06-30,-0.07966632129991336,False,0.0,False,0.0,False,0.0,False,0.0
TEX,distance -8.79% outside band,2026-10-02,74.69000244140625,2026-06-25,-0.24072838089727966,True,28.0,True,33.0,True,25.0,True,17.0
TFC,distance -6.73% outside band,2026-10-02,56.20000076293945,2026-02-06,-0.1734875421288169,True,19.0,True,19.0,True,13.0,True,13.0
TGT,distance +21.11% outside band,2026-10-02,170.75,2026-08-24,-0.08638360175695459,True,18.0,False,0.0,False,0.0,False,0.0
THC,distance +21.15% outside band,2026-10-02,283.04998779296875,2026-08-24,-0.08630981709721919,True,17.0,True,4.0,False,0.0,False,0.0
THG,distance +12.37% outside band,2026-10-02,236.07000732421875,2026-08-03,-0.07048762711132583,True,11.0,True,10.0,False,0.0,False,0.0
THO,distance -18.70% outside band,2026-10-02,122.83000183105469,2026-02-12,-0.43377023516274404,True,8.0,True,19.0,True,19.0,True,116.0
TJX,distance -13.03% outside band,2026-10-02,170.0,2026-06-11,-0.21952945484834563,False,0.0,True,38.0,True,38.0,True,37.0
TKO,distance -10.70% outside band,2026-10-02,226.94000244140625,2026-02-26,-0.22631532589153036,True,7.0,True,7.0,True,12.0,True,31.0
TKR,distance +6.83% outside band,2026-10-02,146.3699951171875,2026-06-30,-0.16348974157321172,False,0.0,True,43.0,True,31.0,False,0.0
TLN,distance -8.83% outside band,2026-10-02,449.84100341796875,2026-06-18,-0.28692585474332766,False,0.0,False,0.0,True,34.0,True,36.0
TMO,distance +20.68% outside band,2026-10-02,683.6300048828125,2026-09-30,-0.042171959808560144,False,0.0,False,0.0,False,0.0,False,0.0
TMUS,distance -14.43% outside band,2026-10-02,224.75,2026-02-24,-0.2719021161750904,True,14.0,True,14.0,True,20.0,True,116.0
TNL,distance -11.55% outside band,2026-10-02,81.0,2026-02-18,-0.22320989914882328,True,39.0,True,34.0,True,26.0,True,25.0
TOL,distance -5.38% outside band,2026-10-02,168.36000061035156,2026-02-13,-0.18858398601150794,False,0.0,True,37.0,True,24.0,True,24.0
TPL,distance -14.31% outside band,2026-10-02,547.2000122070312,2026-02-23,-0.37830775794519444,True,9.0,True,43.0,True,51.0,True,42.0
TPR,distance -14.79% outside band,2026-10-02,164.8000030517578,2026-08-10,-0.28325242379100724,False,0.0,True,36.0,True,36.0,True,36.0
TREX,distance +3.49% outside band,2026-10-02,50.959999084472656,2026-08-13,-0.1452118886210183,True,3.0,True,27.0,True,5.0,False,0.0
TRGP,distance +13.51% outside band,2026-10-02,307.94000244140625,2026-08-21,-0.08508154835134318,True,10.0,False,0.0,False,0.0,False,0.0
TRMB,distance -8.22% outside band,2026-10-02,81.94999694824219,2026-01-07,-0.2981085710827782,True,7.0,True,5.0,False,0.0,True,116.0
TROW,expected growth -7.4% below threshold,2026-10-02,122.0,2026-07-28,-0.14245899388047512,True,1.0,True,37.0,True,18.0,False,0.0
TRU,distance -15.90% outside band,2026-10-02,89.12000274658203,2026-01-09,-0.2881508452473419,True,20.0,True,19.0,True,13.0,True,13.0
TRV,distance +12.57% outside band,2026-10-02,398.70001220703125,2026-07-28,-0.09611238061442673,True,10.0,True,9.0,False,0.0,False,0.0
TSCO,distance -22.10% outside band,2026-10-02,56.279998779296875,2026-01-26,-0.4475834963233042,True,18.0,True,14.0,True,4.0,True,116.0
TSLA,distance -5.75% outside band,2026-10-02,458.3399963378906,2026-01-02,-0.19145176223135074,False,0.0,False,0.0,True,7.0,True,63.0
TSN,distance -13.53% outside band,2026-10-02,69.4800033569336,2026-05-05,-0.25316642368195574,False,0.0,True,29.0,True,89.0,True,45.0
TT,distance +3.62% outside band,2026-10-02,505.8699951171875,2026-06-25,-0.08294619538634207,False,0.0,False,0.0,False,0.0,False,0.0
TTC,distance +5.52% outside band,2026-10-02,105.19000244140625,2026-03-05,-0.06226830401878114,False,0.0,False,0.0,False,0.0,False,0.0
TTMI,distance +5.30% outside band,2026-10-02,223.8300018310547,2026-06-22,-0.410847544840204,False,0.0,False,0.0,True,50.0,False,0.0
TTWO,distance -9.72% outside band,2026-10-02,265.94000244140625,2026-07-07,-0.2376852152123825,True,32.0,True,30.0,True,24.0,True,24.0
TWLO,distance +67.27% outside band,2026-10-02,305.95001220703125,2026-10-01,-0.03716301742479333,False,0.0,False,0.0,False,0.0,False,0.0
TXN,distance +18.08% outside band,2026-10-02,334.0299987792969,2026-06-22,-0.1204383173168504,False,0.0,False,0.0,False,0.0,False,0.0
TXNM,only 2 analysts,2026-10-02,59.529998779296875,2026-05-27,-0.018814025782817212,False,0.0,False,0.0,False,0.0,True,1.0
TXRH,distance -13.05% outside band,2026-10-02,216.3000030517578,2026-08-13,-0.27813223676984344,True,34.0,True,24.0,True,19.0,True,14.0
TXT,distance -13.78% outside band,2026-10-02,101.56999969482422,2026-02-18,-0.23934230217224794,True,48.0,True,48.0,True,48.0,True,47.0
TYL,distance -6.56% outside band,2026-10-02,460.67999267578125,2026-01-08,-0.299274978964016,True,14.0,True,10.0,False,0.0,True,14.0
UAL,distance +3.10% outside band,2026-10-02,138.77000427246094,2026-06-30,-0.1892339938584393,False,0.0,True,34.0,True,8.0,False,0.0
UBER,distance -8.86% outside band,2026-10-02,88.23999786376953,2026-01-08,-0.22812780757877993,True,24.0,True,19.0,True,19.0,True,24.0
UBSI,distance +6.75% outside band,2026-10-02,49.619998931884766,2026-08-04,-0.05199512438319642,False,0.0,True,13.0,False,0.0,False,0.0
UDR,distance -10.07% outside band,2026-10-02,42.0,2026-07-07,-0.2078571319580078,True,27.0,True,46.0,True,26.0,True,24.0
UFPI,distance -15.33% outside band,2026-10-02,118.0,2026-02-12,-0.346186427746789,True,8.0,True,27.0,True,27.0,True,37.0
UGI,non-positive profit,2026-10-02,41.34000015258789,2026-01-29,-0.10014512274715781,True,11.0,False,0.0,False,0.0,False,0.0
UHS,distance -2.81% outside band,2026-10-02,243.86000061035156,2026-02-12,-0.2794226163335619,True,3.0,False,0.0,False,0.0,True,116.0
ULS,distance -20.90% outside band,2026-10-02,107.54000091552734,2026-05-06,-0.3863678882092937,True,43.0,True,64.0,True,45.0,True,43.0
ULTA,distance -2.16% outside band,2026-10-02,714.969970703125,2026-02-18,-0.23956246455117047,True,3.0,False,0.0,False,0.0,True,9.0
UMBF,growth 6.3% below threshold,2026-10-02,153.32000732421875,2026-08-17,-0.14596923958845465,True,32.0,True,25.0,True,14.0,False,0.0
UNH,distance +4.36% outside band,2026-10-02,461.6199951171875,2026-07-16,-0.1943590012775046,True,18.0,True,41.0,True,18.0,False,0.0
UNM,distance +7.12% outside band,2026-10-02,96.7699966430664,2026-09-04,-0.0847369766735413,True,7.0,True,5.0,True,4.0,False,0.0
UNP,distance +5.10% outside band,2026-10-02,315.989990234375,2026-07-23,-0.11933919624196954,True,23.0,True,23.0,True,11.0,False,0.0
UPS,distance -11.41% outside band,2026-10-02,122.41000366210938,2026-02-12,-0.24009481365729513,True,24.0,True,42.0,True,35.0,True,24.0
URI,distance +14.06% outside band,2026-10-02,1179.1800537109375,2026-08-07,-0.08322733609645627,False,0.0,False,0.0,False,0.0,False,0.0
USB,expected growth -2.8% below threshold,2026-10-02,66.08000183105469,2026-08-17,-0.12969133280946676,True,15.0,True,19.0,True,9.0,True,2.0
USFD,distance +5.14% outside band,2026-10-02,111.41999816894531,2026-08-12,-0.13013821789885294,False,0.0,True,19.0,False,0.0,False,0.0
UTHR,distance +3.11% outside band,2026-10-02,609.3499755859375,2026-05-06,-0.11101988362903525,False,0.0,False,0.0,False,0.0,False,0.0
V,distance +6.87% outside band,2026-10-02,385.57000732421875,2026-08-26,-0.06460565705040178,True,13.0,True,6.0,False,0.0,False,0.0
VAL,distance -4.67% outside band,2026-10-02,114.12000274658203,2026-05-18,-0.3130915045303373,True,13.0,True,8.0,True,13.0,True,6.0
VC,distance -12.59% outside band,2026-10-02,126.94999694824219,2026-06-22,-0.30074833574625337,True,29.0,True,34.0,True,33.0,True,19.0
VEEV,distance +35.83% outside band,2026-10-02,296.239990234375,2026-08-27,-0.07733595874069454,False,0.0,False,0.0,False,0.0,False,0.0
VFC,distance -16.64% outside band,2026-10-02,22.270000457763672,2026-04-21,-0.3565334697283138,False,0.0,False,0.0,True,47.0,True,47.0
VIAV,distance +28.04% outside band,2026-10-02,60.43000030517578,2026-04-30,-0.22058583094054662,False,0.0,False,0.0,False,0.0,False,0.0
VICI,distance -17.42% outside band,2026-10-02,30.485000610351562,2026-02-27,-0.2570116724603514,True,28.0,True,28.0,True,77.0,True,116.0
VICR,distance +42.72% outside band,2026-10-02,382.6499938964844,2026-06-30,-0.1927348782865813,False,0.0,False,0.0,False,0.0,False,0.0
VLO,distance +56.09% outside band,2026-10-02,419.0400085449219,2026-09-21,-0.030402874408559932,False,0.0,False,0.0,False,0.0,False,0.0
VLTO,growth -5.1% below threshold,2026-10-02,103.41500091552734,2026-01-16,-0.08446550822434928,True,3.0,True,3.0,False,0.0,False,0.0
VLY,distance -3.82% outside band,2026-10-02,15.199999809265137,2026-07-16,-0.15657895686223577,True,32.0,True,32.0,True,26.0,True,9.0
VMC,distance -14.44% outside band,2026-10-02,331.0899963378906,2026-02-10,-0.26587936740154094,True,34.0,True,47.0,True,37.0,True,55.0
VMI,expected growth -6.5% below threshold,2026-10-02,585.7100219726562,2026-06-25,-0.18263309099272185,False,0.0,True,55.0,True,33.0,False,0.0
VMRK,distance -6.66% outside band,2026-10-02,71.5,2026-07-07,-0.16377621097164552,True,14.0,True,27.0,True,26.0,True,13.0
VNO,non-positive profit,2026-10-02,41.599998474121094,2026-08-04,-0.18918267357102447,True,27.0,True,27.0,True,19.0,False,0.0
VNOM,distance -7.07% outside band,2026-10-02,51.130001068115234,2026-05-05,-0.2051633377533485,True,13.0,True,13.0,True,13.0,True,13.0
VNT,distance -7.42% outside band,2026-10-02,48.20000076293945,2026-02-12,-0.34315354053365077,True,19.0,True,13.0,False,0.0,True,40.0
VOYA,distance +14.70% outside band,2026-10-02,105.63999938964844,2026-09-03,-0.08510032104989251,True,13.0,True,9.0,False,0.0,False,0.0
VRSK,distance -13.76% outside band,2026-10-02,226.38999938964844,2026-01-09,-0.27611641271860077,True,14.0,True,20.0,True,14.0,True,45.0
VRSN,distance +8.44% outside band,2026-10-02,312.4800109863281,2026-05-22,-0.07731695728584198,True,8.0,True,6.0,False,0.0,False,0.0
VRT,distance -4.70% outside band,2026-10-02,379.93499755859375,2026-05-14,-0.33625490071656283,False,0.0,True,18.0,True,50.0,True,17.0
VRTX,distance +6.57% outside band,2026-10-02,560.25,2026-09-03,-0.09909859707928936,True,3.0,True,2.0,False,0.0,False,0.0
VST,distance -9.61% outside band,2026-10-02,182.55999755859375,2026-01-15,-0.23301924767214865,True,11.0,True,17.0,True,43.0,True,50.0
VTR,distance -2.22% outside band,2026-10-02,101.5999984741211,2026-07-28,-0.1731298878156089,True,20.0,True,25.0,True,15.0,True,3.0
VTRS,distance +14.90% outside band,2026-10-02,18.43000030517578,2026-09-29,-0.04503526369844724,False,0.0,False,0.0,False,0.0,False,0.0
VVV,distance -10.71% outside band,2026-10-02,41.08000183105469,2026-07-17,-0.2555988665855192,False,0.0,True,42.0,True,41.0,True,39.0
VZ,growth -24.0% below threshold,2026-10-02,51.68000030517578,2026-03-24,-0.11145514903670772,True,13.0,True,10.0,True,5.0,True,4.0
WAB,distance +9.96% outside band,2026-10-02,306.6400146484375,2026-07-29,-0.0622880419746058,False,0.0,True,3.0,False,0.0,False,0.0
WAL,distance -5.79% outside band,2026-10-02,97.2300033569336,2026-02-10,-0.214440043028434,True,11.0,True,33.0,True,19.0,True,33.0
WAT,distance +16.96% outside band,2026-10-02,448.2099914550781,2026-09-30,-0.05131523267772842,False,0.0,False,0.0,False,0.0,False,0.0
WBD,distance +11.78% outside band,2026-10-02,30.969999313354492,2026-09-30,-0.0009686399729411654,False,0.0,False,0.0,False,0.0,False,0.0
WCC,distance +19.81% outside band,2026-10-02,385.3699951171875,2026-08-06,-0.009445426932505496,False,0.0,False,0.0,False,0.0,False,0.0
WDAY,distance +18.38% outside band,2026-10-02,227.49000549316406,2026-08-13,-0.1817662539234418,True,11.0,False,0.0,False,0.0,False,0.0
WDC,distance +3.82% outside band,2026-10-02,799.8699951171875,2026-06-18,-0.480803116656378,True,1.0,True,50.0,True,32.0,False,0.0
WEC,distance -8.70% outside band,2026-10-02,119.91000366210938,2026-07-07,-0.15278130902107323,True,32.0,True,48.0,True,49.0,True,47.0
WELL,distance +6.37% outside band,2026-10-02,255.1999969482422,2026-07-28,-0.1077193987582622,True,18.0,True,20.0,True,2.0,False,0.0
WEX,distance +4.59% outside band,2026-10-02,203.99000549316406,2026-08-24,-0.17103778837251726,True,12.0,True,9.0,False,0.0,False,0.0
WFC,distance -5.07% outside band,2026-10-02,97.76000213623047,2026-01-05,-0.17706633397845528,True,13.0,True,13.0,True,9.0,True,9.0
WFRD,distance -14.41% outside band,2026-10-02,113.1500015258789,2026-05-18,-0.29544851837699615,True,17.0,True,15.0,True,19.0,True,17.0
WH,distance -8.28% outside band,2026-10-02,90.3499984741211,2026-04-21,-0.20542333007243918,False,0.0,True,64.0,True,63.0,True,55.0
WHR,distance -43.23% outside band,2026-10-02,94.81999969482422,2026-02-12,-0.6803417046667966,True,34.0,True,23.0,True,154.0,True,116.0
WING,distance -39.48% outside band,2026-10-02,302.79998779296875,2026-02-18,-0.6469947037688404,False,0.0,True,58.0,True,150.0,True,116.0
WLK,distance -28.06% outside band,2026-10-02,124.2300033569336,2026-04-07,-0.48885133796902613,True,29.0,True,21.0,True,103.0,True,77.0
WM,distance -9.07% outside band,2026-10-02,248.1300048828125,2026-03-06,-0.17603678344019547,True,46.0,True,37.0,True,28.0,True,28.0
WMB,growth -4.3% below threshold,2026-10-02,80.08000183105469,2026-05-20,-0.11913087783956278,True,17.0,True,17.0,True,17.0,True,7.0
WMG,distance -6.21% outside band,2026-10-02,35.41999816894531,2026-05-22,-0.24294178655356835,True,12.0,True,2.0,True,13.0,True,13.0
WMS,distance -12.61% outside band,2026-10-02,179.31500244140625,2026-02-11,-0.29024345475692304,True,4.0,True,31.0,True,31.0,True,33.0
WMT,distance -11.88% outside band,2026-10-02,135.16000366210938,2026-05-19,-0.22861793939519837,True,4.0,True,7.0,True,93.0,True,70.0
WPC,distance -9.15% outside band,2026-10-02,77.22000122070312,2026-07-28,-0.16446522114573314,True,45.0,True,45.0,True,43.0,True,26.0
WRB,growth -12.2% below threshold,2026-10-02,77.44999694824219,2026-07-28,-0.10936079954875755,True,10.0,True,13.0,True,10.0,False,0.0
WSM,distance +11.23% outside band,2026-10-02,254.88999938964844,2026-08-11,-0.08862645216361531,False,0.0,True,1.0,False,0.0,False,0.0
WSO,distance -19.98% outside band,2026-10-02,459.0,2026-04-28,-0.35191720866949205,True,5.0,True,57.0,True,63.0,True,55.0
WST,distance +20.73% outside band,2026-10-02,386.0,2026-07-23,-0.05445593008723282,False,0.0,False,0.0,False,0.0,False,0.0
WTFC,distance -3.27% outside band,2026-10-02,167.22000122070312,2026-07-16,-0.13275922010634245,True,33.0,True,33.0,True,32.0,True,13.0
WTRG,growth -52.9% below threshold,2026-10-02,42.5099983215332,2026-09-10,-0.07362967247713315,True,11.0,True,9.0,False,0.0,False,0.0
WTS,distance +12.12% outside band,2026-10-02,394.5400085449219,2026-06-30,-0.07976377690253933,False,0.0,False,0.0,False,0.0,False,0.0
WTW,distance -3.41% outside band,2026-10-02,351.510009765625,2026-08-25,-0.1789423420857975,True,20.0,True,13.0,True,5.0,True,8.0
WWD,distance -8.80% outside band,2026-10-02,450.9200134277344,2026-06-25,-0.26457024473957225,False,0.0,True,47.0,True,46.0,True,31.0
WY,distance -23.54% outside band,2026-10-02,27.75,2026-02-12,-0.33441443915839664,True,35.0,True,27.0,True,27.0,True,27.0
WYNN,distance -26.41% outside band,2026-10-02,123.54000091552734,2026-01-05,-0.38578600703344457,True,32.0,True,29.0,True,33.0,True,116.0
XEL,distance -8.54% outside band,2026-10-02,84.2300033569336,2026-02-26,-0.15232104143088054,True,30.0,True,31.0,True,47.0,True,31.0
XOM,distance +10.00% outside band,2026-10-02,176.41000366210938,2026-03-30,-0.07029085027980642,False,0.0,False,0.0,False,0.0,False,0.0
XPO,distance -3.38% outside band,2026-10-02,232.0500030517578,2026-06-12,-0.19806078909473657,False,0.0,True,33.0,True,33.0,True,18.0
XRAY,distance -25.32% outside band,2026-10-02,14.760000228881836,2026-02-27,-0.4126016299560211,True,19.0,True,39.0,True,34.0,True,39.0
XYL,distance -15.88% outside band,2026-10-02,146.5500030517578,2026-01-16,-0.30542477791980904,True,7.0,True,33.0,True,33.0,True,116.0
XYZ,distance +5.98% outside band,2026-10-02,86.91999816894531,2026-08-27,-0.14484579617017024,True,19.0,True,19.0,True,8.0,False,0.0
YETI,distance -7.95% outside band,2026-10-02,53.9900016784668,2026-08-05,-0.2430080077551613,True,3.0,True,36.0,True,35.0,True,31.0
YUM,distance -11.60% outside band,2026-10-02,170.13999938964844,2026-07-07,-0.19995300572765118,True,19.0,True,23.0,True,26.0,True,27.0
ZBH,distance -3.34% outside band,2026-10-02,102.86000061035156,2026-09-01,-0.1416488392802705,True,21.0,True,12.0,True,4.0,True,4.0
ZBRA,distance +40.68% outside band,2026-10-02,386.2300109863281,2026-08-12,-0.02684935230248775,False,0.0,False,0.0,False,0.0,False,0.0
ZION,expected growth -46.2% below threshold,2026-10-02,73.33999633789062,2026-07-16,-0.13866919384738297,True,14.0,True,32.0,True,13.0,True,5.0
ZTS,distance -29.14% outside band,2026-10-02,132.49000549316406,2026-02-12,-0.4739980409691962,True,20.0,True,19.0,True,149.0,True,116.0
