ticker,reason,last_session,ytd_high,ytd_high_date,off_ytd_high,below20,days20,below50,days50,below100,days100,below200,days200
A,distance +25.62% outside band,2026-10-01,177.0500030517578,2026-09-29,-0.058571082729352186,False,0,False,0,False,0.0,False,0.0
AA,distance -27.51% outside band,2026-10-01,84.37999725341797,2026-06-02,-0.5015406169429888,True,16,True,16,True,76.0,True,70.0
AAL,distance -5.26% outside band,2026-10-01,18.790000915527344,2026-07-02,-0.3012240833053508,True,1,True,38,True,32.0,True,26.0
AAON,distance -15.85% outside band,2026-10-01,150.4600067138672,2026-06-03,-0.45314372519090473,False,0,True,2,True,53.0,True,47.0
AAPL,distance +14.35% outside band,2026-10-01,345.3399963378906,2026-09-22,-0.043493337502024776,True,1,False,0,False,0.0,False,0.0
ABBV,distance +12.36% outside band,2026-10-01,269.3900146484375,2026-09-23,-0.03511645368519645,True,1,False,0,False,0.0,False,0.0
ABNB,distance +11.95% outside band,2026-10-01,193.4530029296875,2026-08-24,-0.17049619912580205,True,19,True,11,False,0.0,False,0.0
ABT,distance -7.18% outside band,2026-10-01,129.4600067138672,2026-01-06,-0.2531283992970067,True,23,True,16,True,1.0,True,18.0
ACGL,distance -2.20% outside band,2026-10-01,107.08999633789062,2026-07-28,-0.1198057207993446,True,19,True,25,True,9.0,True,9.0
ACI,distance -23.93% outside band,2026-10-01,18.829999923706055,2026-02-17,-0.3775889370942642,True,10,True,12,True,93.0,True,116.0
ACM,distance -25.59% outside band,2026-10-01,109.0,2026-02-10,-0.45321102317320094,True,17,True,23,True,216.0,True,116.0
ACN,distance +8.15% outside band,2026-10-01,291.0899963378906,2026-01-14,-0.2706722810036907,False,0,False,0,False,0.0,False,0.0
ADBE,distance -7.36% outside band,2026-10-01,351.1199951171875,2026-01-02,-0.3128275172743471,True,19,True,12,True,8.0,True,19.0
ADC,distance -13.41% outside band,2026-10-01,82.08000183105469,2026-03-03,-0.2077242040862992,True,45,True,42,True,42.0,True,38.0
ADI,distance +12.75% outside band,2026-10-01,445.9100036621094,2026-06-22,-0.09264200672630929,False,0,False,0,False,0.0,False,0.0
ADM,distance +7.02% outside band,2026-10-01,88.75,2026-09-10,-0.10400003782460387,True,9,True,8,True,4.0,False,0.0
ADP,distance +10.90% outside band,2026-10-01,288.0,2026-09-01,-0.08347225189208984,True,19,True,7,False,0.0,False,0.0
ADSK,distance -11.73% outside band,2026-10-01,296.79998779296875,2026-01-07,-0.2880390625016066,True,22,True,19,True,13.0,True,22.0
AEE,distance -7.61% outside band,2026-10-01,118.31999969482422,2026-06-26,-0.15787694686744425,True,48,True,46,True,46.0,True,29.0
AEIS,distance -3.50% outside band,2026-10-01,397.44000244140625,2026-04-21,-0.25998897054927805,False,0,False,0,True,32.0,True,31.0
AEP,distance -5.73% outside band,2026-10-01,140.5800018310547,2026-07-07,-0.14817187053452763,True,16,True,46,True,46.0,True,40.0
AES,growth -12.5% below threshold,2026-10-01,17.649999618530273,2026-02-27,-0.15467419837052987,False,0,False,0,False,0.0,False,0.0
AFG,distance +2.08% outside band,2026-10-01,148.7100067138672,2026-08-18,-0.07148143637210425,True,12,True,12,True,6.0,False,0.0
AFL,distance -3.35% outside band,2026-10-01,130.22000122070312,2026-07-29,-0.14621410487669584,True,10,True,31,True,27.0,True,6.0
AGCO,distance -3.92% outside band,2026-10-01,143.77999877929688,2026-02-12,-0.2223536061491923,True,6,True,1,True,2.0,True,3.0
AGNC,distance -16.54% outside band,2026-10-01,12.1899995803833,2026-01-28,-0.26579162285879965,True,23,True,23,True,22.0,True,23.0
AHR,only 1 analysts,2026-10-01,58.70000076293945,2026-07-28,-0.13645659339220362,True,19,True,19,True,10.0,True,1.0
AIG,distance -2.25% outside band,2026-10-01,85.69000244140625,2026-01-05,-0.11973394613036836,False,0,True,37,True,25.0,True,37.0
AIT,distance +12.03% outside band,2026-10-01,374.79998779296875,2026-08-13,-0.09447698585329445,False,0,False,0,False,0.0,False,0.0
AIZ,distance +6.38% outside band,2026-10-01,303.94000244140625,2026-08-06,-0.1240376781739978,True,12,True,9,True,7.0,False,0.0
AJG,growth -60.6% below threshold,2026-10-01,272.7900085449219,2026-08-25,-0.1501887896819959,True,18,True,18,True,8.0,True,8.0
AKAM,distance -4.16% outside band,2026-10-01,165.4499969482422,2026-05-13,-0.3537020110152873,True,3,True,4,True,32.0,True,4.0
ALB,distance -32.45% outside band,2026-10-01,221.0,2026-05-07,-0.5247511367452631,True,20,True,17,True,88.0,True,69.0
ALGM,distance -9.51% outside band,2026-10-01,71.7699966430664,2026-06-30,-0.49310292922202814,False,0,True,56,True,47.0,True,31.0
ALGN,distance -14.70% outside band,2026-10-01,200.44000244140625,2026-04-21,-0.2748453186334142,True,33,True,33,True,33.0,True,32.0
ALK,distance -13.19% outside band,2026-10-01,60.630001068115234,2026-02-09,-0.34867225824222803,True,4,True,36,True,33.0,True,33.0
ALL,expected growth -48.5% below threshold,2026-10-01,277.2200012207031,2026-07-29,-0.19049851138464624,True,13,True,13,True,8.0,True,2.0
ALLE,distance +2.63% outside band,2026-10-01,183.11000061035156,2026-02-12,-0.15744635320275824,False,0,True,12,False,0.0,False,0.0
ALLY,distance -11.81% outside band,2026-10-01,47.290000915527344,2026-06-29,-0.20384857692999558,True,18,True,33,True,31.0,True,18.0
ALV,distance -5.03% outside band,2026-10-01,132.1699981689453,2026-06-02,-0.14451084768652767,True,18,True,18,True,15.0,True,14.0
AM,distance -4.67% outside band,2026-10-01,23.834999084472656,2026-03-26,-0.14998946897043341,True,16,True,16,True,14.0,True,5.0
AMAT,distance +24.17% outside band,2026-10-01,739.6699829101562,2026-06-30,-0.2844106155146491,False,0,False,0,False,0.0,False,0.0
AMCR,distance -2.32% outside band,2026-10-01,50.939998626708984,2026-02-24,-0.17923041813022167,True,25,True,19,True,6.0,True,6.0
AMD,distance +65.26% outside band,2026-10-01,639.0,2026-09-25,-0.03641630599569645,False,0,False,0,False,0.0,False,0.0
AME,distance +8.29% outside band,2026-10-01,261.1600036621094,2026-08-13,-0.04621690593876315,False,0,False,0,False,0.0,False,0.0
AMG,distance +15.16% outside band,2026-10-01,392.9200134277344,2026-08-04,-0.05336964395823507,False,0,False,0,False,0.0,False,0.0
AMGN,distance +11.84% outside band,2026-10-01,447.0299987792969,2026-08-25,-0.0889425986493021,False,0,True,1,False,0.0,False,0.0
AMH,distance -3.61% outside band,2026-10-01,35.06999969482422,2026-08-06,-0.12945534780967627,True,26,True,25,True,20.0,True,16.0
AMKR,distance -7.54% outside band,2026-10-01,96.68000030517578,2026-06-16,-0.4528340777937824,False,0,False,0,True,49.0,True,32.0
AMP,expected growth -1.5% below threshold,2026-10-01,572.5599975585938,2026-08-14,-0.13577614671974947,True,12,True,12,True,7.0,False,0.0
AMT,distance -8.99% outside band,2026-10-01,196.0800018310547,2026-06-05,-0.17860059131698025,True,11,True,7,True,11.0,True,12.0
AMZN,distance +2.91% outside band,2026-10-01,287.20001220703125,2026-08-03,-0.13568946665434067,True,8,True,8,True,8.0,False,0.0
AN,distance -17.03% outside band,2026-10-01,235.80999755859375,2026-07-29,-0.3003265035352559,True,12,True,13,True,12.0,True,12.0
ANET,distance +29.01% outside band,2026-10-01,214.88999938964844,2026-08-05,-0.04839682593896155,False,0,False,0,False,0.0,False,0.0
ANF,distance +34.57% outside band,2026-10-01,155.22000122070312,2026-09-09,-0.12150496367755492,True,10,False,0,False,0.0,False,0.0
AON,distance -16.94% outside band,2026-10-01,382.3399963378906,2026-07-28,-0.2782601484277828,True,23,True,23,True,23.0,True,23.0
AOS,distance -12.03% outside band,2026-10-01,81.87000274658203,2026-02-12,-0.30780510238457015,True,3,True,24,True,18.0,True,116.0
APA,distance +22.97% outside band,2026-10-01,47.439998626708984,2026-09-15,-0.08642492817891378,True,9,False,0,False,0.0,False,0.0
APD,distance -4.27% outside band,2026-10-01,314.8699951171875,2026-07-06,-0.13192749131101433,True,20,True,18,True,17.0,True,6.0
APG,distance -4.44% outside band,2026-10-01,49.9900016784668,2026-04-30,-0.19963998843457698,False,0,False,0,True,31.0,True,29.0
APH,distance +15.72% outside band,2026-10-01,89.26000213623047,2026-06-30,-0.04021962672380419,False,0,False,0,False,0.0,False,0.0
APO,distance -9.82% outside band,2026-10-01,153.2899932861328,2026-01-06,-0.25409353939717183,True,22,True,13,True,14.0,True,8.0
APP,distance -38.61% outside band,2026-10-01,683.5,2026-01-02,-0.5884272164468269,True,7,True,59,True,58.0,True,62.0
APPF,distance +9.90% outside band,2026-10-01,239.86000061035156,2026-01-07,-0.1485032728531156,True,11,True,4,False,0.0,False,0.0
APTV,distance -30.74% outside band,2026-10-01,88.93000030517578,2026-01-13,-0.5055661636139223,True,6,True,68,True,80.0,True,83.0
AR,distance -6.31% outside band,2026-10-01,45.75,2026-03-30,-0.2561748900700137,True,12,True,12,True,12.0,True,12.0
ARE,distance -6.50% outside band,2026-10-01,59.7599983215332,2026-01-23,-0.21301873995617826,True,7,True,6,True,5.0,True,5.0
ARES,distance -10.43% outside band,2026-10-01,177.72500610351562,2026-01-09,-0.34409905364173554,True,22,True,16,True,12.0,True,16.0
ARMK,distance +13.03% outside band,2026-10-01,62.650001525878906,2026-08-14,-0.1286512558177938,True,12,True,12,True,6.0,False,0.0
ARW,distance +29.01% outside band,2026-10-01,237.3300018310547,2026-06-22,-0.024017178208677437,False,0,False,0,False,0.0,False,0.0
ARWR,distance -10.64% outside band,2026-10-01,95.48999786376953,2026-07-22,-0.32149960870289507,True,24,True,17,True,13.0,True,13.0
ASB,growth 3.4% below threshold,2026-10-01,32.459999084472656,2026-08-14,-0.115218726944056,True,31,True,18,True,10.0,False,0.0
ASH,distance +9.70% outside band,2026-10-01,78.25,2026-08-07,-0.12319488037889381,True,20,True,16,False,0.0,False,0.0
ATI,distance +14.71% outside band,2026-10-01,243.57000732421875,2026-08-12,-0.21525642056897487,True,26,True,16,True,9.0,False,0.0
ATO,distance -10.41% outside band,2026-10-01,192.50999450683594,2026-04-09,-0.1876785136095388,True,19,True,44,True,96.0,True,45.0
ATR,distance -4.67% outside band,2026-10-01,146.91000366210938,2026-02-24,-0.17725138020838205,True,25,True,22,True,7.0,True,18.0
AVAV,distance -30.44% outside band,2026-10-01,408.25,2026-01-16,-0.6563135393543325,True,4,True,8,True,31.0,True,116.0
AVGO,distance -6.47% outside band,2026-10-01,495.0,2026-06-03,-0.3057777481849747,True,7,True,32,True,33.0,True,21.0
AVNT,distance +7.82% outside band,2026-10-01,46.63999938964844,2026-08-11,-0.13078899129391852,True,23,True,7,False,0.0,False,0.0
AVT,distance +34.19% outside band,2026-10-01,104.58000183105469,2026-09-25,-0.022375252689948777,False,0,False,0,False,0.0,False,0.0
AVTR,distance +40.27% outside band,2026-10-01,16.049999237060547,2026-09-17,-0.06355137399222466,True,2,False,0,False,0.0,False,0.0
AVY,expected growth -12.7% below threshold,2026-10-01,199.5399932861328,2026-02-24,-0.13992181571796036,False,0,True,6,False,0.0,True,18.0
AWK,distance -3.12% outside band,2026-10-01,142.3699951171875,2026-09-10,-0.10191750371904196,True,13,True,10,True,6.0,True,6.0
AXON,distance -15.16% outside band,2026-10-01,665.0700073242188,2026-07-07,-0.36516458898250603,True,24,True,22,True,17.0,True,17.0
AXP,distance -9.18% outside band,2026-10-01,386.260009765625,2026-01-06,-0.21791024517088142,True,30,True,33,True,23.0,True,30.0
AXTA,growth -1.1% below threshold,2026-10-01,38.61000061035156,2026-08-07,-0.17508417824446865,True,23,True,17,True,11.0,True,1.0
AYI,distance -4.81% outside band,2026-10-01,380.1700134277344,2026-01-05,-0.21277326404338748,True,4,True,24,True,16.0,True,4.0
AZO,distance -14.58% outside band,2026-10-01,3887.030029296875,2026-02-13,-0.2747599045930681,True,3,True,30,True,101.0,True,116.0
BA,distance -12.92% outside band,2026-10-01,254.35000610351562,2026-01-27,-0.24403383461668737,True,32,True,30,True,30.0,True,30.0
BAC,distance -2.86% outside band,2026-10-01,65.2300033569336,2026-08-17,-0.17629929821971835,True,14,True,14,True,10.0,True,3.0
BAH,distance -9.55% outside band,2026-10-01,109.0999984741211,2026-01-23,-0.3540788065416989,True,7,True,6,True,4.0,True,10.0
BALL,distance -5.88% outside band,2026-10-01,68.29000091552734,2026-02-11,-0.17264607933028464,True,19,True,19,True,10.0,True,7.0
BAX,distance +13.59% outside band,2026-10-01,30.0,2026-07-30,-0.21200002034505205,True,1,True,17,False,0.0,False,0.0
BBWI,distance -17.67% outside band,2026-10-01,24.940000534057617,2026-02-17,-0.3424218417263172,True,18,True,38,True,29.0,True,40.0
BBY,distance +20.34% outside band,2026-10-01,96.52999877929688,2026-09-23,-0.09147417323855278,True,4,False,0,False,0.0,False,0.0
BC,distance -18.45% outside band,2026-10-01,90.25,2026-02-18,-0.28842103910578254,True,27,True,27,True,26.0,True,25.0
BCO,distance -10.74% outside band,2026-10-01,136.3699951171875,2026-02-26,-0.2669208418259793,True,14,True,23,True,11.0,True,29.0
BDC,distance -9.20% outside band,2026-10-01,159.99000549316406,2026-02-12,-0.3232077313484224,True,14,True,14,True,14.0,True,14.0
BDX,distance +9.65% outside band,2026-10-01,193.07000732421875,2026-08-24,-0.07769202585055479,True,3,True,2,False,0.0,False,0.0
BE,distance +34.47% outside band,2026-10-01,351.2799987792969,2026-06-25,-0.20980418032094017,False,0,False,0,False,0.0,False,0.0
BEN,distance +10.23% outside band,2026-10-01,36.279998779296875,2026-08-05,-0.10418960602209071,True,17,True,16,True,4.0,False,0.0
BF-B,distance -3.69% outside band,2026-10-01,31.239999771118164,2026-04-09,-0.1686939979633375,True,27,True,19,True,19.0,True,19.0
BG,distance -8.16% outside band,2026-10-01,134.8699951171875,2026-06-03,-0.20953507473831412,True,10,True,10,True,10.0,True,9.0
BHF,distance -17.82% outside band,2026-10-01,66.80000305175781,2026-07-13,-0.2507485486448118,True,2,True,46,True,41.0,True,41.0
BIIB,distance +14.28% outside band,2026-10-01,230.49000549316406,2026-09-28,-0.033276923016832494,False,0,False,0,False,0.0,False,0.0
BILL,non-positive profit,2026-10-01,56.435001373291016,2026-01-07,-0.22424031693181412,True,11,True,9,False,0.0,False,0.0
BIO,distance +15.66% outside band,2026-10-01,396.2300109863281,2026-08-27,-0.10261717319416364,True,2,True,1,False,0.0,False,0.0
BJ,expected growth -9.1% below threshold,2026-10-01,105.77999877929688,2026-02-17,-0.10795990074430228,False,0,False,0,False,0.0,False,0.0
BKH,distance -3.43% outside band,2026-10-01,78.69000244140625,2026-04-15,-0.10865424814447389,True,17,True,17,True,17.0,True,16.0
BKNG,distance -12.38% outside band,2026-10-01,220.75360107421875,2026-01-09,-0.2739416344768495,True,25,True,19,True,18.0,True,18.0
BKR,distance -6.22% outside band,2026-10-01,70.41000366210938,2026-04-27,-0.21005544611530447,True,16,True,16,True,16.0,True,14.0
BLK,growth -13.5% below threshold,2026-10-01,1187.1700439453125,2026-08-27,-0.10344774046489269,True,22,True,17,True,4.0,False,0.0
BMRN,growth -57.6% below threshold,2026-10-01,70.9800033569336,2026-08-12,-0.17666954264802315,True,13,True,8,True,4.0,True,1.0
BMY,distance +3.53% outside band,2026-10-01,68.63999938964844,2026-08-19,-0.10460373497990727,True,18,True,12,False,0.0,False,0.0
BNY,distance +5.34% outside band,2026-10-01,165.83999633789062,2026-09-04,-0.13217558280865138,True,14,True,14,True,8.0,False,0.0
BR,distance -6.02% outside band,2026-10-01,224.50999450683594,2026-01-12,-0.2822146103095752,True,19,True,11,False,0.0,True,19.0
BRK-B,only 2 analysts,2026-10-01,537.739990234375,2026-08-10,-0.0692527818474945,True,9,True,6,False,0.0,False,0.0
BRKR,distance +25.87% outside band,2026-10-01,66.9800033569336,2026-09-30,-0.07524640904191415,False,0,False,0,False,0.0,False,0.0
BRO,distance -9.22% outside band,2026-10-01,81.25,2026-01-08,-0.23975384051983173,True,19,True,18,True,9.0,True,18.0
BROS,distance -30.66% outside band,2026-10-01,74.02400207519531,2026-07-02,-0.47841241316390026,True,40,True,40,True,40.0,True,40.0
BRX,distance -6.16% outside band,2026-10-01,32.86000061035156,2026-07-22,-0.1609860260885353,True,46,True,42,True,40.0,True,19.0
BSX,distance -30.25% outside band,2026-10-01,100.9000015258789,2026-01-08,-0.5715560070517078,True,26,True,18,True,30.0,True,116.0
BSY,distance -5.33% outside band,2026-10-01,40.65999984741211,2026-01-12,-0.1945400855163938,False,0,True,19,True,18.0,True,19.0
BTSG,distance +9.76% outside band,2026-10-01,73.75,2026-07-27,-0.2235932430978549,True,13,True,44,True,16.0,False,0.0
BURL,distance -11.44% outside band,2026-10-01,378.3299865722656,2026-07-29,-0.2722754814687963,False,0,True,33,True,29.0,True,25.0
BWA,expected growth -6.2% below threshold,2026-10-01,78.81999969482422,2026-06-03,-0.23395075739793314,True,14,True,14,True,14.0,False,0.0
BWXT,distance -27.97% outside band,2026-10-01,241.82000732421875,2026-04-16,-0.4343313657139526,True,17,True,70,True,70.0,True,67.0
BX,distance -12.72% outside band,2026-10-01,165.13999938964844,2026-01-16,-0.32033427226229516,True,22,True,17,True,13.0,True,17.0
BXP,distance -4.26% outside band,2026-10-01,74.94000244140625,2026-07-29,-0.19615692933067386,True,23,True,23,True,17.0,True,4.0
BYD,distance -20.87% outside band,2026-10-01,91.41000366210938,2026-07-28,-0.27721259109618557,True,45,True,44,True,41.0,True,40.0
C,growth 0.4% below threshold,2026-10-01,147.9600067138672,2026-06-18,-0.14165994703150253,True,8,True,4,True,4.0,False,0.0
CACI,distance +11.55% outside band,2026-10-01,683.5,2026-01-23,-0.082574985283696,False,0,False,0,False,0.0,False,0.0
CAH,distance +5.60% outside band,2026-10-01,258.29998779296875,2026-08-11,-0.10921406422089674,True,16,True,13,False,0.0,False,0.0
CAR,distance -32.03% outside band,2026-10-01,847.7000122070312,2026-04-22,-0.8748142017005602,True,22,True,110,True,70.0,True,46.0
CARR,distance -10.37% outside band,2026-10-01,76.76000213623047,2026-06-25,-0.28061490771325204,True,47,True,47,True,40.0,True,31.0
CART,distance +3.55% outside band,2026-10-01,52.68000030517578,2026-09-03,-0.16268032735721571,True,18,True,13,True,8.0,False,0.0
CASY,distance -15.37% outside band,2026-10-01,927.8499755859375,2026-06-11,-0.33232740604558875,True,27,True,27,True,26.0,True,17.0
CAT,distance +4.10% outside band,2026-10-01,1073.4599609375,2026-06-30,-0.2301995363998024,False,0,False,0,True,32.0,False,0.0
CAVA,distance -24.75% outside band,2026-10-01,98.79000091552734,2026-04-21,-0.44933696708440285,False,0,True,27,True,66.0,True,27.0
CB,expected growth -11.9% below threshold,2026-10-01,365.9100036621094,2026-07-29,-0.09458614282953681,True,10,True,19,True,9.0,False,0.0
CBOE,distance -3.41% outside band,2026-10-01,371.17999267578125,2026-05-19,-0.25321944094242577,False,0,True,15,True,18.0,True,15.0
CBRE,distance -10.16% outside band,2026-10-01,174.27000427246094,2026-02-10,-0.25098986871417717,True,23,True,18,True,7.0,True,18.0
CBSH,expected growth -1.3% below threshold,2026-10-01,60.91999816894531,2026-07-29,-0.0999671129503591,True,12,True,25,True,8.0,False,0.0
CBT,distance -3.21% outside band,2026-10-01,94.52999877929688,2026-06-26,-0.19231990415678923,True,42,True,33,True,24.0,True,4.0
CCI,distance -20.44% outside band,2026-10-01,95.06999969482422,2026-06-05,-0.3045124333772169,True,14,True,19,True,74.0,True,76.0
CCK,expected growth 1.3% below threshold,2026-10-01,122.91000366210938,2026-08-06,-0.13603450266479455,True,26,True,20,True,6.0,True,3.0
CCL,distance -8.81% outside band,2026-10-01,34.029998779296875,2026-02-06,-0.2632970733435268,False,0,True,33,True,31.0,True,33.0
CDE,distance -8.87% outside band,2026-10-01,27.770000457763672,2026-01-26,-0.36766297527974556,True,16,True,4,True,4.0,True,6.0
CDNS,distance +7.74% outside band,2026-10-01,416.69000244140625,2026-06-02,-0.15829511403829089,False,0,False,0,False,0.0,False,0.0
CDP,stale filing (2026-03-31),2026-10-01,38.900001525878906,2026-07-29,-0.14473009890166144,True,24,True,24,True,13.0,False,0.0
CDW,distance +3.15% outside band,2026-10-01,158.0500030517578,2026-09-03,-0.14058842639456692,True,10,True,6,False,0.0,False,0.0
CEG,distance -10.19% outside band,2026-10-01,378.5,2026-01-05,-0.31593127231774276,True,14,True,14,True,14.0,True,17.0
CELH,distance -24.93% outside band,2026-10-01,59.310001373291016,2026-02-26,-0.5378519775291117,True,19,True,18,True,18.0,True,116.0
CF,expected growth -36.2% below threshold,2026-10-01,141.9600067138672,2026-03-30,-0.1931530325551989,True,10,True,9,True,6.0,False,0.0
CFG,distance -2.18% outside band,2026-10-01,75.33000183105469,2026-08-17,-0.15438737269910408,True,12,True,31,True,12.0,True,4.0
CFR,distance +4.85% outside band,2026-10-01,170.8000030517578,2026-08-17,-0.10140519329481645,True,13,True,13,True,3.0,False,0.0
CG,distance -18.68% outside band,2026-10-01,67.30000305175781,2026-01-15,-0.39985144787309945,True,23,True,18,True,18.0,True,34.0
CGNX,distance +11.88% outside band,2026-10-01,72.87999725341797,2026-06-30,-0.1462677886176087,False,0,False,0,True,14.0,False,0.0
CHD,stale filing (2026-03-31),2026-10-01,106.04000091552734,2026-02-24,-0.11250471710839904,True,24,True,20,True,18.0,True,4.0
CHDN,distance -18.17% outside band,2026-10-01,116.04000091552734,2026-01-06,-0.35522234484218684,True,19,True,19,True,19.0,True,106.0
CHE,distance +10.59% outside band,2026-10-01,557.0,2026-08-10,-0.09712747953952539,True,2,True,16,False,0.0,False,0.0
CHH,distance -3.59% outside band,2026-10-01,123.81999969482422,2026-04-21,-0.17371993368797922,False,0,True,25,True,26.0,True,23.0
CHRD,distance +9.18% outside band,2026-10-01,157.05999755859375,2026-09-15,-0.12867688634426766,True,12,True,9,False,0.0,False,0.0
CHRW,distance -11.12% outside band,2026-10-01,210.3300018310547,2026-07-22,-0.271906061634248,False,0,False,0,True,48.0,True,45.0
CHTR,distance -36.50% outside band,2026-10-01,254.11000061035156,2026-04-23,-0.5617252273461086,True,18,True,14,True,18.0,True,116.0
CHWY,distance -27.87% outside band,2026-10-01,34.849998474121094,2026-01-16,-0.49153514808578813,True,18,True,17,True,17.0,True,116.0
CI,distance -4.30% outside band,2026-10-01,305.44000244140625,2026-07-14,-0.12270825918919404,True,12,True,12,True,12.0,True,11.0
CIEN,distance -2.90% outside band,2026-10-01,637.510009765625,2026-06-03,-0.4052799033103417,False,0,False,0,True,58.0,True,22.0
CINF,distance -3.19% outside band,2026-10-01,194.80999755859375,2026-07-07,-0.16765055218629676,True,11,True,38,True,13.0,True,9.0
CL,distance -4.43% outside band,2026-10-01,99.33000183105469,2026-02-27,-0.1489983165099542,True,25,True,25,True,19.0,True,15.0
CLF,non-positive profit,2026-10-01,15.350000381469727,2026-01-26,-0.25276873081545925,True,4,True,4,True,4.0,False,0.0
CLH,distance +7.57% outside band,2026-10-01,335.94000244140625,2026-07-29,-0.06974457494048458,True,11,True,5,False,0.0,False,0.0
CLX,distance -20.53% outside band,2026-10-01,128.89999389648438,2026-02-26,-0.3743211377446112,True,26,True,23,True,22.0,True,24.0
CMC,distance -10.28% outside band,2026-10-01,84.87000274658203,2026-02-11,-0.2609874020155013,True,16,True,16,True,17.0,True,17.0
CMCSA,distance -18.82% outside band,2026-10-01,32.86000061035156,2026-02-12,-0.3396226305576052,True,18,True,14,True,14.0,True,23.0
CME,distance -4.80% outside band,2026-10-01,329.1600036621094,2026-03-03,-0.19461659024755895,True,13,True,5,False,0.0,True,13.0
CMG,distance -7.37% outside band,2026-10-01,41.41999816894531,2026-01-21,-0.21970060058920593,True,13,True,13,True,12.0,True,13.0
CMI,distance -14.30% outside band,2026-10-01,737.760009765625,2026-06-18,-0.29923011120615906,True,65,True,62,True,39.0,True,30.0
CMS,distance -12.66% outside band,2026-10-01,80.36000061035156,2026-04-09,-0.20806372690033725,True,57,True,45,True,57.0,True,45.0
CNC,distance +15.78% outside band,2026-10-01,69.62999725341797,2026-09-14,-0.12408438770298902,True,10,True,10,True,8.0,False,0.0
CNH,distance +15.77% outside band,2026-10-01,14.460000038146973,2026-09-04,-0.11134160805186033,True,6,False,0,False,0.0,False,0.0
CNM,distance -16.02% outside band,2026-10-01,59.65999984741211,2026-02-12,-0.30640293037295097,True,4,True,67,True,79.0,True,79.0
CNO,distance +12.16% outside band,2026-10-01,57.59000015258789,2026-07-31,-0.07831217762777765,True,9,True,9,False,0.0,False,0.0
CNP,distance -10.09% outside band,2026-10-01,45.2599983215332,2026-07-28,-0.17786123587261882,True,17,True,46,True,46.0,True,41.0
CNX,distance -13.81% outside band,2026-10-01,43.619998931884766,2026-03-06,-0.277395661861798,True,15,True,12,True,12.0,True,18.0
COF,distance -5.54% outside band,2026-10-01,259.6400146484375,2026-01-06,-0.25096293038315987,True,18,True,17,True,8.0,True,14.0
COHR,distance +10.74% outside band,2026-10-01,440.0,2026-06-03,-0.27456817626953123,False,0,False,0,True,32.0,False,0.0
COIN,non-positive profit,2026-10-01,263.07000732421875,2026-01-14,-0.28045771841696987,False,0,False,0,False,0.0,False,0.0
COKE,distance +2.76% outside band,2026-10-01,219.64999389648438,2026-03-16,-0.14814474933000954,True,3,True,2,False,0.0,False,0.0
COLB,distance -3.64% outside band,2026-10-01,33.68000030517578,2026-07-16,-0.1469715177579366,True,31,True,31,True,18.0,True,8.0
COLM,distance -2.89% outside band,2026-10-01,69.05999755859375,2026-06-15,-0.164639434315617,False,0,True,3,True,44.0,True,26.0
COO,distance -19.71% outside band,2026-10-01,85.04000091552734,2026-01-07,-0.3249059356850301,True,27,True,25,True,18.0,True,27.0
COP,distance +9.19% outside band,2026-10-01,141.6199951171875,2026-09-15,-0.10281032382853617,True,12,True,4,False,0.0,False,0.0
COR,distance -2.71% outside band,2026-10-01,376.9200134277344,2026-03-02,-0.17812801723596994,True,13,True,11,False,0.0,True,12.0
CORT,distance +63.42% outside band,2026-10-01,126.37999725341797,2026-08-25,-0.09772114846115088,False,0,False,0,False,0.0,False,0.0
COST,distance -4.80% outside band,2026-10-01,1096.5,2026-05-19,-0.16558139312229248,False,0,True,25,True,87.0,True,26.0
CPAY,distance +12.53% outside band,2026-10-01,427.4599914550781,2026-09-03,-0.08826552478120064,True,13,True,5,False,0.0,False,0.0
CPRT,distance -18.67% outside band,2026-10-01,41.790000915527344,2026-01-21,-0.34697295243686943,True,17,True,11,True,13.0,True,116.0
CPT,distance -9.66% outside band,2026-10-01,119.80999755859375,2026-07-07,-0.19355642504433335,True,45,True,44,True,27.0,True,25.0
CR,distance +4.75% outside band,2026-10-01,230.5,2026-07-27,-0.10490235434178419,False,0,True,32,False,0.0,False,0.0
CRBG,distance +14.50% outside band,2026-10-01,35.63999938964844,2026-09-17,-0.05555554366287152,True,4,False,0,False,0.0,False,0.0
CRH,distance -24.75% outside band,2026-10-01,131.5500030517578,2026-01-09,-0.3789434051468805,True,36,True,67,True,67.0,True,105.0
CRL,distance +36.91% outside band,2026-10-01,303.30999755859375,2026-08-27,-0.05433388651537774,False,0,False,0,False,0.0,False,0.0
CRM,distance +17.99% outside band,2026-10-01,268.2699890136719,2026-09-03,-0.11771717995133701,True,10,False,0,False,0.0,False,0.0
CROX,distance +12.14% outside band,2026-10-01,141.27999877929688,2026-08-04,-0.15600227283380386,False,0,True,4,True,2.0,False,0.0
CRS,distance -13.01% outside band,2026-10-01,625.989990234375,2026-07-06,-0.38706687259048655,True,38,True,38,True,30.0,True,14.0
CRUS,distance -14.05% outside band,2026-10-01,180.4199981689453,2026-05-27,-0.33394302522706987,False,0,True,75,True,69.0,True,57.0
CRWD,distance +74.14% outside band,2026-10-01,269.29998779296875,2026-10-01,-0.011919760863657647,False,0,False,0,False,0.0,False,0.0
CSCO,distance +11.49% outside band,2026-10-01,130.3699951171875,2026-06-04,-0.16575894600235397,False,0,True,35,True,22.0,False,0.0
CSGP,distance -31.13% outside band,2026-10-01,70.56999969482422,2026-01-27,-0.6071985343173021,True,21,True,12,True,26.0,True,116.0
CSL,distance -7.65% outside band,2026-10-01,432.9100036621094,2026-02-12,-0.24878152802191233,True,33,True,24,True,23.0,True,18.0
CSX,distance +5.18% outside band,2026-10-01,53.599998474121094,2026-07-27,-0.131716376111511,True,23,True,22,True,12.0,False,0.0
CTAS,distance +4.01% outside band,2026-10-01,219.1699981689453,2026-07-29,-0.10754205531023897,True,3,True,13,False,0.0,False,0.0
CTRE,distance -8.05% outside band,2026-10-01,43.619998931884766,2026-07-28,-0.17675376600793324,True,19,True,37,True,37.0,True,16.0
CTSH,growth -3.9% below threshold,2026-10-01,87.02999877929688,2026-01-14,-0.3004710798341679,False,0,False,0,False,0.0,True,12.0
CTVA,distance -83.97% outside band,2026-10-01,90.97000122070312,2026-07-29,-0.861822584081009,True,14,True,12,True,12.0,True,4.0
CUBE,distance -4.55% outside band,2026-10-01,43.2599983215332,2026-07-28,-0.13245491827456102,True,10,True,29,True,25.0,True,8.0
CUZ,distance +3.34% outside band,2026-10-01,32.95000076293945,2026-07-29,-0.16145679754145947,True,4,True,39,True,18.0,False,0.0
CVLT,distance +28.09% outside band,2026-10-01,154.8300018310547,2026-07-08,-0.045598381935675336,False,0,False,0,False,0.0,False,0.0
CVNA,distance -12.54% outside band,2026-10-01,97.37799835205078,2026-01-23,-0.3526258294238216,True,16,True,13,True,13.0,True,16.0
CVS,distance -2.80% outside band,2026-10-01,110.68000030517578,2026-07-22,-0.23021325701732998,True,13,True,41,True,17.0,True,3.0
CVX,distance +11.13% outside band,2026-10-01,217.77999877929688,2026-09-15,-0.04904028255875137,True,9,False,0,False,0.0,False,0.0
CW,distance -19.48% outside band,2026-10-01,808.1599731445312,2026-07-07,-0.32570280569444976,True,35,True,40,True,40.0,True,31.0
CYTK,distance -6.43% outside band,2026-10-01,88.30999755859375,2026-06-30,-0.2569357427165242,True,17,True,39,True,24.0,True,13.0
D,distance -5.57% outside band,2026-10-01,72.98999786376953,2026-07-17,-0.1675571982487618,True,45,True,41,True,25.0,True,10.0
DAL,distance +11.08% outside band,2026-10-01,95.68000030517578,2026-07-02,-0.12071491445358007,False,0,False,0,False,0.0,False,0.0
DAR,distance +9.93% outside band,2026-10-01,69.9800033569336,2026-08-20,-0.11917695866270395,True,9,True,9,False,0.0,False,0.0
DASH,distance -2.54% outside band,2026-10-01,238.8280029296875,2026-08-28,-0.23721255122084106,True,20,True,18,True,4.0,True,4.0
DBX,distance +20.99% outside band,2026-10-01,38.16999816894531,2026-09-15,-0.10715212297857013,True,8,True,6,False,0.0,False,0.0
DCI,distance -3.80% outside band,2026-10-01,112.83999633789062,2026-02-12,-0.22226156518616025,True,33,True,24,True,14.0,True,23.0
DD,distance -6.11% outside band,2026-10-01,157.97999572753906,2026-02-12,-0.18217495605540102,True,1,True,32,True,32.0,True,23.0
DDOG,distance +50.12% outside band,2026-10-01,292.7200012207031,2026-08-05,-0.055547997054582465,False,0,False,0,False,0.0,False,0.0
DE,distance +13.70% outside band,2026-10-01,721.219970703125,2026-09-23,-0.07481761893655536,True,3,False,0,False,0.0,False,0.0
DECK,distance -21.53% outside band,2026-10-01,122.29000091552734,2026-02-20,-0.3493335587609674,True,46,True,53,True,53.0,True,45.0
DELL,distance +86.17% outside band,2026-10-01,595.510009765625,2026-09-18,-0.09029238576932108,True,2,False,0,False,0.0,False,0.0
DG,distance -6.30% outside band,2026-10-01,158.22999572753906,2026-02-26,-0.24837259990852245,True,13,True,3,False,0.0,True,13.0
DGX,distance +12.27% outside band,2026-10-01,248.83999633789062,2026-09-21,-0.07133097677713329,True,8,True,3,False,0.0,False,0.0
DHI,distance -7.79% outside band,2026-10-01,170.7899932861328,2026-06-25,-0.19749398122540796,True,4,True,30,True,26.0,True,26.0
DHR,distance +5.00% outside band,2026-10-01,242.8000030517578,2026-01-22,-0.12784187872643915,True,1,False,0,False,0.0,False,0.0
DINO,distance +59.18% outside band,2026-10-01,118.38999938964844,2026-09-21,-0.04806151254954527,False,0,False,0,False,0.0,False,0.0
DIS,distance -2.47% outside band,2026-10-01,116.02999877929688,2026-01-05,-0.12669134795220816,True,4,True,1,True,1.0,True,1.0
DKS,distance -33.55% outside band,2026-10-01,244.3800048828125,2026-06-22,-0.45637939500319935,False,0,True,62,True,53.0,True,37.0
DLB,growth -69.9% below threshold,2026-10-01,69.94999694824219,2026-02-12,-0.15568257398222562,True,14,True,11,False,0.0,True,12.0
DLR,distance -2.45% outside band,2026-10-01,208.13999938964844,2026-04-24,-0.15206108383441475,True,8,True,14,True,24.0,True,5.0
DLTR,distance -2.51% outside band,2026-10-01,142.39999389648438,2026-01-15,-0.1964185027398314,True,18,True,18,True,13.0,True,13.0
DOC,distance +3.02% outside band,2026-10-01,22.950000762939453,2026-07-28,-0.1529411813593453,True,19,True,25,True,8.0,False,0.0
DOCN,distance +33.22% outside band,2026-10-01,187.5,2026-06-17,-0.25439998372395833,False,0,False,0,False,0.0,False,0.0
DOCS,distance +6.06% outside band,2026-10-01,46.75,2026-01-06,-0.39037433155080214,False,0,False,0,False,0.0,False,0.0
DOCU,distance +29.98% outside band,2026-10-01,74.06500244140625,2026-09-15,-0.05839471322583545,False,0,False,0,False,0.0,False,0.0
DOV,distance -10.49% outside band,2026-10-01,237.5399932861328,2026-02-12,-0.20830174760482167,True,2,True,54,True,54.0,True,36.0
DOW,distance -13.73% outside band,2026-10-01,42.7400016784668,2026-03-31,-0.3544689033906089,True,20,True,19,True,83.0,True,27.0
DPZ,distance -16.78% outside band,2026-10-01,425.4100036621094,2026-01-02,-0.3065513329246724,True,19,True,17,True,17.0,True,116.0
DRI,distance -3.22% outside band,2026-10-01,229.75999450683594,2026-08-13,-0.1407990582266665,True,6,True,6,True,5.0,True,5.0
DT,distance +39.48% outside band,2026-10-01,59.41999816894531,2026-10-01,-0.0026926935769535643,False,0,False,0,False,0.0,False,0.0
DTE,distance -12.55% outside band,2026-10-01,155.75,2026-07-07,-0.2085393473960423,True,57,True,47,True,47.0,True,41.0
DTM,distance -10.64% outside band,2026-10-01,152.8800048828125,2026-05-26,-0.21454737051388817,True,49,True,48,True,48.0,True,31.0
DUK,distance -8.29% outside band,2026-10-01,134.49000549316406,2026-03-17,-0.15428661448340286,True,45,True,44,True,45.0,True,34.0
DUOL,distance +14.88% outside band,2026-10-01,192.9199981689453,2026-01-05,-0.24025498281487956,False,0,False,0,False,0.0,False,0.0
DVA,distance +3.87% outside band,2026-10-01,247.49000549316406,2026-08-03,-0.28744594856624783,True,6,True,41,True,41.0,False,0.0
DVN,distance +5.88% outside band,2026-10-01,52.709999084472656,2026-03-30,-0.10529310061580843,True,5,False,0,False,0.0,False,0.0
DXCM,distance +18.20% outside band,2026-10-01,92.58999633789062,2026-08-24,-0.06868985022687957,True,7,False,0,False,0.0,False,0.0
DY,distance -30.57% outside band,2026-10-01,566.469970703125,2026-05-27,-0.5234345942115994,True,31,True,64,True,32.0,True,29.0
EAT,distance +14.58% outside band,2026-10-01,254.99000549316406,2026-08-25,-0.2378916912637017,True,25,True,15,False,0.0,False,0.0
EBAY,distance +4.92% outside band,2026-10-01,119.30999755859375,2026-05-20,-0.11248008082771677,True,3,True,4,True,9.0,False,0.0
ECHO,distance -18.87% outside band,2026-10-01,147.25,2026-05-18,-0.400679117147708,True,6,True,2,True,74.0,True,70.0
ED,distance -4.06% outside band,2026-10-01,116.2300033569336,2026-03-17,-0.10952424493906887,True,17,True,44,True,19.0,True,16.0
EEFT,distance -11.21% outside band,2026-10-01,83.97000122070312,2026-07-29,-0.24211029576646292,True,13,True,34,True,14.0,True,18.0
EFX,distance -23.61% outside band,2026-10-01,228.6699981689453,2026-01-09,-0.3889447813599747,True,19,True,19,True,18.0,True,19.0
EG,distance +5.93% outside band,2026-10-01,401.07000732421875,2026-07-28,-0.08065925028735543,True,10,True,10,False,0.0,False,0.0
EGP,growth -20.2% below threshold,2026-10-01,226.7100067138672,2026-07-17,-0.14057610794480724,True,2,True,42,True,32.0,True,1.0
EHC,distance +10.12% outside band,2026-10-01,127.5,2026-08-11,-0.06619609757965683,True,2,True,1,False,0.0,False,0.0
EIX,distance -21.12% outside band,2026-10-01,81.62000274658203,2026-07-28,-0.34084786294235325,True,24,True,25,True,24.0,True,23.0
EL,distance -2.14% outside band,2026-10-01,121.63999938964844,2026-02-03,-0.2585497953473237,True,7,True,2,False,0.0,True,1.0
ELAN,distance -8.53% outside band,2026-10-01,27.979999542236328,2026-08-05,-0.2219442168002379,True,17,True,20,True,17.0,True,17.0
ELF,distance +33.20% outside band,2026-10-01,110.04000091552734,2026-09-08,-0.054071287969220116,False,0,False,0,False,0.0,False,0.0
ELS,distance -9.52% outside band,2026-10-01,69.0,2026-03-13,-0.16492755171181495,True,26,True,26,True,25.0,True,24.0
ELV,distance +4.38% outside band,2026-10-01,436.239990234375,2026-07-14,-0.12509164228002634,True,8,True,5,True,5.0,False,0.0
EME,expected growth -8.1% below threshold,2026-10-01,951.9600219726562,2026-05-06,-0.19216142322522412,False,0,True,14,True,31.0,True,14.0
EMR,distance +9.73% outside band,2026-10-01,166.35000610351562,2026-08-12,-0.046768851781439524,False,0,False,0,False,0.0,False,0.0
ENS,expected growth 3.4% below threshold,2026-10-01,244.3000030517578,2026-05-21,-0.22394599275660354,False,0,False,0,True,55.0,False,0.0
ENSG,distance -6.70% outside band,2026-10-01,218.0,2026-03-02,-0.2218807115467316,True,2,True,7,True,1.0,True,37.0
ENTG,distance +20.29% outside band,2026-10-01,186.94000244140625,2026-06-22,-0.15224139479075693,False,0,False,0,False,0.0,False,0.0
EOG,distance +7.18% outside band,2026-10-01,154.16000366210938,2026-09-15,-0.08335499350194941,True,12,True,10,False,0.0,False,0.0
EPR,distance -2.46% outside band,2026-10-01,64.97000122070312,2026-07-29,-0.14591348875048904,True,19,True,27,True,15.0,True,2.0
EQH,distance +14.75% outside band,2026-10-01,55.060001373291016,2026-09-17,-0.056483845491878015,True,4,False,0,False,0.0,False,0.0
EQIX,distance +2.65% outside band,2026-10-01,1128.6800537109375,2026-04-24,-0.10308504720939438,True,5,True,7,True,7.0,False,0.0
EQT,distance -9.79% outside band,2026-10-01,68.23999786376953,2026-03-27,-0.26597301112780325,True,15,True,12,True,15.0,True,90.0
ERIE,distance -10.91% outside band,2026-10-01,292.69000244140625,2026-02-06,-0.24114250996729591,True,19,True,12,True,8.0,True,13.0
ES,distance -8.34% outside band,2026-10-01,76.56999969482422,2026-07-28,-0.16011495605450798,True,17,True,33,True,17.0,True,16.0
ESAB,distance -31.73% outside band,2026-10-01,137.4199981689453,2026-02-12,-0.5116431268770215,True,4,True,38,True,41.0,True,116.0
ESNT,distance -6.55% outside band,2026-10-01,70.37000274658203,2026-08-18,-0.1635640427311128,True,13,True,10,True,5.0,True,2.0
ESS,growth -41.2% below threshold,2026-10-01,303.3500061035156,2026-07-07,-0.11155429588599719,True,25,True,26,True,22.0,False,0.0
ETN,distance +12.53% outside band,2026-10-01,478.0,2026-08-12,-0.08518828707260073,False,0,False,0,False,0.0,False,0.0
ETR,distance -5.47% outside band,2026-10-01,118.44999694824219,2026-05-01,-0.15238493784217144,True,16,True,47,True,46.0,True,15.0
EVR,distance -20.35% outside band,2026-10-01,388.7099914550781,2026-01-16,-0.33369348436228263,True,17,True,54,True,46.0,True,46.0
EVRG,distance -2.80% outside band,2026-10-01,88.62000274658203,2026-07-07,-0.1109230594267141,True,17,True,46,True,30.0,True,10.0
EW,stale filing (2026-03-31),2026-10-01,96.29000091552734,2026-07-07,-0.11527675115362002,True,2,True,7,True,2.0,False,0.0
EWBC,distance +2.74% outside band,2026-10-01,137.47000122070312,2026-08-17,-0.09056524672352828,True,31,True,31,True,12.0,False,0.0
EXC,distance -11.36% outside band,2026-10-01,50.650001525878906,2026-03-17,-0.20098716680145512,True,45,True,45,True,45.0,True,45.0
EXE,distance -12.76% outside band,2026-10-01,114.80999755859375,2026-03-26,-0.2512847233482204,True,15,True,12,True,12.0,True,116.0
EXEL,distance +18.26% outside band,2026-10-01,61.13999938964844,2026-09-30,-0.05233890734191338,False,0,False,0,False,0.0,False,0.0
EXLS,distance +10.32% outside band,2026-10-01,43.189998626708984,2026-01-26,-0.1553600207878485,False,0,False,0,False,0.0,False,0.0
EXP,distance -16.61% outside band,2026-10-01,245.52999877929688,2026-06-25,-0.2951166530172604,True,36,True,40,True,33.0,True,36.0
EXPD,distance +15.52% outside band,2026-10-01,194.58999633789062,2026-09-15,-0.03520217366586553,True,8,False,0,False,0.0,False,0.0
EXPE,non-positive profit,2026-10-01,342.0,2026-08-26,-0.23195902506510413,True,23,True,18,True,7.0,False,0.0
EXPO,distance +5.06% outside band,2026-10-01,81.94999694824219,2026-02-09,-0.14704082820129682,False,0,False,0,False,0.0,False,0.0
EXR,distance -6.12% outside band,2026-10-01,158.8800048828125,2026-07-29,-0.16238672116599884,True,34,True,30,True,26.0,True,23.0
F,distance -9.12% outside band,2026-10-01,17.780000686645508,2026-05-29,-0.3098987635596874,True,18,True,18,True,14.0,True,10.0
FAF,distance -8.54% outside band,2026-10-01,79.87000274658203,2026-07-29,-0.22987359200803992,True,13,True,13,True,10.0,True,6.0
FANG,expected growth -25.9% below threshold,2026-10-01,216.89999389648438,2026-08-20,-0.14472107087577568,True,12,True,12,True,10.0,False,0.0
FAST,distance +8.75% outside band,2026-10-01,52.91999816894531,2026-08-11,-0.05083141949705394,False,0,False,0,False,0.0,False,0.0
FBIN,distance -16.90% outside band,2026-10-01,64.83999633789062,2026-02-11,-0.4059222295906625,True,40,True,34,True,22.0,True,33.0
FCFS,distance +2.98% outside band,2026-10-01,238.92999267578125,2026-08-25,-0.12882434069741988,True,13,True,3,True,7.0,False,0.0
FCN,distance -12.82% outside band,2026-10-01,189.3000030517578,2026-04-28,-0.25134707376653087,True,19,True,27,True,44.0,True,45.0
FCX,distance +9.12% outside band,2026-10-01,80.23999786376953,2026-08-26,-0.13659022153864464,True,7,True,2,False,0.0,False,0.0
FDS,distance +11.39% outside band,2026-10-01,320.4800109863281,2026-09-03,-0.1337681732561925,True,18,True,8,False,0.0,False,0.0
FDX,distance -3.90% outside band,2026-10-01,345.3699951171875,2026-06-15,-0.16880443760954678,True,22,True,18,True,18.0,True,9.0
FDXF,insufficient price history,2026-10-01,200.0,2026-05-28,-0.4466500091552734,True,33,True,40,,,,
FE,distance -8.53% outside band,2026-10-01,52.34000015258789,2026-04-09,-0.17099733925959748,True,18,True,40,True,41.0,True,40.0
FERG,distance -6.86% outside band,2026-10-01,271.6400146484375,2026-02-12,-0.1846193728864972,False,0,True,28,True,28.0,True,28.0
FFIN,distance -2.42% outside band,2026-10-01,36.52000045776367,2026-07-16,-0.1306133734384889,True,12,True,31,True,12.0,True,8.0
FFIV,distance +28.93% outside band,2026-10-01,462.0,2026-09-23,-0.03965369550696696,False,0,False,0,False,0.0,False,0.0
FHI,stale filing (2026-03-31),2026-10-01,67.19999694824219,2026-08-05,-0.16428567860402055,True,23,True,16,True,13.0,True,2.0
FHN,distance -5.57% outside band,2026-10-01,26.559999465942383,2026-02-06,-0.13215362573266143,True,31,True,31,True,18.0,True,12.0
FICO,distance -45.95% outside band,2026-10-01,1691.030029296875,2026-01-02,-0.6086704620643824,True,19,True,45,True,22.0,True,116.0
FIS,distance -29.51% outside band,2026-10-01,68.37000274658203,2026-01-08,-0.5158695751876968,True,18,True,19,True,34.0,True,116.0
FISV,distance -20.21% outside band,2026-10-01,70.41000366210938,2026-01-08,-0.355489295443168,True,18,True,18,True,34.0,True,115.0
FITB,distance -2.43% outside band,2026-10-01,59.5,2026-07-16,-0.15277311180819986,True,32,True,31,True,12.0,True,4.0
FIVE,distance +3.08% outside band,2026-10-01,263.8800048828125,2026-08-24,-0.16185389542051298,True,13,True,7,False,0.0,False,0.0
FIX,distance +8.58% outside band,2026-10-01,2073.989990234375,2026-05-14,-0.1874165029735506,False,0,False,0,True,32.0,False,0.0
FLEX,distance +13.50% outside band,2026-10-01,166.86000061035156,2026-06-03,-0.3241040491024648,False,0,True,59,True,32.0,False,0.0
FLG,distance -14.27% outside band,2026-10-01,15.4399995803833,2026-07-16,-0.24287565426908553,True,54,True,49,True,33.0,True,25.0
FLR,growth -28.7% below threshold,2026-10-01,58.349998474121094,2026-09-03,-0.15458435096732492,True,8,True,6,True,6.0,False,0.0
FLS,distance -4.31% outside band,2026-10-01,92.41000366210938,2026-02-26,-0.2093929805940442,True,5,True,6,True,5.0,True,6.0
FN,distance -15.12% outside band,2026-10-01,748.8900146484375,2026-05-14,-0.3971878465313329,False,0,False,0,True,32.0,True,32.0
FNB,distance -3.58% outside band,2026-10-01,19.59000015258789,2026-07-02,-0.11995918137648842,True,31,True,31,True,18.0,True,8.0
FND,distance -18.69% outside band,2026-10-01,77.45999908447266,2026-01-16,-0.4057578192184116,True,7,True,30,True,24.0,True,34.0
FNF,distance -21.13% outside band,2026-10-01,58.40999984741211,2026-02-12,-0.3304228605971422,True,39,True,33,True,32.0,True,39.0
FOUR,distance -27.47% outside band,2026-10-01,68.56999969482422,2026-01-14,-0.4811141608661794,True,13,True,26,True,13.0,True,41.0
FOX,distance -3.24% outside band,2026-10-01,68.17500305175781,2026-01-06,-0.19442617219612635,True,12,True,5,True,1.0,True,5.0
FOXA,distance -3.03% outside band,2026-10-01,76.38999938964844,2026-01-09,-0.19780076883204045,True,12,True,5,True,1.0,True,5.0
FR,distance -4.16% outside band,2026-10-01,69.87999725341797,2026-07-17,-0.15755579213327287,True,7,True,40,True,26.0,True,7.0
FRT,distance -3.93% outside band,2026-10-01,128.2100067138672,2026-07-28,-0.15739807252024463,True,20,True,42,True,32.0,True,11.0
FSLR,distance -23.38% outside band,2026-10-01,320.95001220703125,2026-06-03,-0.46374826588468643,True,33,True,38,True,36.0,True,36.0
FTI,distance +3.00% outside band,2026-10-01,80.69999694824219,2026-09-03,-0.1468401353437624,True,16,True,12,True,10.0,False,0.0
FTNT,distance +51.36% outside band,2026-10-01,181.3699951171875,2026-09-24,-0.014610982895887248,False,0,False,0,False,0.0,False,0.0
FTV,distance -4.18% outside band,2026-10-01,64.55999755859375,2026-07-28,-0.13506811858367418,False,0,True,33,True,27.0,True,22.0
G,distance -5.26% outside band,2026-10-01,48.41999816894531,2026-01-09,-0.2833539430987696,False,0,True,10,False,0.0,True,19.0
GAP,distance -3.42% outside band,2026-10-01,29.360000610351562,2026-02-20,-0.225817470377629,False,0,False,0,False,0.0,True,87.0
GATX,distance -5.99% outside band,2026-10-01,205.55999755859375,2026-04-17,-0.17843935158311053,True,3,True,3,True,3.0,True,3.0
GBCI,distance -9.13% outside band,2026-10-01,54.58000183105469,2026-07-16,-0.20465374878912368,True,33,True,40,True,31.0,True,30.0
GD,distance -6.35% outside band,2026-10-01,400.0,2026-07-29,-0.16819999694824217,True,30,True,23,True,19.0,True,10.0
GDDY,distance +3.66% outside band,2026-10-01,123.93000030517578,2026-01-02,-0.21746144502443499,True,5,False,0,False,0.0,False,0.0
GE,distance -3.52% outside band,2026-10-01,388.8399963378906,2026-08-06,-0.1966103857871152,True,4,True,31,True,17.0,True,4.0
GEF,distance +11.31% outside band,2026-10-01,90.56999969482422,2026-08-05,-0.09948108829181501,True,6,True,6,False,0.0,False,0.0
GEHC,distance -10.36% outside band,2026-10-01,89.7699966430664,2026-01-08,-0.2872897188954282,True,2,True,18,True,2.0,True,25.0
GEN,distance -9.66% outside band,2026-10-01,31.649999618530273,2026-09-03,-0.2969984117480624,True,10,True,8,True,7.0,True,6.0
GEV,distance +7.80% outside band,2026-10-01,1195.93994140625,2026-07-06,-0.17433143754197655,False,0,False,0,True,32.0,False,0.0
GGG,distance -5.01% outside band,2026-10-01,95.69000244140625,2026-02-12,-0.18737589975666302,False,0,True,23,False,0.0,True,30.0
GHC,only 1 analysts,2026-10-01,1262.3499755859375,2026-07-30,-0.08797872117190597,False,0,True,26,False,0.0,False,0.0
GILD,distance +8.00% outside band,2026-10-01,157.2899932861328,2026-02-11,-0.06224167908967626,True,2,False,0,False,0.0,False,0.0
GIS,distance -18.54% outside band,2026-10-01,49.59000015258789,2026-02-12,-0.36136317848667676,True,20,True,18,True,9.0,True,20.0
GL,distance +5.45% outside band,2026-10-01,191.5500030517578,2026-07-17,-0.13427303999443663,True,9,True,31,True,8.0,False,0.0
GLPI,distance -16.77% outside band,2026-10-01,49.95000076293945,2026-03-02,-0.24744745588716988,True,27,True,45,True,76.0,True,45.0
GLW,distance +6.86% outside band,2026-10-01,271.7799987792969,2026-06-30,-0.40974317871265853,False,0,False,0,True,55.0,False,0.0
GM,growth -50.8% below threshold,2026-10-01,91.8499984741211,2026-07-29,-0.13652695834350514,True,10,True,10,True,4.0,True,4.0
GME,distance +8.36% outside band,2026-10-01,26.8799991607666,2026-05-01,-0.10305054452747386,False,0,False,0,False,0.0,False,0.0
GMED,distance -12.14% outside band,2026-10-01,101.4000015258789,2026-01-08,-0.266173544946952,True,2,True,22,True,27.0,True,28.0
GNRC,distance -2.07% outside band,2026-10-01,296.44000244140625,2026-06-25,-0.2986439011273303,False,0,False,0,True,62.0,True,2.0
GNTX,distance -6.16% outside band,2026-10-01,26.479999542236328,2026-06-15,-0.17107246441116442,True,4,True,53,True,25.0,True,25.0
GOOG,expected growth -66.7% below threshold,2026-10-01,404.4700012207031,2026-05-18,-0.17192871742044635,True,1,True,7,True,37.0,True,1.0
GOOGL,expected growth -66.8% below threshold,2026-10-01,408.6099853515625,2026-05-18,-0.1722180016150171,True,1,True,1,True,37.0,True,1.0
GPC,distance +4.32% outside band,2026-10-01,151.57000732421875,2026-02-12,-0.174506850296961,True,18,True,10,False,0.0,False,0.0
GPK,distance -21.32% outside band,2026-10-01,16.110000610351562,2026-01-09,-0.443823730683804,True,28,True,22,True,19.0,True,116.0
GPN,distance +4.96% outside band,2026-10-01,95.87999725341797,2026-08-24,-0.1625990486491682,True,18,True,12,False,0.0,False,0.0
GRMN,distance +14.84% outside band,2026-10-01,314.2799987792969,2026-08-10,-0.10124731910338447,False,0,True,1,False,0.0,False,0.0
GS,distance -6.56% outside band,2026-10-01,1153.989990234375,2026-07-15,-0.222982876369627,True,17,True,26,True,14.0,True,8.0
GWRE,distance +2.59% outside band,2026-10-01,207.49000549316406,2026-08-31,-0.25143378855741605,False,0,True,18,False,0.0,False,0.0
GWW,distance +6.34% outside band,2026-10-01,1419.9100341796875,2026-07-17,-0.09735122447290012,False,0,True,42,True,18.0,False,0.0
GXO,distance -12.44% outside band,2026-10-01,66.8499984741211,2026-02-12,-0.31249064871310883,False,0,True,41,True,41.0,True,50.0
H,distance -5.02% outside band,2026-10-01,206.86000061035156,2026-06-18,-0.22198587466622777,False,0,True,47,True,27.0,True,23.0
HAE,distance +39.34% outside band,2026-10-01,110.44999694824219,2026-09-18,-0.055047481843836454,True,1,False,0,False,0.0,False,0.0
HAL,distance -9.98% outside band,2026-10-01,43.59000015258789,2026-05-20,-0.2686396180507028,True,14,True,11,True,16.0,True,12.0
HALO,distance +36.93% outside band,2026-10-01,116.8499984741211,2026-09-23,-0.08480955209348695,True,2,False,0,False,0.0,False,0.0
HAS,growth -18.9% below threshold,2026-10-01,106.9800033569336,2026-02-12,-0.15890820215512913,False,0,True,13,False,0.0,True,12.0
HBAN,distance -10.30% outside band,2026-10-01,19.459999084472656,2026-02-06,-0.21942444527124538,True,31,True,31,True,18.0,True,18.0
HCA,distance -5.11% outside band,2026-10-01,556.52001953125,2026-03-12,-0.23921871668686112,True,1,False,0,False,0.0,True,111.0
HD,distance -16.78% outside band,2026-10-01,397.6300048828125,2026-02-12,-0.28964115387035916,True,30,True,30,True,25.0,True,36.0
HGV,distance -23.74% outside band,2026-10-01,55.400001525878906,2026-06-25,-0.3712996232538981,True,45,True,45,True,45.0,True,33.0
HIG,distance -7.52% outside band,2026-10-01,146.07000732421875,2026-07-30,-0.13917990306746875,True,18,True,19,True,12.0,True,13.0
HII,distance -20.34% outside band,2026-10-01,460.0,2026-03-02,-0.4036304639733356,True,31,True,24,True,33.0,True,104.0
HIMS,distance +6.25% outside band,2026-10-01,39.04999923706055,2026-07-06,-0.2496799024453431,False,0,True,1,True,1.0,False,0.0
HL,distance -11.42% outside band,2026-10-01,34.16999816894531,2026-01-26,-0.502487535529045,True,16,True,4,True,4.0,True,14.0
HLI,distance -14.27% outside band,2026-10-01,195.05999755859375,2026-01-21,-0.34184350205249725,True,12,True,12,True,46.0,True,116.0
HLNE,distance -14.33% outside band,2026-10-01,155.66000366210938,2026-01-16,-0.4310034844462499,True,22,True,13,True,12.0,True,22.0
HOG,distance +6.70% outside band,2026-10-01,28.860000610351562,2026-09-04,-0.13963966047873255,True,14,True,11,True,6.0,False,0.0
HOMB,growth 0.9% below threshold,2026-10-01,31.700000762939453,2026-07-29,-0.09905366629101331,True,12,True,18,True,4.0,False,0.0
HON,distance -7.21% outside band,2026-10-01,260.2831726074219,2026-03-02,-0.17858691781728575,False,0,True,33,True,34.0,True,32.0
HONA,insufficient price history,2026-10-01,297.5,2026-06-16,-0.4821176224396009,True,6,True,27,,,,
HOOD,distance +17.82% outside band,2026-10-01,126.73999786376953,2026-09-23,-0.1230077055441331,True,2,False,0,False,0.0,False,0.0
HPE,distance +76.08% outside band,2026-10-01,67.10099792480469,2026-09-30,-0.037570172899292764,False,0,False,0,False,0.0,False,0.0
HPQ,distance +36.29% outside band,2026-10-01,36.22999954223633,2026-09-11,-0.1126138025919936,True,8,False,0,False,0.0,False,0.0
HQY,growth -5.4% below threshold,2026-10-01,107.62000274658203,2026-08-10,-0.1695781409983249,True,25,True,25,True,8.0,False,0.0
HR,distance -7.22% outside band,2026-10-01,22.040000915527344,2026-07-28,-0.20916517326928885,True,44,True,43,True,37.0,True,13.0
HRB,distance +9.03% outside band,2026-10-01,58.66999816894531,2026-08-12,-0.2786773305674881,True,22,True,17,True,5.0,False,0.0
HRL,distance -13.90% outside band,2026-10-01,26.600000381469727,2026-06-26,-0.24962410532981316,True,40,True,38,True,25.0,True,25.0
HSIC,distance +5.86% outside band,2026-10-01,92.18000030517578,2026-08-04,-0.07865046621824456,True,18,True,13,False,0.0,False,0.0
HST,distance +5.43% outside band,2026-10-01,25.709999084472656,2026-07-30,-0.12446514856250745,False,0,True,40,True,26.0,False,0.0
HSY,distance -16.63% outside band,2026-10-01,239.47999572753906,2026-03-02,-0.3348087276859799,True,25,True,23,True,25.0,True,86.0
HUBB,distance -4.24% outside band,2026-10-01,565.4998779296875,2026-04-23,-0.1742173089480472,False,0,True,32,True,32.0,True,32.0
HUBS,distance -12.01% outside band,2026-10-01,405.1050109863281,2026-01-07,-0.4632256055811146,True,13,True,11,False,0.0,True,116.0
HUM,distance +29.73% outside band,2026-10-01,428.8800048828125,2026-07-16,-0.11471743062602024,True,4,True,2,False,0.0,False,0.0
HWC,distance +2.51% outside band,2026-10-01,80.12999725341797,2026-08-14,-0.10233367314751052,True,9,True,29,True,4.0,False,0.0
HWM,distance -8.03% outside band,2026-10-01,310.0,2026-08-06,-0.26329030682963706,True,31,True,30,True,24.0,True,18.0
HXL,distance -3.41% outside band,2026-10-01,111.73999786376953,2026-07-27,-0.22373367171958736,True,45,True,31,True,30.0,True,11.0
IBKR,distance +5.74% outside band,2026-10-01,98.75,2026-08-25,-0.13103799940664562,True,8,True,6,True,6.0,False,0.0
IBM,distance -11.84% outside band,2026-10-01,332.4599914550781,2026-06-02,-0.3213619656015867,True,10,True,6,True,12.0,True,57.0
IBOC,distance -3.41% outside band,2026-10-01,78.45999908447266,2026-06-26,-0.11904150454851359,True,12,True,40,True,33.0,True,13.0
ICE,distance -2.32% outside band,2026-10-01,176.0500030517578,2026-01-29,-0.13961943427986356,True,18,True,4,False,0.0,True,5.0
IDA,distance -5.67% outside band,2026-10-01,154.91000366210938,2026-07-06,-0.14879609132302785,True,54,True,46,True,41.0,True,29.0
IDCC,distance +7.08% outside band,2026-10-01,387.29998779296875,2026-04-17,-0.12230827939635547,False,0,False,0,False,0.0,False,0.0
IDXX,distance -12.08% outside band,2026-10-01,726.4099731445312,2026-01-13,-0.2872482218839456,True,1,True,30,True,30.0,True,116.0
IESC,distance +13.96% outside band,2026-10-01,408.2550048828125,2026-08-12,-0.19128975832915973,False,0,True,14,True,14.0,False,0.0
IEX,distance +9.13% outside band,2026-10-01,243.8000030517578,2026-07-29,-0.057219018759735896,False,0,False,0,False,0.0,False,0.0
IFF,distance +9.00% outside band,2026-10-01,89.31999969482422,2026-08-05,-0.06941331134600814,True,2,True,2,False,0.0,False,0.0
ILMN,distance +64.01% outside band,2026-10-01,280.1700134277344,2026-09-30,-0.051575870059193174,False,0,False,0,False,0.0,False,0.0
INCY,distance +9.71% outside band,2026-10-01,132.60000610351562,2026-07-28,-0.11659129715120953,True,7,True,3,False,0.0,False,0.0
INGR,distance -11.55% outside band,2026-10-01,123.48999786376953,2026-02-04,-0.23143570083456277,True,23,True,20,True,21.0,True,116.0
INTC,distance +48.57% outside band,2026-10-01,142.35000610351562,2026-06-30,-0.15700741233030158,False,0,False,0,False,0.0,False,0.0
INTU,distance -28.52% outside band,2026-10-01,661.989990234375,2026-01-02,-0.572833422029267,True,22,True,12,True,12.0,True,116.0
INVH,distance -5.22% outside band,2026-10-01,30.89299964904785,2026-08-06,-0.14543748038582116,True,26,True,26,True,23.0,True,16.0
IP,distance -14.53% outside band,2026-10-01,50.25,2026-02-12,-0.3528358117857976,True,25,True,24,True,18.0,True,23.0
IPGP,distance -17.37% outside band,2026-10-01,155.82000732421875,2026-02-13,-0.4630984486604739,False,0,False,0,True,71.0,True,51.0
IQV,distance +26.77% outside band,2026-10-01,277.3999938964844,2026-09-23,-0.06012975141594856,True,1,False,0,False,0.0,False,0.0
IR,distance -7.77% outside band,2026-10-01,100.95999908447266,2026-02-13,-0.25465530227433186,False,0,True,32,True,25.0,True,32.0
IRM,growth -29.4% below threshold,2026-10-01,134.67999267578125,2026-06-24,-0.17485890037918117,True,7,True,31,True,29.0,True,5.0
IRT,distance -11.21% outside band,2026-10-01,17.700000762939453,2026-07-07,-0.18079099576309998,True,27,True,27,True,25.0,True,25.0
ISRG,distance -10.45% outside band,2026-10-01,603.8800048828125,2026-01-07,-0.3355633785022595,False,0,False,0,False,0.0,True,116.0
IT,distance +11.19% outside band,2026-10-01,252.6300048828125,2026-01-09,-0.23682856618242176,False,0,False,0,False,0.0,False,0.0
ITT,distance +2.67% outside band,2026-10-01,230.32000732421875,2026-08-06,-0.12239493550260061,True,2,True,3,False,0.0,False,0.0
ITW,distance -2.91% outside band,2026-10-01,303.1600036621094,2026-02-12,-0.13959627527708773,True,3,True,23,True,3.0,True,3.0
IVZ,distance +9.43% outside band,2026-10-01,33.65999984741211,2026-08-28,-0.09625667812851357,True,18,True,8,False,0.0,False,0.0
J,distance +5.03% outside band,2026-10-01,153.3000030517578,2026-08-26,-0.08812791582961477,True,22,True,7,False,0.0,False,0.0
JAZZ,distance +10.13% outside band,2026-10-01,266.3800048828125,2026-08-25,-0.12527220423566288,True,26,True,22,True,7.0,False,0.0
JBHT,distance -6.60% outside band,2026-10-01,299.760009765625,2026-07-16,-0.24206034979154056,True,12,True,13,True,12.0,True,12.0
JCI,distance +10.43% outside band,2026-10-01,157.05999755859375,2026-08-05,-0.033681353421384674,False,0,False,0,False,0.0,False,0.0
JEF,distance -14.17% outside band,2026-10-01,66.5999984741211,2026-01-05,-0.32057055500409826,True,15,True,16,True,15.0,True,15.0
JKHY,distance -8.89% outside band,2026-10-01,193.38999938964844,2026-01-15,-0.25621802165645013,True,18,True,11,True,3.0,True,13.0
JLL,distance -6.00% outside band,2026-10-01,393.8399963378906,2026-08-19,-0.21777876754824688,True,23,True,17,True,7.0,True,7.0
JNJ,distance +7.11% outside band,2026-10-01,281.07000732421875,2026-09-02,-0.07973103880934218,True,3,True,2,False,0.0,False,0.0
JPM,distance +3.57% outside band,2026-10-01,366.5,2026-08-13,-0.090914071825972,True,18,True,12,True,3.0,False,0.0
KBH,distance -15.62% outside band,2026-10-01,67.56999969482422,2026-02-13,-0.3112327789592657,True,26,True,26,True,23.0,True,26.0
KBR,distance -7.00% outside band,2026-10-01,45.369998931884766,2026-01-15,-0.22746307995990744,True,23,True,12,True,8.0,True,28.0
KD,distance -19.04% outside band,2026-10-01,27.739999771118164,2026-01-09,-0.5630857972040084,True,12,True,10,True,10.0,True,116.0
KDP,distance +4.31% outside band,2026-10-01,33.81999969482422,2026-06-29,-0.09254876371999532,True,4,True,3,True,2.0,False,0.0
KEY,distance -7.22% outside band,2026-10-01,24.06999969482422,2026-07-17,-0.1670129002381373,True,31,True,32,True,31.0,True,12.0
KEYS,distance +23.95% outside band,2026-10-01,376.67498779296875,2026-10-01,-0.00742014468901353,False,0,False,0,False,0.0,False,0.0
KHC,distance -6.24% outside band,2026-10-01,28.09000015258789,2026-07-29,-0.20042723522721484,True,19,True,19,True,10.0,True,7.0
KIM,distance -4.52% outside band,2026-10-01,26.649999618530273,2026-07-28,-0.1666041500042048,True,45,True,42,True,32.0,True,13.0
KKR,distance -11.58% outside band,2026-10-01,137.27999877929688,2026-01-07,-0.3353729700241709,True,19,True,16,True,8.0,True,17.0
KLAC,distance +12.93% outside band,2026-10-01,307.3699951171875,2026-06-30,-0.34824477010295973,False,0,False,0,True,32.0,False,0.0
KMB,distance -8.10% outside band,2026-10-01,116.81999969482422,2026-07-07,-0.19243283184094706,True,20,True,23,True,18.0,True,18.0
KMI,distance -2.89% outside band,2026-10-01,34.810001373291016,2026-05-19,-0.1229531892500717,True,8,True,9,True,21.0,True,6.0
KNF,distance -33.90% outside band,2026-10-01,96.27999877929688,2026-06-25,-0.4742417991931923,True,62,True,53,True,54.0,True,42.0
KNSL,distance -5.90% outside band,2026-10-01,421.8999938964844,2026-02-06,-0.20708697886026572,True,19,True,12,True,5.0,True,8.0
KNX,non-positive profit,2026-10-01,82.86000061035156,2026-06-12,-0.2105961479568489,True,17,True,50,True,18.0,False,0.0
KO,distance +7.71% outside band,2026-10-01,92.48999786376953,2026-08-24,-0.06908854511014695,True,13,True,4,False,0.0,False,0.0
KR,distance -6.37% outside band,2026-10-01,76.58000183105469,2026-03-12,-0.22329592426157363,False,0,False,0,True,2.0,True,90.0
KRC,distance -4.55% outside band,2026-10-01,40.849998474121094,2026-07-17,-0.18482250964693547,True,18,True,40,True,18.0,True,17.0
KRG,distance -6.13% outside band,2026-10-01,29.920000076293945,2026-07-20,-0.1831550644472829,True,46,True,43,True,40.0,True,13.0
KRYS,distance +8.08% outside band,2026-10-01,382.5350036621094,2026-06-30,-0.14959416930656122,True,7,True,4,True,3.0,False,0.0
KTOS,distance -38.03% outside band,2026-10-01,134.0,2026-01-20,-0.6804477634714611,True,28,True,24,True,30.0,True,116.0
KVUE,distance -4.52% outside band,2026-10-01,20.1299991607666,2026-07-07,-0.14456035612180762,True,20,True,23,True,18.0,True,17.0
L,distance -3.61% outside band,2026-10-01,121.01000213623047,2026-07-28,-0.1318899165583456,True,39,True,35,True,25.0,True,12.0
LAD,expected growth -12.7% below threshold,2026-10-01,439.489990234375,2026-07-29,-0.30357911641856716,True,18,True,13,True,11.0,True,4.0
LAMR,only 1 analysts,2026-10-01,166.3300018310547,2026-07-29,-0.13821923429373584,True,38,True,38,True,19.0,False,0.0
LDOS,distance -17.35% outside band,2026-10-01,205.0,2026-01-08,-0.405024384289253,True,22,True,8,True,4.0,True,116.0
LEA,distance -5.56% outside band,2026-10-01,150.3300018310547,2026-06-02,-0.1926428439548531,True,13,True,18,True,18.0,True,13.0
LECO,distance +2.06% outside band,2026-10-01,310.0,2026-02-12,-0.13096776162424395,False,0,True,2,False,0.0,False,0.0
LEN,distance -13.08% outside band,2026-10-01,124.16000366210938,2026-02-13,-0.33867591665181673,False,0,True,25,True,27.0,True,116.0
LFUS,distance +12.91% outside band,2026-10-01,500.57000732421875,2026-06-03,-0.12989196032501527,False,0,False,0,True,31.0,False,0.0
LH,distance +8.74% outside band,2026-10-01,341.79998779296875,2026-08-27,-0.10883552667645346,True,19,True,8,False,0.0,False,0.0
LHX,distance -23.31% outside band,2026-10-01,379.2300109863281,2026-03-02,-0.37135778553907994,True,33,True,46,True,113.0,True,86.0
LII,distance -26.02% outside band,2026-10-01,587.27001953125,2026-07-01,-0.3862108068401111,True,4,True,46,True,46.0,True,46.0
LIN,distance -3.39% outside band,2026-10-01,548.2000122070312,2026-07-07,-0.14365194864362674,False,0,True,54,True,44.0,True,19.0
LITE,distance +41.00% outside band,2026-10-01,1085.6800537109375,2026-05-12,-0.036751181232151375,False,0,False,0,False,0.0,False,0.0
LIVN,distance +4.78% outside band,2026-10-01,85.76000213623047,2026-08-04,-0.12896460952064082,True,13,True,13,True,7.0,False,0.0
LLY,distance +7.12% outside band,2026-10-01,1292.6500244140625,2026-08-19,-0.11047077409282069,True,1,True,2,False,0.0,False,0.0
LMT,distance -10.18% outside band,2026-10-01,692.0,2026-03-02,-0.2695086705202312,True,30,True,22,True,21.0,True,22.0
LNT,distance -9.38% outside band,2026-10-01,78.80999755859375,2026-07-07,-0.19160003732895092,True,56,True,48,True,46.0,True,33.0
LNTH,distance +13.36% outside band,2026-10-01,111.86000061035156,2026-06-30,-0.10915429123770937,True,10,True,47,True,9.0,False,0.0
LOPE,distance -3.09% outside band,2026-10-01,182.16000366210938,2026-01-22,-0.1561813591144542,False,0,False,0,False,0.0,True,116.0
LOW,distance -21.37% outside band,2026-10-01,293.05999755859375,2026-02-12,-0.37767007983971657,True,27,True,27,True,145.0,True,113.0
LPX,distance -15.93% outside band,2026-10-01,100.33999633789062,2026-02-10,-0.35668720941160437,True,6,True,30,True,30.0,True,67.0
LRCX,distance +24.06% outside band,2026-10-01,438.5,2026-06-30,-0.22440135438194841,False,0,False,0,False,0.0,False,0.0
LSCC,distance +14.92% outside band,2026-10-01,157.00999450683594,2026-06-22,-0.17928791084225393,False,0,False,0,True,32.0,False,0.0
LSTR,distance -2.77% outside band,2026-10-01,228.4600067138672,2026-06-08,-0.25527447084977617,True,28,True,49,True,32.0,True,15.0
LULU,distance -34.12% outside band,2026-10-01,217.22000122070312,2026-01-08,-0.5586962523172327,True,19,True,19,True,149.0,True,116.0
LUV,distance -3.85% outside band,2026-10-01,55.11000061035156,2026-02-17,-0.2407911506223266,False,0,True,38,True,33.0,True,32.0
LVS,distance -29.27% outside band,2026-10-01,65.62000274658203,2026-01-02,-0.4408717297924821,True,26,True,26,True,170.0,True,113.0
LYB,distance -6.74% outside band,2026-10-01,83.94000244140625,2026-03-31,-0.3116512139771521,True,11,True,10,True,10.0,True,9.0
LYV,non-positive profit,2026-10-01,189.25,2026-08-14,-0.11836192283479197,True,26,True,23,True,18.0,False,0.0
M,distance +5.42% outside band,2026-10-01,26.59000015258789,2026-08-04,-0.14403910875244197,False,0,True,2,True,2.0,False,0.0
MA,distance +3.33% outside band,2026-10-01,601.22998046875,2026-08-25,-0.08520862587193079,True,19,True,8,False,0.0,False,0.0
MAA,distance -11.26% outside band,2026-10-01,144.41000366210938,2026-07-07,-0.19410017102607402,True,27,True,45,True,27.0,True,27.0
MANH,distance +26.77% outside band,2026-10-01,227.02999877929688,2026-08-27,-0.10077965469688821,True,18,False,0,False,0.0,False,0.0
MAR,expected growth -2.5% below threshold,2026-10-01,410.9800109863281,2026-06-15,-0.1367219838905389,False,0,False,0,True,43.0,False,0.0
MAS,distance -2.60% outside band,2026-10-01,83.63999938964844,2026-07-28,-0.18364419802055343,True,38,True,36,True,23.0,True,7.0
MAT,distance -5.49% outside band,2026-10-01,22.479999542236328,2026-02-10,-0.33096084216570953,False,0,False,0,False,0.0,True,116.0
MCD,distance -20.13% outside band,2026-10-01,341.75,2026-03-02,-0.32163861936779903,True,27,True,27,True,136.0,True,115.0
MCK,distance +6.11% outside band,2026-10-01,999.0,2026-03-03,-0.10028027294872999,False,0,False,0,False,0.0,False,0.0
MCO,distance -5.12% outside band,2026-10-01,546.8800048828125,2026-01-15,-0.1819777988638943,True,19,True,18,True,6.0,True,6.0
MDLZ,distance -3.06% outside band,2026-10-01,66.6500015258789,2026-07-29,-0.13338339085999695,True,25,True,10,True,10.0,True,3.0
MDT,distance -2.56% outside band,2026-10-01,105.5,2026-02-04,-0.18066348396771326,True,10,True,6,False,0.0,True,3.0
MEDP,distance +14.22% outside band,2026-10-01,677.9000244140625,2026-07-23,-0.11774598679681492,True,1,True,1,False,0.0,False,0.0
MET,distance +12.74% outside band,2026-10-01,100.93000030517578,2026-08-06,-0.0651937165476979,True,4,True,4,False,0.0,False,0.0
META,distance +15.60% outside band,2026-10-01,779.8200073242188,2026-09-24,-0.06910570919223946,False,0,False,0,False,0.0,False,0.0
MGM,distance -23.41% outside band,2026-10-01,51.59000015258789,2026-06-01,-0.40938167816954274,True,65,True,45,True,25.0,True,13.0
MIDD,distance -15.48% outside band,2026-10-01,148.5500030517578,2026-07-07,-0.3087176012670495,True,6,True,38,True,37.0,True,36.0
MKC,distance -20.65% outside band,2026-10-01,72.41000366210938,2026-02-13,-0.39041572769943156,True,22,True,20,True,14.0,True,116.0
MLI,growth 4.5% below threshold,2026-10-01,71.12000274658203,2026-08-06,-0.13779531317901694,False,0,True,16,True,31.0,True,16.0
MLM,distance -18.82% outside band,2026-10-01,710.969970703125,2026-02-10,-0.3260334006036125,True,46,True,46,True,62.0,True,68.0
MMS,distance -21.24% outside band,2026-10-01,100.0,2026-01-23,-0.4647000122070313,True,12,True,13,True,40.0,True,116.0
MNST,growth 2.6% below threshold,2026-10-01,50.16999816894531,2026-07-17,-0.1600557917553873,True,25,True,25,True,21.0,True,4.0
MO,growth 5.2% below threshold,2026-10-01,77.05999755859375,2026-07-28,-0.13119648235992054,True,3,True,3,True,13.0,True,1.0
MOG-A,distance +14.13% outside band,2026-10-01,448.8500061035156,2026-08-17,-0.1306895463171297,False,0,True,30,False,0.0,False,0.0
MOH,expected growth -33.2% below threshold,2026-10-01,244.88999938964844,2026-07-14,-0.2615051388204618,True,10,True,13,True,10.0,True,1.0
MORN,distance +2.60% outside band,2026-10-01,221.22000122070312,2026-01-14,-0.13565678664333813,True,19,True,6,False,0.0,False,0.0
MOS,distance -12.08% outside band,2026-10-01,32.25,2026-03-12,-0.3317829693934714,True,10,True,5,True,4.0,True,7.0
MP,distance -18.78% outside band,2026-10-01,76.80000305175781,2026-05-08,-0.3998698135268762,True,23,True,7,True,24.0,True,24.0
MPC,distance +61.26% outside band,2026-10-01,431.0799865722656,2026-09-21,-0.025354906319569936,False,0,False,0,False,0.0,False,0.0
MPWR,distance +6.25% outside band,2026-10-01,1714.0899658203125,2026-05-26,-0.206010187422219,False,0,False,0,True,35.0,False,0.0
MRK,distance +17.27% outside band,2026-10-01,156.9199981689453,2026-08-25,-0.08354576066357644,True,2,False,0,False,0.0,False,0.0
MRNA,distance +179.56% outside band,2026-10-01,208.9029998779297,2026-09-29,-0.09556108551906195,False,0,False,0,False,0.0,False,0.0
MRSH,distance -3.04% outside band,2026-10-01,198.49000549316406,2026-07-29,-0.134213303704936,True,23,True,18,True,11.0,True,12.0
MRVL,distance +61.52% outside band,2026-10-01,329.8800048828125,2026-06-18,-0.18734090395233527,False,0,False,0,False,0.0,False,0.0
MS,distance -3.00% outside band,2026-10-01,232.25,2026-07-15,-0.19048441547110473,True,16,True,17,True,14.0,True,4.0
MSA,stale filing (2026-03-31),2026-10-01,208.9199981689453,2026-02-12,-0.14306911569795044,True,24,True,16,False,0.0,False,0.0
MSCI,distance -4.80% outside band,2026-10-01,644.77001953125,2026-07-17,-0.15413248425393922,True,18,True,52,True,45.0,True,19.0
MSFT,distance +18.53% outside band,2026-10-01,522.8499755859375,2026-10-01,-0.01922155161565442,False,0,False,0,False,0.0,False,0.0
MSI,distance +4.05% outside band,2026-10-01,494.8500061035156,2026-09-01,-0.09461454328935515,True,20,True,6,False,0.0,False,0.0
MSM,distance +22.26% outside band,2026-10-01,130.4600067138672,2026-08-05,-0.015023812762527289,False,0,False,0,False,0.0,False,0.0
MTB,distance -2.90% outside band,2026-10-01,255.9499969482422,2026-08-17,-0.15081067124424385,True,31,True,30,True,12.0,True,7.0
MTD,distance +12.36% outside band,2026-10-01,1554.8299560546875,2026-09-30,-0.04737489898656433,False,0,False,0,False,0.0,False,0.0
MTDR,non-positive profit,2026-10-01,66.83999633789062,2026-03-30,-0.20766005406780075,True,12,True,9,True,9.0,False,0.0
MTG,distance -5.39% outside band,2026-10-01,31.889999389648438,2026-07-30,-0.17309497196813506,True,18,True,13,True,4.0,True,2.0
MTN,stale filing (2026-04-30),2026-10-01,160.49000549316406,2026-07-29,-0.13396472841990015,False,0,True,25,True,2.0,False,0.0
MTSI,distance +10.67% outside band,2026-10-01,418.8999938964844,2026-05-27,-0.27994745935148146,False,0,False,0,True,32.0,False,0.0
MTZ,distance -30.02% outside band,2026-10-01,441.42999267578125,2026-05-06,-0.5159821325982328,True,32,True,64,True,56.0,True,32.0
MU,distance +61.99% outside band,2026-10-01,1255.0,2026-06-25,-0.1255856456984562,False,0,False,0,False,0.0,False,0.0
MUR,distance +4.36% outside band,2026-10-01,43.34000015258789,2026-04-07,-0.1354406763086793,False,0,False,0,False,0.0,False,0.0
MUSA,expected growth -24.7% below threshold,2026-10-01,636.0499877929688,2026-06-11,-0.19602231753577837,True,3,True,32,True,27.0,False,0.0
MZTI,distance -24.06% outside band,2026-10-01,176.25999450683594,2026-02-02,-0.4344150371708996,True,23,True,22,True,26.0,True,116.0
NBIX,distance -4.49% outside band,2026-10-01,186.1199951171875,2026-07-30,-0.24398232105437478,True,13,True,44,True,19.0,True,10.0
NCLH,distance -24.82% outside band,2026-10-01,25.1299991607666,2026-01-08,-0.41742933417288053,False,0,True,40,True,33.0,True,40.0
NDAQ,growth -2.3% below threshold,2026-10-01,101.79000091552734,2026-01-16,-0.09942040137105745,True,6,True,6,False,0.0,False,0.0
NDSN,distance +14.77% outside band,2026-10-01,339.1199951171875,2026-08-26,-0.029782986107986464,False,0,False,0,False,0.0,False,0.0
NEE,distance -12.68% outside band,2026-10-01,98.75,2026-05-01,-0.22683545848991293,True,46,True,44,True,95.0,True,44.0
NEM,distance +2.92% outside band,2026-10-01,135.2899932861328,2026-08-25,-0.15241330579104284,True,7,True,2,False,0.0,False,0.0
NEU,distance +23.70% outside band,2026-10-01,981.6599731445312,2026-08-17,-0.06165063275650473,False,0,False,0,False,0.0,False,0.0
NFG,distance -8.70% outside band,2026-10-01,97.05999755859375,2026-03-16,-0.21430039094949094,True,17,True,15,True,9.0,True,17.0
NFLX,distance -19.42% outside band,2026-10-01,108.94999694824219,2026-04-16,-0.3772372613617059,True,13,True,11,True,13.0,True,116.0
NI,distance -11.94% outside band,2026-10-01,49.209999084472656,2026-06-29,-0.19731760343674698,True,14,True,61,True,57.0,True,46.0
NJR,distance -5.06% outside band,2026-10-01,60.86000061035156,2026-07-28,-0.15954648352108458,True,44,True,41,True,41.0,True,16.0
NKE,distance -28.10% outside band,2026-10-01,68.48999786376953,2026-02-20,-0.4867863538878444,True,45,True,53,True,154.0,True,116.0
NLY,distance -16.66% outside band,2026-10-01,24.520000457763672,2026-01-28,-0.23735724250288315,True,26,True,22,True,16.0,True,16.0
NNN,distance -9.06% outside band,2026-10-01,50.0,2026-07-17,-0.19599998474121094,True,45,True,38,True,26.0,True,16.0
NOC,distance -19.51% outside band,2026-10-01,774.0,2026-03-03,-0.37726098191214474,True,29,True,23,True,30.0,True,114.0
NOV,distance -2.37% outside band,2026-10-01,21.93000030517578,2026-09-09,-0.13771091727029805,True,12,True,10,True,6.0,True,3.0
NOVT,distance +2.39% outside band,2026-10-01,176.3800048828125,2026-08-06,-0.18596213937940553,False,0,True,31,True,31.0,False,0.0
NOW,distance +18.91% outside band,2026-10-01,153.1999969482422,2026-01-02,-0.10078330776091704,False,0,False,0,False,0.0,False,0.0
NRG,distance -31.34% outside band,2026-10-01,189.9600067138672,2026-02-25,-0.4897346974135486,True,17,True,42,True,109.0,True,109.0
NSC,expected growth 9.4% below threshold,2026-10-01,358.6000061035156,2026-07-23,-0.13480199530151848,True,22,True,22,True,17.0,True,2.0
NTAP,distance +55.61% outside band,2026-10-01,216.80999755859375,2026-09-30,-0.008117681502949559,False,0,False,0,False,0.0,False,0.0
NTNX,distance +41.93% outside band,2026-10-01,74.41999816894531,2026-08-27,-0.03896804081203331,False,0,False,0,False,0.0,False,0.0
NTRS,distance +4.03% outside band,2026-10-01,195.77999877929688,2026-08-13,-0.13576464397171828,True,14,True,14,True,8.0,False,0.0
NUE,distance +10.13% outside band,2026-10-01,280.1099853515625,2026-08-05,-0.15754522127669401,True,10,True,10,True,5.0,False,0.0
NVDA,distance +15.18% outside band,2026-10-01,236.5399932861328,2026-05-14,-0.024012821666526407,False,0,False,0,False,0.0,False,0.0
NVR,distance -8.54% outside band,2026-10-01,8200.0,2026-02-12,-0.25288050209603663,True,3,True,7,True,4.0,True,116.0
NVST,distance -9.73% outside band,2026-10-01,30.420000076293945,2026-02-11,-0.23865878404581253,True,25,True,18,True,16.0,True,13.0
NVT,distance +18.27% outside band,2026-10-01,184.63999938964844,2026-06-22,-0.10219884737632545,False,0,False,0,False,0.0,False,0.0
NWE,growth -60.6% below threshold,2026-10-01,75.18000030517578,2026-04-15,-0.08845439610115413,True,17,True,17,True,17.0,True,7.0
NWS,distance +4.26% outside band,2026-10-01,35.7599983215332,2026-08-27,-0.12052566445447643,True,19,True,10,True,1.0,False,0.0
NWSA,distance +7.89% outside band,2026-10-01,31.65999984741211,2026-08-27,-0.09538851776117518,True,12,True,7,False,0.0,False,0.0
NXPI,distance -2.63% outside band,2026-10-01,339.95001220703125,2026-05-27,-0.29639654698485984,False,0,False,0,True,47.0,True,44.0
NXST,distance -19.41% outside band,2026-10-01,254.3000030517578,2026-02-09,-0.376287854082056,True,26,True,23,True,26.0,True,106.0
NXT,distance -26.25% outside band,2026-10-01,163.1300048828125,2026-05-29,-0.5127812114391246,True,33,True,71,True,71.0,True,55.0
NYT,distance -13.53% outside band,2026-10-01,87.0999984741211,2026-04-07,-0.2685419035523635,True,8,True,8,True,45.0,True,41.0
O,distance -13.44% outside band,2026-10-01,67.94000244140625,2026-02-27,-0.2120989570840397,True,27,True,34,True,27.0,True,23.0
OC,distance -7.17% outside band,2026-10-01,159.91000366210938,2026-06-30,-0.26777566345816384,True,30,True,25,True,18.0,True,7.0
ODFL,distance -10.81% outside band,2026-10-01,252.02999877929688,2026-06-09,-0.29333806703114684,True,47,True,46,True,38.0,True,22.0
OGE,distance -2.14% outside band,2026-10-01,50.59000015258789,2026-07-28,-0.09725246034400137,True,14,True,46,True,46.0,True,15.0
OGS,distance -11.63% outside band,2026-10-01,90.77999877929688,2026-04-09,-0.21006829644475922,True,17,True,17,True,96.0,True,89.0
OHI,distance -2.73% outside band,2026-10-01,52.38999938964844,2026-07-30,-0.13666730160006124,True,8,True,38,True,37.0,True,2.0
OKE,expected growth 0.7% below threshold,2026-10-01,99.8499984741211,2026-09-01,-0.12709058593827305,True,13,True,9,True,5.0,False,0.0
OKTA,distance +90.67% outside band,2026-10-01,213.86000061035156,2026-10-01,-0.005751406172396334,False,0,False,0,False,0.0,False,0.0
OLED,distance -19.45% outside band,2026-10-01,134.60000610351562,2026-02-12,-0.4250371777091094,True,26,True,14,True,26.0,True,116.0
OLLI,expected growth -46.1% below threshold,2026-10-01,121.0,2026-01-12,-0.2734710441147985,False,0,False,0,False,0.0,True,116.0
OLN,distance -30.44% outside band,2026-10-01,30.459999084472656,2026-03-31,-0.47603412613748985,True,44,True,49,True,84.0,True,50.0
OMC,distance -4.65% outside band,2026-10-01,89.56999969482422,2026-08-24,-0.16601543817400832,True,22,True,19,True,11.0,True,10.0
ON,non-positive profit,2026-10-01,134.9199981689453,2026-06-03,-0.4064630676115234,False,0,False,0,True,50.0,True,31.0
ONB,distance +2.31% outside band,2026-10-01,27.360000610351562,2026-08-04,-0.08698834119231591,True,4,True,31,True,4.0,False,0.0
ONTO,distance +24.58% outside band,2026-10-01,386.4599914550781,2026-06-30,-0.18521965573397792,False,0,False,0,False,0.0,False,0.0
OPCH,distance -14.96% outside band,2026-10-01,36.79999923706055,2026-01-23,-0.38641303283054995,True,8,True,7,False,0.0,True,116.0
ORA,distance -21.36% outside band,2026-10-01,146.38999938964844,2026-06-03,-0.3875264428175861,True,28,True,17,True,69.0,True,67.0
ORCL,distance -15.35% outside band,2026-10-01,250.25,2026-06-01,-0.4482716990041209,True,10,True,6,True,71.0,True,80.0
ORI,distance -8.71% outside band,2026-10-01,44.650001525878906,2026-07-29,-0.16035833376763065,True,19,True,19,True,11.0,True,19.0
ORLY,distance -6.56% outside band,2026-10-01,102.11000061035156,2026-01-26,-0.16727060747195,True,2,True,25,True,27.0,True,38.0
OSK,distance -10.93% outside band,2026-10-01,180.49000549316406,2026-02-11,-0.2751952831583604,True,18,True,16,True,9.0,True,15.0
OTIS,distance -17.54% outside band,2026-10-01,94.56500244140625,2026-02-20,-0.31814094334861065,True,34,True,33,True,145.0,True,116.0
OVV,distance +9.83% outside band,2026-10-01,67.51000213623047,2026-09-02,-0.11153906614902964,True,12,True,10,False,0.0,False,0.0
OXY,distance +7.25% outside band,2026-10-01,67.44999694824219,2026-03-31,-0.14247586701936454,True,12,True,9,False,0.0,False,0.0
OZK,distance -4.47% outside band,2026-10-01,53.38999938964844,2026-07-01,-0.1320471870697837,True,18,True,32,True,18.0,True,12.0
P,distance +71.39% outside band,2026-10-01,135.67999267578125,2026-10-01,-0.011423849326647417,False,0,False,0,False,0.0,False,0.0
PAG,distance +13.71% outside band,2026-10-01,227.0,2026-07-29,-0.1064317341943144,True,16,True,10,False,0.0,False,0.0
PANW,distance +58.97% outside band,2026-10-01,404.69000244140625,2026-09-30,-0.02085547552568523,False,0,False,0,False,0.0,False,0.0
PATH,distance +4.94% outside band,2026-10-01,18.829999923706055,2026-09-03,-0.29261817584741534,True,19,True,13,False,0.0,False,0.0
PAYX,distance -2.94% outside band,2026-10-01,127.9800033569336,2026-09-01,-0.21206443434252809,True,19,True,12,True,7.0,True,6.0
PB,distance -5.40% outside band,2026-10-01,77.19999694824219,2026-02-12,-0.1347149521710076,True,31,True,31,True,13.0,True,12.0
PBF,distance +71.55% outside band,2026-10-01,82.61000061035156,2026-09-11,-0.0032684211410973774,False,0,False,0,False,0.0,False,0.0
PCAR,distance -8.97% outside band,2026-10-01,139.24000549316406,2026-07-28,-0.21042805153577993,True,36,True,25,True,12.0,True,12.0
PCG,distance -26.44% outside band,2026-10-01,19.15999984741211,2026-03-02,-0.364822537932446,True,24,True,24,True,24.0,True,24.0
PCTY,distance +17.19% outside band,2026-10-01,161.92999267578125,2026-09-01,-0.09467045801057716,False,0,False,0,False,0.0,False,0.0
PEG,distance -13.99% outside band,2026-10-01,87.62999725341797,2026-02-26,-0.225265302778491,True,60,True,48,True,60.0,True,60.0
PEGA,distance -13.17% outside band,2026-10-01,62.150001525878906,2026-01-07,-0.4460177078058586,True,10,False,0,False,0.0,True,116.0
PEN,distance -2.69% outside band,2026-10-01,362.4100036621094,2026-01-21,-0.12254077760920401,True,28,True,18,True,20.0,True,25.0
PEP,distance -14.78% outside band,2026-10-01,171.47999572753906,2026-02-12,-0.26755305806232776,True,23,True,19,True,101.0,True,98.0
PFE,distance +6.55% outside band,2026-10-01,29.209999084472656,2026-09-03,-0.03731592877107193,False,0,False,0,False,0.0,False,0.0
PFG,distance +10.57% outside band,2026-10-01,121.18000030517578,2026-09-03,-0.07377457021696676,True,8,True,2,False,0.0,False,0.0
PFGC,distance -5.19% outside band,2026-10-01,117.4749984741211,2026-07-29,-0.21821666285765207,True,36,True,36,True,24.0,True,18.0
PG,distance -2.50% outside band,2026-10-01,167.25,2026-02-27,-0.13931242482366402,True,2,True,2,True,2.0,True,2.0
PGR,expected growth -25.8% below threshold,2026-10-01,239.3800048828125,2026-07-07,-0.11872335863163763,True,12,True,10,True,8.0,False,0.0
PH,distance +2.27% outside band,2026-10-01,1099.93994140625,2026-08-06,-0.12187932402204138,False,0,True,23,False,0.0,False,0.0
PHM,distance -6.72% outside band,2026-10-01,144.5,2026-02-17,-0.19480969914103052,True,7,True,25,True,22.0,True,22.0
PII,distance -18.21% outside band,2026-10-01,77.9800033569336,2026-07-28,-0.3284175855677456,True,38,True,36,True,30.0,True,30.0
PINS,distance -8.46% outside band,2026-10-01,27.735000610351562,2026-01-13,-0.29835952203983074,False,0,True,23,True,22.0,True,23.0
PK,distance +21.42% outside band,2026-10-01,16.200000762939453,2026-08-26,-0.048148188266133096,False,0,False,0,False,0.0,False,0.0
PLD,distance -7.07% outside band,2026-10-01,153.35000610351562,2026-07-17,-0.1641344142545642,True,24,True,25,True,25.0,True,17.0
PLNT,distance -38.58% outside band,2026-10-01,110.52999877929688,2026-01-02,-0.6213697734884991,True,19,True,23,True,182.0,True,116.0
PLTR,distance +24.96% outside band,2026-10-01,194.67999267578125,2026-09-24,-0.023833981735225662,False,0,False,0,False,0.0,False,0.0
PM,distance +5.86% outside band,2026-10-01,207.75999450683594,2026-07-28,-0.09424336902555341,True,1,True,1,False,0.0,False,0.0
PNC,distance -3.20% outside band,2026-10-01,258.9599914550781,2026-08-17,-0.14755171731501404,True,31,True,31,True,12.0,True,7.0
PNFP,distance -2.31% outside band,2026-10-01,110.33000183105469,2026-08-04,-0.1423004107412026,True,32,True,28,True,13.0,True,12.0
PNR,distance -34.95% outside band,2026-10-01,109.08999633789062,2026-01-22,-0.5152626011249738,True,33,True,56,True,171.0,True,116.0
PNW,distance -4.43% outside band,2026-10-01,111.16000366210938,2026-07-17,-0.1487046227430624,False,0,True,46,True,46.0,True,25.0
PODD,distance -32.64% outside band,2026-10-01,299.79998779296875,2026-01-07,-0.5637424996279461,True,18,True,41,True,210.0,True,116.0
POR,distance -11.23% outside band,2026-10-01,54.619998931884766,2026-04-09,-0.18051997076469595,True,24,True,46,True,48.0,True,31.0
POST,distance -22.81% outside band,2026-10-01,117.27999877929688,2026-02-06,-0.37900748133439466,True,17,True,39,True,45.0,True,97.0
PPC,distance -25.07% outside band,2026-10-01,44.84000015258789,2026-02-04,-0.4380017690190605,True,18,True,8,True,8.0,True,116.0
PPG,distance -6.52% outside band,2026-10-01,133.42999267578125,2026-02-12,-0.2155437014578817,True,36,True,38,True,23.0,True,18.0
PPL,distance -9.29% outside band,2026-10-01,40.11000061035156,2026-04-13,-0.18324612757351777,True,17,True,32,True,103.0,True,63.0
PR,distance +13.39% outside band,2026-10-01,24.645000457763672,2026-09-15,-0.11016433768142253,True,12,True,8,False,0.0,False,0.0
PRI,growth 6.4% below threshold,2026-10-01,327.2799987792969,2026-08-06,-0.16059642432973087,True,38,True,31,True,11.0,True,8.0
PRU,distance +4.04% outside band,2026-10-01,127.72000122070312,2026-08-05,-0.11423429241966021,True,4,True,17,True,2.0,False,0.0
PSA,distance -5.21% outside band,2026-10-01,335.54998779296875,2026-07-29,-0.1536283405403508,True,30,True,26,True,25.0,True,10.0
PSKY,distance -11.73% outside band,2026-10-01,14.100000381469727,2026-03-02,-0.3375886595817009,True,11,True,1,True,1.0,True,11.0
PSN,distance -26.66% outside band,2026-10-01,74.62999725341797,2026-01-23,-0.45048908172571334,True,18,True,46,True,46.0,True,116.0
PSX,distance +44.07% outside band,2026-10-01,277.1199951171875,2026-09-18,-0.04651408905159837,False,0,False,0,False,0.0,False,0.0
PTC,growth -79.9% below threshold,2026-10-01,176.1999969482422,2026-01-06,-0.1687286960411929,False,0,False,0,False,0.0,False,0.0
PVH,non-positive profit,2026-10-01,100.75,2026-06-03,-0.2471464171303117,False,0,True,33,True,36.0,True,25.0
PWR,distance +9.62% outside band,2026-10-01,788.75,2026-05-06,-0.15993663951069725,False,0,False,0,True,30.0,False,0.0
PYPL,distance +5.50% outside band,2026-10-01,62.72999954223633,2026-08-20,-0.15415268993321873,True,2,True,19,False,0.0,False,0.0
Q,distance +2.41% outside band,2026-10-01,177.27999877929688,2026-06-22,-0.275439994174668,False,0,False,0,True,34.0,False,0.0
QCOM,distance +7.60% outside band,2026-10-01,259.9200134277344,2026-05-29,-0.29943833898532346,True,1,False,0,True,4.0,False,0.0
QLYS,distance +46.99% outside band,2026-10-01,201.5399932861328,2026-08-05,-0.07001092130790709,False,0,False,0,False,0.0,False,0.0
RBA,distance -20.05% outside band,2026-10-01,119.33000183105469,2026-02-11,-0.31626585866139256,True,12,True,41,True,41.0,True,41.0
RBC,distance -7.36% outside band,2026-10-01,667.6900024414062,2026-06-25,-0.23843402121481072,False,0,True,62,True,48.0,True,31.0
RCL,distance -5.91% outside band,2026-10-01,356.3900146484375,2026-02-10,-0.24243110318141825,False,0,True,33,True,25.0,True,25.0
RDDT,distance -11.47% outside band,2026-10-01,263.5,2026-01-09,-0.43252372379773485,True,7,True,33,True,32.0,True,33.0
REG,distance -5.89% outside band,2026-10-01,83.66000366210938,2026-07-17,-0.14176428509676364,True,45,True,42,True,40.0,True,19.0
REXR,non-positive profit,2026-10-01,41.599998474121094,2026-02-04,-0.13413457262092632,True,5,True,4,True,1.0,True,2.0
RF,distance -6.06% outside band,2026-10-01,32.470001220703125,2026-07-16,-0.16969516258340167,True,31,True,30,True,12.0,True,12.0
RGA,distance +11.86% outside band,2026-10-01,257.80999755859375,2026-09-03,-0.05116171818902593,True,2,True,1,False,0.0,False,0.0
RGEN,distance +23.59% outside band,2026-10-01,198.8699951171875,2026-09-28,-0.1088148032431775,True,1,False,0,False,0.0,False,0.0
RGLD,distance -3.64% outside band,2026-10-01,306.25,2026-01-29,-0.24137142259247446,True,7,True,2,False,0.0,True,4.0
RH,distance -24.76% outside band,2026-10-01,239.39999389648438,2026-01-22,-0.4966165195963266,True,33,True,30,True,28.0,True,30.0
RJF,growth 9.8% below threshold,2026-10-01,182.72999572753906,2026-08-06,-0.12570460109325854,True,18,True,16,True,8.0,True,3.0
RL,expected growth -1.3% below threshold,2026-10-01,421.6000061035156,2026-06-15,-0.1398007627801947,False,0,True,35,True,30.0,True,27.0
RLI,distance -4.59% outside band,2026-10-01,67.0,2026-08-24,-0.16149253275857045,True,23,True,19,True,7.0,True,9.0
RMD,distance -2.09% outside band,2026-10-01,277.6700134277344,2026-02-10,-0.20355103827572563,True,12,True,2,False,0.0,True,10.0
RNR,distance +6.37% outside band,2026-10-01,340.239990234375,2026-09-03,-0.05069950768608156,True,5,True,4,False,0.0,False,0.0
ROIV,distance +17.90% outside band,2026-10-01,42.5,2026-09-08,-0.16470588235294115,True,7,True,1,False,0.0,False,0.0
ROK,distance +4.46% outside band,2026-10-01,497.3599853515625,2026-06-30,-0.1104028767125641,False,0,False,0,True,32.0,False,0.0
ROKU,distance +22.94% outside band,2026-10-01,159.88999938964844,2026-08-25,-0.05397463828729754,True,13,True,3,False,0.0,False,0.0
ROL,distance -38.60% outside band,2026-10-01,66.13999938964844,2026-02-11,-0.5377986093600007,True,27,True,94,True,147.0,True,116.0
ROP,expected growth -50.2% below threshold,2026-10-01,445.0,2026-01-02,-0.18519101946541427,True,19,True,13,True,6.0,True,10.0
ROST,distance +7.56% outside band,2026-10-01,257.0,2026-08-03,-0.08910503461667074,False,0,True,25,False,0.0,False,0.0
RPM,distance -6.48% outside band,2026-10-01,121.77999877929688,2026-02-12,-0.18525207574915037,True,32,True,29,True,23.0,True,23.0
RRC,distance -4.44% outside band,2026-10-01,48.310001373291016,2026-03-27,-0.22169328492487117,True,12,True,12,True,12.0,True,12.0
RRX,distance -16.98% outside band,2026-10-01,247.8000030517578,2026-07-01,-0.3681597845197925,False,0,True,41,True,41.0,True,41.0
RS,distance +10.21% outside band,2026-10-01,433.0199890136719,2026-08-11,-0.09232825616160578,False,0,True,10,False,0.0,False,0.0
RSG,distance -3.82% outside band,2026-10-01,233.4199981689453,2026-03-03,-0.1132722245258071,True,12,True,10,True,7.0,True,9.0
RTX,distance -5.07% outside band,2026-10-01,226.8800048828125,2026-08-10,-0.1845469387996671,True,30,True,22,True,11.0,True,8.0
RVTY,distance +40.63% outside band,2026-10-01,158.27999877929688,2026-09-30,-0.05825120856589938,False,0,False,0,False,0.0,False,0.0
RYAN,distance -4.42% outside band,2026-10-01,53.49300003051758,2026-01-06,-0.2823360183996585,True,23,True,19,True,7.0,True,18.0
RYN,distance -14.51% outside band,2026-10-01,24.81999969482422,2026-01-22,-0.26591460365110486,True,34,True,33,True,26.0,True,34.0
SAIA,distance -11.39% outside band,2026-10-01,494.7099914550781,2026-06-09,-0.3038749755793365,False,0,True,74,True,47.0,True,32.0
SAIC,distance +17.50% outside band,2026-10-01,142.66000366210938,2026-08-31,-0.11467825732782311,True,3,True,1,False,0.0,False,0.0
SANM,distance +17.99% outside band,2026-10-01,288.67999267578125,2026-06-03,-0.23112092162496278,False,0,False,0,False,0.0,False,0.0
SARO,distance -22.98% outside band,2026-10-01,34.47999954223633,2026-01-20,-0.3860208713065172,True,38,True,36,True,32.0,True,36.0
SBAC,distance -17.45% outside band,2026-10-01,224.4600067138672,2026-04-20,-0.2959992892012222,True,16,True,14,True,76.0,True,76.0
SBRA,distance -3.75% outside band,2026-10-01,22.770000457763672,2026-07-28,-0.15678522718724797,True,15,True,15,True,12.0,True,10.0
SBUX,distance -3.88% outside band,2026-10-01,110.51000213623047,2026-08-13,-0.14143520568884538,True,20,True,19,True,18.0,True,13.0
SCHW,expected growth 8.4% below threshold,2026-10-01,114.52999877929688,2026-08-24,-0.14109836902954742,True,19,True,8,True,5.0,False,0.0
SCI,distance -4.24% outside band,2026-10-01,90.98999786376953,2026-07-30,-0.1592482493016869,True,25,True,14,True,11.0,True,11.0
SEIC,distance +14.29% outside band,2026-10-01,112.1500015258789,2026-08-28,-0.07382968048722005,True,18,True,4,False,0.0,False,0.0
SF,distance -9.85% outside band,2026-10-01,89.82666778564453,2026-01-05,-0.21693637232826457,True,19,True,16,True,13.0,True,14.0
SFM,distance -17.29% outside band,2026-10-01,94.88999938964844,2026-05-19,-0.32047630127851257,True,25,True,22,True,22.0,True,18.0
SGI,distance -18.06% outside band,2026-10-01,98.55999755859375,2026-02-12,-0.36333196474872853,True,13,True,17,True,54.0,True,114.0
SHC,distance +6.71% outside band,2026-10-01,19.850000381469727,2026-01-09,-0.08715362765691981,True,11,True,2,False,0.0,False,0.0
SHW,distance -3.75% outside band,2026-10-01,377.7699890136719,2026-02-13,-0.15085896680986077,True,2,True,23,True,2.0,True,22.0
SIGI,distance -2.35% outside band,2026-10-01,100.4000015258789,2026-07-06,-0.15438246777321762,True,19,True,37,True,18.0,True,7.0
SIRI,growth -2.4% below threshold,2026-10-01,32.65999984741211,2026-07-29,-0.21494183988246152,True,12,True,19,True,12.0,False,0.0
SITM,distance +28.79% outside band,2026-10-01,901.8099975585938,2026-05-11,-0.24721393979325568,False,0,False,0,False,0.0,False,0.0
SJM,distance +6.81% outside band,2026-10-01,135.88999938964844,2026-08-27,-0.14673634948095526,True,18,True,6,False,0.0,False,0.0
SLAB,distance +10.06% outside band,2026-10-01,222.9199981689453,2026-10-01,-0.0018392412770371624,False,0,False,0,False,0.0,False,0.0
SLB,distance -3.53% outside band,2026-10-01,60.459999084472656,2026-08-31,-0.19517035090546375,True,14,True,11,True,12.0,True,3.0
SLGN,distance -16.73% outside band,2026-10-01,49.54999923706055,2026-02-06,-0.2982845410064565,True,23,True,40,True,19.0,True,23.0
SLM,distance -6.47% outside band,2026-10-01,29.329999923706055,2026-01-23,-0.22911692229235348,True,18,True,12,True,8.0,True,8.0
SMCI,distance +31.24% outside band,2026-10-01,51.400001525878906,2026-06-02,-0.18443585750013247,False,0,False,0,False,0.0,False,0.0
SMG,distance -19.84% outside band,2026-10-01,75.33999633789062,2026-07-17,-0.3360764150633866,True,42,True,40,True,40.0,True,26.0
SMTC,distance +60.46% outside band,2026-10-01,190.63999938964844,2026-09-21,-0.021244246038209513,False,0,False,0,False,0.0,False,0.0
SN,distance +33.57% outside band,2026-10-01,194.5399932861328,2026-08-28,-0.07587126049257487,False,0,False,0,False,0.0,False,0.0
SNA,distance -3.05% outside band,2026-10-01,423.0199890136719,2026-08-06,-0.13072665412787732,True,36,True,33,True,23.0,True,13.0
SNDK,distance +57.05% outside band,2026-10-01,2354.389892578125,2026-06-22,-0.24069927965555538,False,0,False,0,False,0.0,False,0.0
SNPS,distance +10.30% outside band,2026-10-01,539.47998046875,2026-05-26,-0.09071693796923574,False,0,False,0,False,0.0,False,0.0
SNX,distance +26.45% outside band,2026-10-01,298.7699890136719,2026-09-23,-0.09040392355743232,False,0,False,0,False,0.0,False,0.0
SO,distance -9.45% outside band,2026-10-01,99.58000183105469,2026-03-17,-0.16177947694441142,True,45,True,43,True,45.0,True,33.0
SOLS,distance -17.54% outside band,2026-10-01,90.80000305175781,2026-05-13,-0.37246698648504895,True,14,True,14,True,63.0,True,40.0
SOLV,distance +12.65% outside band,2026-10-01,94.16000366210938,2026-09-01,-0.06786328345922055,True,16,True,1,False,0.0,False,0.0
SON,distance -6.61% outside band,2026-10-01,60.66999816894531,2026-07-28,-0.2005933498638982,True,26,True,23,True,20.0,True,18.0
SPG,growth 0.7% below threshold,2026-10-01,238.5,2026-07-29,-0.15802936034132598,True,42,True,30,True,23.0,True,2.0
SPGI,distance -8.57% outside band,2026-10-01,522.46923828125,2026-01-15,-0.25706630128306374,True,18,True,17,True,13.0,True,18.0
SPXC,distance -19.82% outside band,2026-10-01,251.0800018310547,2026-06-25,-0.3240799526994559,True,32,True,62,True,32.0,True,32.0
SR,distance -9.76% outside band,2026-10-01,95.30999755859375,2026-04-09,-0.19798547477232686,True,17,True,16,True,17.0,True,88.0
SRE,distance -13.37% outside band,2026-10-01,101.04000091552734,2026-04-09,-0.22753362683547385,True,16,True,48,True,49.0,True,48.0
SSB,growth 1.9% below threshold,2026-10-01,112.19999694824219,2026-08-17,-0.10329765287994697,True,18,True,12,True,3.0,False,0.0
SSD,distance -6.47% outside band,2026-10-01,213.49000549316406,2026-06-25,-0.19157809781677604,True,4,True,32,True,30.0,True,25.0
ST,distance +2.98% outside band,2026-10-01,53.88999938964844,2026-06-03,-0.21413993405507492,False,0,True,41,True,32.0,False,0.0
STAG,distance -6.01% outside band,2026-10-01,42.61000061035156,2026-07-17,-0.16169911501889533,True,7,True,45,True,42.0,True,42.0
STE,distance -8.35% outside band,2026-10-01,269.44000244140625,2026-01-16,-0.2230552462846911,True,25,True,19,True,18.0,True,23.0
STLD,distance +4.44% outside band,2026-10-01,288.739990234375,2026-06-15,-0.21670012530872707,True,10,True,10,True,10.0,False,0.0
STRL,distance -6.12% outside band,2026-10-01,1005.6799926757812,2026-06-04,-0.4977328784544768,False,0,True,64,True,48.0,True,29.0
STT,distance +12.88% outside band,2026-10-01,195.92999267578125,2026-08-27,-0.10876332544888556,True,14,True,13,True,2.0,False,0.0
STWD,distance -23.17% outside band,2026-10-01,18.59000015258789,2026-01-09,-0.2910166650353142,True,28,True,36,True,101.0,True,116.0
STX,distance +45.95% outside band,2026-10-01,1145.0,2026-06-18,-0.1741746660923854,False,0,False,0,False,0.0,False,0.0
STZ,distance -21.21% outside band,2026-10-01,168.60000610351562,2026-04-13,-0.3298339633843378,True,25,True,27,True,106.0,True,67.0
SUI,distance -11.58% outside band,2026-10-01,137.85000610351562,2026-03-02,-0.2020312286573439,True,23,True,21,True,25.0,True,26.0
SWK,distance +7.00% outside band,2026-10-01,104.68000030517578,2026-08-11,-0.1441536484838838,True,28,True,18,False,0.0,False,0.0
SWKS,distance +26.59% outside band,2026-10-01,92.80000305175781,2026-09-23,-0.10387930035165915,True,1,False,0,False,0.0,False,0.0
SWX,distance -6.64% outside band,2026-10-01,94.47000122070312,2026-07-17,-0.13454005419963155,True,30,True,29,True,25.0,True,16.0
SYF,distance -4.30% outside band,2026-10-01,88.7699966430664,2026-01-09,-0.19443500236049716,True,18,True,16,True,12.0,True,12.0
SYK,distance -17.44% outside band,2026-10-01,389.3299865722656,2026-03-02,-0.298898104771561,True,30,True,23,True,22.0,True,35.0
SYNA,distance +7.68% outside band,2026-10-01,149.11000061035156,2026-05-27,-0.28810944208050837,False,0,False,0,True,44.0,False,0.0
SYY,distance -2.59% outside band,2026-10-01,91.8499984741211,2026-02-17,-0.1532934356555461,True,13,True,13,True,13.0,True,12.0
T,distance -3.39% outside band,2026-10-01,29.440000534057617,2026-03-24,-0.1745924321927531,True,11,True,3,False,0.0,True,4.0
TCBI,distance -5.55% outside band,2026-10-01,108.91999816894531,2026-02-04,-0.14432612454069182,True,13,True,41,True,32.0,True,14.0
TDG,distance -12.11% outside band,2026-10-01,1463.030029296875,2026-01-16,-0.25002223586504024,True,33,True,41,True,32.0,True,42.0
TECH,distance +16.83% outside band,2026-10-01,72.69000244140625,2026-09-22,-0.003989557102589303,False,0,False,0,False,0.0,False,0.0
TEL,growth -12.5% below threshold,2026-10-01,252.55999755859375,2026-04-21,-0.13778905364331984,False,0,False,0,False,0.0,False,0.0
TER,distance +24.57% outside band,2026-10-01,487.9100036621094,2026-06-30,-0.14781413493446738,False,0,False,0,False,0.0,False,0.0
TEX,distance -11.61% outside band,2026-10-01,74.69000244140625,2026-06-25,-0.2644263377845113,True,27,True,32,True,24.0,True,16.0
TFC,distance -7.10% outside band,2026-10-01,56.20000076293945,2026-02-06,-0.17651248841591172,True,18,True,18,True,12.0,True,12.0
TGT,distance +21.93% outside band,2026-10-01,170.75,2026-08-24,-0.08228405886827417,True,17,False,0,False,0.0,False,0.0
THC,distance +19.14% outside band,2026-10-01,283.04998779296875,2026-08-24,-0.10273798914111099,True,16,True,3,False,0.0,False,0.0
THG,distance +11.19% outside band,2026-10-01,236.07000732421875,2026-08-03,-0.08103530431351802,True,10,True,9,False,0.0,False,0.0
THO,distance -19.43% outside band,2026-10-01,122.83000183105469,2026-02-12,-0.43784090187727953,True,7,True,18,True,18.0,True,116.0
TJX,distance -12.50% outside band,2026-10-01,170.0,2026-06-11,-0.21417649213005518,False,0,True,37,True,37.0,True,36.0
TKO,distance -10.54% outside band,2026-10-01,226.94000244140625,2026-02-26,-0.2242883960857246,True,6,True,6,True,11.0,True,30.0
TKR,distance +3.98% outside band,2026-10-01,146.3699951171875,2026-06-30,-0.18706017740519054,False,0,True,42,True,30.0,False,0.0
TLN,distance -8.22% outside band,2026-10-01,449.84100341796875,2026-06-18,-0.2817684606716647,False,0,False,0,True,33.0,True,35.0
TMO,distance +20.34% outside band,2026-10-01,683.6300048828125,2026-09-30,-0.04552169286736041,False,0,False,0,False,0.0,False,0.0
TMUS,distance -15.50% outside band,2026-10-01,224.75,2026-02-24,-0.28040046394865825,True,13,True,13,True,19.0,True,116.0
TNL,distance -11.54% outside band,2026-10-01,81.0,2026-02-18,-0.22271606068552274,True,38,True,33,True,25.0,True,24.0
TOL,distance -5.56% outside band,2026-10-01,168.36000061035156,2026-02-13,-0.19006889928718906,False,0,True,36,True,23.0,True,23.0
TPL,distance -15.19% outside band,2026-10-01,547.2000122070312,2026-02-23,-0.3851242983383202,True,8,True,42,True,50.0,True,41.0
TPR,distance -14.00% outside band,2026-10-01,164.8000030517578,2026-08-10,-0.27645633704071904,False,0,True,35,True,35.0,True,35.0
TREX,distance +3.46% outside band,2026-10-01,50.959999084472656,2026-08-13,-0.1463893096251192,True,2,True,26,True,4.0,False,0.0
TRGP,distance +12.76% outside band,2026-10-01,307.94000244140625,2026-08-21,-0.09297267213037752,True,9,True,5,False,0.0,False,0.0
TRMB,distance -8.37% outside band,2026-10-01,81.94999694824219,2026-01-07,-0.2979865659344496,True,6,True,4,False,0.0,True,116.0
TROW,expected growth -7.3% below threshold,2026-10-01,122.0,2026-07-28,-0.13254096859791242,False,0,True,36,True,17.0,False,0.0
TRU,distance -17.68% outside band,2026-10-01,89.12000274658203,2026-01-09,-0.3022890665523399,True,19,True,18,True,12.0,True,12.0
TRV,distance +13.09% outside band,2026-10-01,398.70001220703125,2026-07-28,-0.0929520853371576,True,9,True,8,False,0.0,False,0.0
TSCO,distance -20.71% outside band,2026-10-01,56.279998779296875,2026-01-26,-0.43621179405731425,True,17,True,13,True,3.0,True,116.0
TSLA,distance -10.06% outside band,2026-10-01,458.3399963378906,2026-01-02,-0.22740762713077567,True,4,False,0,True,6.0,True,62.0
TSN,distance -15.95% outside band,2026-10-01,69.4800033569336,2026-05-05,-0.2736039323223983,True,30,True,28,True,88.0,True,44.0
TT,distance +2.59% outside band,2026-10-01,505.8699951171875,2026-06-25,-0.09277085640335259,False,0,False,0,True,32.0,False,0.0
TTC,distance +4.75% outside band,2026-10-01,105.19000244140625,2026-03-05,-0.07034890535344285,False,0,False,0,False,0.0,False,0.0
TTEK,distance +2.06% outside band,2026-10-01,43.13999938964844,2026-02-11,-0.2183587923556083,True,11,True,6,False,0.0,False,0.0
TTWO,distance -9.41% outside band,2026-10-01,265.94000244140625,2026-07-07,-0.23433859799993617,True,31,True,29,True,23.0,True,23.0
TWLO,distance +71.85% outside band,2026-10-01,305.95001220703125,2026-10-01,-0.015296692291656089,False,0,False,0,False,0.0,False,0.0
TXN,distance +13.33% outside band,2026-10-01,334.0299987792969,2026-06-22,-0.15783013924907008,False,0,False,0,True,32.0,False,0.0
TXNM,only 2 analysts,2026-10-01,59.529998779296875,2026-05-27,-0.01679825332614948,False,0,False,0,False,0.0,False,0.0
TXRH,distance -12.77% outside band,2026-10-01,216.3000030517578,2026-08-13,-0.27554325132974733,True,33,True,23,True,18.0,True,13.0
TXT,distance -13.93% outside band,2026-10-01,101.56999969482422,2026-02-18,-0.24022842964645863,True,47,True,47,True,47.0,True,46.0
TYL,distance -4.60% outside band,2026-10-01,460.67999267578125,2026-01-08,-0.2832768995284839,True,13,True,9,False,0.0,True,13.0
UAL,distance +2.46% outside band,2026-10-01,138.77000427246094,2026-06-30,-0.19449452087766683,False,0,True,33,True,7.0,False,0.0
UBER,distance -9.25% outside band,2026-10-01,88.23999786376953,2026-01-08,-0.23073437333696012,True,23,True,18,True,18.0,True,23.0
UBSI,distance +5.39% outside band,2026-10-01,49.619998931884766,2026-08-04,-0.06489313735024604,True,12,True,12,False,0.0,False,0.0
UDR,distance -8.99% outside band,2026-10-01,42.0,2026-07-07,-0.19809523082914804,True,26,True,45,True,25.0,True,23.0
UFPI,distance -15.48% outside band,2026-10-01,118.0,2026-02-12,-0.34677964549953655,True,7,True,26,True,26.0,True,36.0
UGI,non-positive profit,2026-10-01,41.34000015258789,2026-01-29,-0.12046442970137672,True,10,True,8,False,0.0,True,7.0
UHS,distance -3.30% outside band,2026-10-01,243.86000061035156,2026-02-12,-0.2820880550888212,True,2,False,0,False,0.0,True,116.0
ULS,distance -20.34% outside band,2026-10-01,107.54000091552734,2026-05-06,-0.3816254469605618,True,42,True,63,True,44.0,True,42.0
ULTA,distance -3.27% outside band,2026-10-01,714.969970703125,2026-02-18,-0.24789850972352223,True,2,False,0,False,0.0,True,8.0
UMBF,growth 6.3% below threshold,2026-10-01,153.32000732421875,2026-08-17,-0.15346995117426587,True,31,True,24,True,13.0,True,1.0
UNH,distance +2.53% outside band,2026-10-01,461.6199951171875,2026-07-16,-0.20887306427374086,True,17,True,40,True,17.0,False,0.0
UNM,distance +6.61% outside band,2026-10-01,96.7699966430664,2026-09-04,-0.08980050752780877,True,6,True,4,True,3.0,False,0.0
UNP,distance +2.96% outside band,2026-10-01,315.989990234375,2026-07-23,-0.13788404111891028,True,22,True,22,True,10.0,False,0.0
UPS,distance -10.61% outside band,2026-10-01,122.41000366210938,2026-02-12,-0.2329875289538038,True,23,True,41,True,34.0,True,23.0
URI,distance +9.26% outside band,2026-10-01,1179.1800537109375,2026-08-07,-0.12302622309700062,False,0,True,28,True,22.0,False,0.0
USB,expected growth -2.8% below threshold,2026-10-01,66.08000183105469,2026-08-17,-0.13196127389641066,True,14,True,18,True,8.0,True,1.0
USFD,distance +2.01% outside band,2026-10-01,111.41999816894531,2026-08-12,-0.15697359676177325,True,24,True,18,True,15.0,False,0.0
UTHR,distance +8.81% outside band,2026-10-01,609.3499755859375,2026-05-06,-0.062312254409485957,False,0,False,0,False,0.0,False,0.0
V,distance +6.65% outside band,2026-10-01,385.57000732421875,2026-08-26,-0.06670643652807684,True,12,True,5,False,0.0,False,0.0
VAL,distance -3.10% outside band,2026-10-01,114.12000274658203,2026-05-18,-0.30283915489148006,True,12,True,7,True,12.0,True,5.0
VC,distance -13.06% outside band,2026-10-01,126.94999694824219,2026-06-22,-0.303977922532947,True,28,True,33,True,32.0,True,18.0
VEEV,distance +40.29% outside band,2026-10-01,296.239990234375,2026-08-27,-0.048305421382414226,False,0,False,0,False,0.0,False,0.0
VFC,distance -16.30% outside band,2026-10-01,22.270000457763672,2026-04-21,-0.35294119662271684,False,0,False,0,True,46.0,True,46.0
VIAV,distance +22.22% outside band,2026-10-01,60.43000030517578,2026-04-30,-0.2589773530836553,False,0,False,0,False,0.0,False,0.0
VICI,distance -17.22% outside band,2026-10-01,30.485000610351562,2026-02-27,-0.2543874335853523,True,27,True,27,True,76.0,True,116.0
VICR,distance +43.29% outside band,2026-10-01,382.6499938964844,2026-06-30,-0.19354501173369598,False,0,False,0,False,0.0,False,0.0
VLO,distance +57.65% outside band,2026-10-01,419.0400085449219,2026-09-21,-0.025248226599130508,False,0,False,0,False,0.0,False,0.0
VLTO,growth -5.1% below threshold,2026-10-01,103.41500091552734,2026-01-16,-0.08523910809232238,True,2,True,2,False,0.0,False,0.0
VLY,distance -4.91% outside band,2026-10-01,15.199999809265137,2026-07-16,-0.16644735294200685,True,31,True,31,True,25.0,True,8.0
VMC,distance -14.19% outside band,2026-10-01,331.0899963378906,2026-02-10,-0.26310067224577904,True,33,True,46,True,36.0,True,54.0
VMI,expected growth -6.5% below threshold,2026-10-01,585.7100219726562,2026-06-25,-0.20049174299230543,True,14,True,54,True,32.0,True,9.0
VMRK,distance -6.08% outside band,2026-10-01,71.5,2026-07-07,-0.1584615640706949,True,13,True,26,True,25.0,True,12.0
VNO,non-positive profit,2026-10-01,41.599998474121094,2026-08-04,-0.1932691681667169,True,26,True,26,True,18.0,False,0.0
VNOM,distance -6.95% outside band,2026-10-01,51.130001068115234,2026-05-05,-0.2041854532234042,True,12,True,12,True,12.0,True,12.0
VNT,distance -7.41% outside band,2026-10-01,48.20000076293945,2026-02-12,-0.3425311196587413,True,18,True,12,False,0.0,True,39.0
VOYA,distance +13.34% outside band,2026-10-01,105.63999938964844,2026-09-03,-0.09712232294120815,True,12,True,8,False,0.0,False,0.0
VRSK,distance -11.52% outside band,2026-10-01,226.38999938964844,2026-01-09,-0.25623920960833935,True,13,True,19,True,13.0,True,44.0
VRSN,distance +8.00% outside band,2026-10-01,312.4800109863281,2026-05-22,-0.08186129093218364,True,7,True,5,False,0.0,False,0.0
VRT,distance -6.83% outside band,2026-10-01,379.93499755859375,2026-05-14,-0.35220499112027515,True,17,True,17,True,49.0,True,16.0
VRTX,distance +7.05% outside band,2026-10-01,560.25,2026-09-03,-0.09551095005020083,True,2,True,1,False,0.0,False,0.0
VST,distance -9.87% outside band,2026-10-01,182.55999755859375,2026-01-15,-0.23449823691443472,True,10,True,16,True,42.0,True,49.0
VTR,distance -2.51% outside band,2026-10-01,101.5999984741211,2026-07-28,-0.17588578135401478,True,19,True,24,True,14.0,True,2.0
VTRS,distance +14.21% outside band,2026-10-01,18.43000030517578,2026-09-29,-0.05263164431042988,False,0,False,0,False,0.0,False,0.0
VVV,distance -10.13% outside band,2026-10-01,41.08000183105469,2026-07-17,-0.2507302990581376,False,0,True,41,True,40.0,True,38.0
VZ,growth -24.0% below threshold,2026-10-01,51.68000030517578,2026-03-24,-0.11029413175852076,True,12,True,9,True,4.0,True,3.0
WAB,distance +10.23% outside band,2026-10-01,306.6400146484375,2026-07-29,-0.06130973588721311,False,0,True,2,False,0.0,False,0.0
WAL,distance -6.69% outside band,2026-10-01,97.2300033569336,2026-02-10,-0.2214337721418589,True,10,True,32,True,18.0,True,32.0
WAT,distance +17.11% outside band,2026-10-01,448.2099914550781,2026-09-30,-0.05060126527334308,False,0,False,0,False,0.0,False,0.0
WBD,distance +11.85% outside band,2026-10-01,30.969999313354492,2026-09-30,-0.0006457394529684191,False,0,False,0,False,0.0,False,0.0
WCC,distance +16.76% outside band,2026-10-01,385.3699951171875,2026-08-06,-0.036562255796811494,False,0,False,0,False,0.0,False,0.0
WDAY,distance +18.65% outside band,2026-10-01,227.49000549316406,2026-08-13,-0.17908481475854676,True,10,False,0,False,0.0,False,0.0
WDC,distance +15.99% outside band,2026-10-01,799.8699951171875,2026-06-18,-0.4217060267514786,False,0,True,49,True,31.0,False,0.0
WEC,distance -8.59% outside band,2026-10-01,119.91000366210938,2026-07-07,-0.1516137081973964,True,31,True,47,True,48.0,True,46.0
WELL,distance +6.10% outside band,2026-10-01,255.1999969482422,2026-07-28,-0.1107366569152719,True,17,True,19,True,1.0,False,0.0
WEX,distance +4.38% outside band,2026-10-01,203.99000549316406,2026-08-24,-0.17319476876154427,True,11,True,8,False,0.0,False,0.0
WFC,distance -5.38% outside band,2026-10-01,97.76000213623047,2026-01-05,-0.1791121292308273,True,12,True,12,True,8.0,True,8.0
WFRD,distance -15.78% outside band,2026-10-01,113.1500015258789,2026-05-18,-0.30676092458146387,True,16,True,14,True,18.0,True,16.0
WH,distance -8.70% outside band,2026-10-01,90.3499984741211,2026-04-21,-0.20874378449218922,False,0,True,63,True,62.0,True,54.0
WHR,distance -43.16% outside band,2026-10-01,94.81999969482422,2026-02-12,-0.678548833154024,True,33,True,22,True,153.0,True,116.0
WING,distance -41.13% outside band,2026-10-01,302.79998779296875,2026-02-18,-0.6553500501403426,True,2,True,57,True,149.0,True,116.0
WLK,distance -29.26% outside band,2026-10-01,124.2300033569336,2026-04-07,-0.49714240092857154,True,28,True,20,True,102.0,True,76.0
WM,distance -10.23% outside band,2026-10-01,248.1300048828125,2026-03-06,-0.1863136665320333,True,45,True,36,True,27.0,True,27.0
WMB,distance -2.66% outside band,2026-10-01,80.08000183105469,2026-05-20,-0.1356143901352922,True,16,True,16,True,16.0,True,6.0
WMG,distance -5.41% outside band,2026-10-01,35.41999816894531,2026-05-22,-0.2363071531500871,True,11,True,1,True,12.0,True,12.0
WMS,distance -12.95% outside band,2026-10-01,179.31500244140625,2026-02-11,-0.29252991170214615,True,3,True,30,True,30.0,True,32.0
WMT,distance -11.93% outside band,2026-10-01,135.16000366210938,2026-05-19,-0.22861793939519837,True,3,True,6,True,92.0,True,69.0
WPC,distance -10.12% outside band,2026-10-01,77.22000122070312,2026-07-28,-0.17340066275547406,True,44,True,44,True,42.0,True,25.0
WRB,growth -12.2% below threshold,2026-10-01,77.44999694824219,2026-07-28,-0.11039374769862187,True,9,True,12,True,9.0,False,0.0
WSM,distance +11.88% outside band,2026-10-01,254.88999938964844,2026-08-11,-0.08435011201492104,False,0,False,0,False,0.0,False,0.0
WSO,distance -19.04% outside band,2026-10-01,459.0,2026-04-28,-0.34389979543249594,True,4,True,56,True,62.0,True,54.0
WST,distance +20.92% outside band,2026-10-01,386.0,2026-07-23,-0.054378213042422296,False,0,False,0,False,0.0,False,0.0
WTFC,distance -4.24% outside band,2026-10-01,167.22000122070312,2026-07-16,-0.1415500418380261,True,32,True,32,True,31.0,True,12.0
WTRG,growth -52.9% below threshold,2026-10-01,42.5099983215332,2026-09-10,-0.09033169381808137,True,10,True,8,True,1.0,True,1.0
WTS,distance +11.15% outside band,2026-10-01,394.5400085449219,2026-06-30,-0.08883767818582622,False,0,True,18,False,0.0,False,0.0
WTW,distance -2.47% outside band,2026-10-01,351.510009765625,2026-08-25,-0.17043612414353537,True,19,True,12,True,4.0,True,7.0
WWD,distance -7.50% outside band,2026-10-01,450.9200134277344,2026-06-25,-0.2544353933510096,False,0,True,46,True,45.0,True,30.0
WY,distance -23.12% outside band,2026-10-01,27.75,2026-02-12,-0.3300900845914274,True,34,True,26,True,26.0,True,26.0
WYNN,distance -25.22% outside band,2026-10-01,123.54000091552734,2026-01-05,-0.3742917073101444,True,31,True,28,True,32.0,True,116.0
XEL,distance -9.66% outside band,2026-10-01,84.2300033569336,2026-02-26,-0.16241243927303817,True,29,True,30,True,46.0,True,30.0
XOM,distance +10.05% outside band,2026-10-01,176.41000366210938,2026-03-30,-0.07136781404984915,False,0,False,0,False,0.0,False,0.0
XPO,distance -6.59% outside band,2026-10-01,232.0500030517578,2026-06-12,-0.2254686775959619,False,0,True,32,True,32.0,True,17.0
XRAY,distance -24.80% outside band,2026-10-01,14.760000228881836,2026-02-27,-0.40785910327995467,True,18,True,38,True,33.0,True,38.0
XYL,distance -16.75% outside band,2026-10-01,146.5500030517578,2026-01-16,-0.3116342875967757,True,6,True,32,True,32.0,True,116.0
XYZ,distance +5.65% outside band,2026-10-01,86.91999816894531,2026-08-27,-0.14818220806198457,True,18,True,18,True,7.0,False,0.0
YETI,distance -6.85% outside band,2026-10-01,53.9900016784668,2026-08-05,-0.2337470337885793,True,2,True,35,True,34.0,True,30.0
YUM,distance -11.28% outside band,2026-10-01,170.13999938964844,2026-07-07,-0.1966027804645527,True,18,True,22,True,25.0,True,26.0
ZBH,distance -3.61% outside band,2026-10-01,102.86000061035156,2026-09-01,-0.14388492090158878,True,20,True,11,True,3.0,True,3.0
ZBRA,distance +40.82% outside band,2026-10-01,386.2300109863281,2026-08-12,-0.027910826379772047,False,0,False,0,False,0.0,False,0.0
ZION,expected growth -46.2% below threshold,2026-10-01,73.33999633789062,2026-07-16,-0.14575941295062222,True,13,True,31,True,12.0,True,4.0
ZTS,distance -29.92% outside band,2026-10-01,132.49000549316406,2026-02-12,-0.47845123700529724,True,19,True,18,True,148.0,True,116.0
